<?xml version="1.0" encoding="utf-8" ?>
<kml xmlns="http://www.opengis.net/kml/2.2">
<Document id="root_doc">
<Schema name="censo_infona_2022" id="censo_infona_2022">
	<SimpleField name="Nº" type="float"></SimpleField>
	<SimpleField name="Nombre_Com" type="string"></SimpleField>
	<SimpleField name="X" type="float"></SimpleField>
	<SimpleField name="Y" type="float"></SimpleField>
</Schema>
<Folder><name>censo_infona_2022</name>
  <Placemark id="censo_infona_2022.1">
	<ExtendedData><SchemaData schemaUrl="#censo_infona_2022">
		<SimpleData name="Nº">1</SimpleData>
		<SimpleData name="Nombre_Com">Yvyra pyta</SimpleData>
		<SimpleData name="X">437769</SimpleData>
		<SimpleData name="Y">7203805</SimpleData>
	</SchemaData></ExtendedData>
      <Point><coordinates>-57.6181048496279,-25.2808968524115</coordinates></Point>
  </Placemark>
  <Placemark id="censo_infona_2022.2">
	<ExtendedData><SchemaData schemaUrl="#censo_infona_2022">
		<SimpleData name="Nº">2</SimpleData>
		<SimpleData name="Nombre_Com">Tajy hu</SimpleData>
		<SimpleData name="X">437772</SimpleData>
		<SimpleData name="Y">7203797</SimpleData>
	</SchemaData></ExtendedData>
      <Point><coordinates>-57.6180754197751,-25.2809692189986</coordinates></Point>
  </Placemark>
  <Placemark id="censo_infona_2022.3">
	<ExtendedData><SchemaData schemaUrl="#censo_infona_2022">
		<SimpleData name="Nº">3</SimpleData>
		<SimpleData name="Nombre_Com">Mango</SimpleData>
		<SimpleData name="X">437784</SimpleData>
		<SimpleData name="Y">7203801</SimpleData>
	</SchemaData></ExtendedData>
      <Point><coordinates>-57.6179560530762,-25.2809335972929</coordinates></Point>
  </Placemark>
  <Placemark id="censo_infona_2022.4">
	<ExtendedData><SchemaData schemaUrl="#censo_infona_2022">
		<SimpleData name="Nº">4</SimpleData>
		<SimpleData name="Nombre_Com">Mango</SimpleData>
		<SimpleData name="X">437789</SimpleData>
		<SimpleData name="Y">7203793</SimpleData>
	</SchemaData></ExtendedData>
      <Point><coordinates>-57.6179067591687,-25.2810060470358</coordinates></Point>
  </Placemark>
  <Placemark id="censo_infona_2022.5">
	<ExtendedData><SchemaData schemaUrl="#censo_infona_2022">
		<SimpleData name="Nº">5</SimpleData>
		<SimpleData name="Nombre_Com">Mango</SimpleData>
		<SimpleData name="X">437784</SimpleData>
		<SimpleData name="Y">7203792</SimpleData>
	</SchemaData></ExtendedData>
      <Point><coordinates>-57.6179564648103,-25.281014869293</coordinates></Point>
  </Placemark>
  <Placemark id="censo_infona_2022.6">
	<ExtendedData><SchemaData schemaUrl="#censo_infona_2022">
		<SimpleData name="Nº">6</SimpleData>
		<SimpleData name="Nombre_Com">Tajy hu</SimpleData>
		<SimpleData name="X">437789</SimpleData>
		<SimpleData name="Y">7203779</SimpleData>
	</SchemaData></ExtendedData>
      <Point><coordinates>-57.6179073995958,-25.2811324701465</coordinates></Point>
  </Placemark>
  <Placemark id="censo_infona_2022.7">
	<ExtendedData><SchemaData schemaUrl="#censo_infona_2022">
		<SimpleData name="Nº">7</SimpleData>
		<SimpleData name="Nombre_Com">Pindó</SimpleData>
		<SimpleData name="X">437786</SimpleData>
		<SimpleData name="Y">7203783</SimpleData>
	</SchemaData></ExtendedData>
      <Point><coordinates>-57.6179370125742,-25.2810962244804</coordinates></Point>
  </Placemark>
  <Placemark id="censo_infona_2022.8">
	<ExtendedData><SchemaData schemaUrl="#censo_infona_2022">
		<SimpleData name="Nº">8</SimpleData>
		<SimpleData name="Nombre_Com">Ficus</SimpleData>
		<SimpleData name="X">437780</SimpleData>
		<SimpleData name="Y">7203776</SimpleData>
	</SchemaData></ExtendedData>
      <Point><coordinates>-57.6179969247506,-25.2811591864611</coordinates></Point>
  </Placemark>
  <Placemark id="censo_infona_2022.9">
	<ExtendedData><SchemaData schemaUrl="#censo_infona_2022">
		<SimpleData name="Nº">9</SimpleData>
		<SimpleData name="Nombre_Com">Leucaena</SimpleData>
		<SimpleData name="X">437777</SimpleData>
		<SimpleData name="Y">7203775</SimpleData>
	</SchemaData></ExtendedData>
      <Point><coordinates>-57.6180267664773,-25.2811680918871</coordinates></Point>
  </Placemark>
  <Placemark id="censo_infona_2022.10">
	<ExtendedData><SchemaData schemaUrl="#censo_infona_2022">
		<SimpleData name="Nº">10</SimpleData>
		<SimpleData name="Nombre_Com">Jambolana</SimpleData>
		<SimpleData name="X">437765</SimpleData>
		<SimpleData name="Y">7203779</SimpleData>
	</SchemaData></ExtendedData>
      <Point><coordinates>-57.6181457673252,-25.2811314717563</coordinates></Point>
  </Placemark>
  <Placemark id="censo_infona_2022.11">
	<ExtendedData><SchemaData schemaUrl="#censo_infona_2022">
		<SimpleData name="Nº">11</SimpleData>
		<SimpleData name="Nombre_Com">Tajy hu</SimpleData>
		<SimpleData name="X">437777</SimpleData>
		<SimpleData name="Y">7203779</SimpleData>
	</SchemaData></ExtendedData>
      <Point><coordinates>-57.6180265834621,-25.2811319709995</coordinates></Point>
  </Placemark>
  <Placemark id="censo_infona_2022.12">
	<ExtendedData><SchemaData schemaUrl="#censo_infona_2022">
		<SimpleData name="Nº">12</SimpleData>
		<SimpleData name="Nombre_Com">Samu'u</SimpleData>
		<SimpleData name="X">437760</SimpleData>
		<SimpleData name="Y">7203776</SimpleData>
	</SchemaData></ExtendedData>
      <Point><coordinates>-57.6181955645662,-25.2811583543748</coordinates></Point>
  </Placemark>
  <Placemark id="censo_infona_2022.13">
	<ExtendedData><SchemaData schemaUrl="#censo_infona_2022">
		<SimpleData name="Nº">13</SimpleData>
		<SimpleData name="Nombre_Com">Samu'u</SimpleData>
		<SimpleData name="X">437764</SimpleData>
		<SimpleData name="Y">7203773</SimpleData>
	</SchemaData></ExtendedData>
      <Point><coordinates>-57.618155973894,-25.2811856114783</coordinates></Point>
  </Placemark>
  <Placemark id="censo_infona_2022.14">
	<ExtendedData><SchemaData schemaUrl="#censo_infona_2022">
		<SimpleData name="Nº">14</SimpleData>
		<SimpleData name="Nombre_Com">Leucaena</SimpleData>
		<SimpleData name="X">437769</SimpleData>
		<SimpleData name="Y">7203766</SimpleData>
	</SchemaData></ExtendedData>
      <Point><coordinates>-57.6181066342484,-25.2812490310636</coordinates></Point>
  </Placemark>
  <Placemark id="censo_infona_2022.15">
	<ExtendedData><SchemaData schemaUrl="#censo_infona_2022">
		<SimpleData name="Nº">15</SimpleData>
		<SimpleData name="Nombre_Com">Leucaena</SimpleData>
		<SimpleData name="X">437755</SimpleData>
		<SimpleData name="Y">7203759</SimpleData>
	</SchemaData></ExtendedData>
      <Point><coordinates>-57.6182460026119,-25.2813116600754</coordinates></Point>
  </Placemark>
  <Placemark id="censo_infona_2022.16">
	<ExtendedData><SchemaData schemaUrl="#censo_infona_2022">
		<SimpleData name="Nº">16</SimpleData>
		<SimpleData name="Nombre_Com">Yvyra ju</SimpleData>
		<SimpleData name="X">437753</SimpleData>
		<SimpleData name="Y">7203769</SimpleData>
	</SchemaData></ExtendedData>
      <Point><coordinates>-57.6182654089004,-25.2812212746314</coordinates></Point>
  </Placemark>
  <Placemark id="censo_infona_2022.17">
	<ExtendedData><SchemaData schemaUrl="#censo_infona_2022">
		<SimpleData name="Nº">17</SimpleData>
		<SimpleData name="Nombre_Com">Jambolana</SimpleData>
		<SimpleData name="X">437752</SimpleData>
		<SimpleData name="Y">7203755</SimpleData>
	</SchemaData></ExtendedData>
      <Point><coordinates>-57.6182759817112,-25.2813476561135</coordinates></Point>
  </Placemark>
  <Placemark id="censo_infona_2022.18">
	<ExtendedData><SchemaData schemaUrl="#censo_infona_2022">
		<SimpleData name="Nº">18</SimpleData>
		<SimpleData name="Nombre_Com">Jambolana</SimpleData>
		<SimpleData name="X">437749</SimpleData>
		<SimpleData name="Y">7203755</SimpleData>
	</SchemaData></ExtendedData>
      <Point><coordinates>-57.6183057777286,-25.2813475312603</coordinates></Point>
  </Placemark>
  <Placemark id="censo_infona_2022.19">
	<ExtendedData><SchemaData schemaUrl="#censo_infona_2022">
		<SimpleData name="Nº">19</SimpleData>
		<SimpleData name="Nombre_Com">Yvyra pyta</SimpleData>
		<SimpleData name="X">437737</SimpleData>
		<SimpleData name="Y">7203756</SimpleData>
	</SchemaData></ExtendedData>
      <Point><coordinates>-57.6184249160123,-25.2813380015667</coordinates></Point>
  </Placemark>
  <Placemark id="censo_infona_2022.20">
	<ExtendedData><SchemaData schemaUrl="#censo_infona_2022">
		<SimpleData name="Nº">20</SimpleData>
		<SimpleData name="Nombre_Com">Tajy hu</SimpleData>
		<SimpleData name="X">437737</SimpleData>
		<SimpleData name="Y">7203764</SimpleData>
	</SchemaData></ExtendedData>
      <Point><coordinates>-57.6184245497436,-25.2812657597985</coordinates></Point>
  </Placemark>
  <Placemark id="censo_infona_2022.21">
	<ExtendedData><SchemaData schemaUrl="#censo_infona_2022">
		<SimpleData name="Nº">21</SimpleData>
		<SimpleData name="Nombre_Com">Tajy hu</SimpleData>
		<SimpleData name="X">437734</SimpleData>
		<SimpleData name="Y">7203756</SimpleData>
	</SchemaData></ExtendedData>
      <Point><coordinates>-57.6184547120265,-25.2813378766835</coordinates></Point>
  </Placemark>
  <Placemark id="censo_infona_2022.22">
	<ExtendedData><SchemaData schemaUrl="#censo_infona_2022">
		<SimpleData name="Nº">22</SimpleData>
		<SimpleData name="Nombre_Com">Tataré</SimpleData>
		<SimpleData name="X">437736</SimpleData>
		<SimpleData name="Y">7203751</SimpleData>
	</SchemaData></ExtendedData>
      <Point><coordinates>-57.6184350769394,-25.2813831110443</coordinates></Point>
  </Placemark>
  <Placemark id="censo_infona_2022.23">
	<ExtendedData><SchemaData schemaUrl="#censo_infona_2022">
		<SimpleData name="Nº">23</SimpleData>
		<SimpleData name="Nombre_Com">Leucaena</SimpleData>
		<SimpleData name="X">437743</SimpleData>
		<SimpleData name="Y">7203745</SimpleData>
	</SchemaData></ExtendedData>
      <Point><coordinates>-57.6183658275567,-25.2814375837462</coordinates></Point>
  </Placemark>
  <Placemark id="censo_infona_2022.24">
	<ExtendedData><SchemaData schemaUrl="#censo_infona_2022">
		<SimpleData name="Nº">24</SimpleData>
		<SimpleData name="Nombre_Com">Yvyra pyta</SimpleData>
		<SimpleData name="X">437736</SimpleData>
		<SimpleData name="Y">7203753</SimpleData>
	</SchemaData></ExtendedData>
      <Point><coordinates>-57.6184349853704,-25.2813650506025</coordinates></Point>
  </Placemark>
  <Placemark id="censo_infona_2022.25">
	<ExtendedData><SchemaData schemaUrl="#censo_infona_2022">
		<SimpleData name="Nº">25</SimpleData>
		<SimpleData name="Nombre_Com">Tajy hu</SimpleData>
		<SimpleData name="X">437730</SimpleData>
		<SimpleData name="Y">7203753</SimpleData>
	</SchemaData></ExtendedData>
      <Point><coordinates>-57.6184945774116,-25.2813648008258</coordinates></Point>
  </Placemark>
  <Placemark id="censo_infona_2022.26">
	<ExtendedData><SchemaData schemaUrl="#censo_infona_2022">
		<SimpleData name="Nº">26</SimpleData>
		<SimpleData name="Nombre_Com">Tajy hu</SimpleData>
		<SimpleData name="X">437730</SimpleData>
		<SimpleData name="Y">7203750</SimpleData>
	</SchemaData></ExtendedData>
      <Point><coordinates>-57.6184947147784,-25.2813918914883</coordinates></Point>
  </Placemark>
  <Placemark id="censo_infona_2022.27">
	<ExtendedData><SchemaData schemaUrl="#censo_infona_2022">
		<SimpleData name="Nº">27</SimpleData>
		<SimpleData name="Nombre_Com">Leucaena</SimpleData>
		<SimpleData name="X">437740</SimpleData>
		<SimpleData name="Y">7203739</SimpleData>
	</SchemaData></ExtendedData>
      <Point><coordinates>-57.6183958982862,-25.2814916401997</coordinates></Point>
  </Placemark>
  <Placemark id="censo_infona_2022.28">
	<ExtendedData><SchemaData schemaUrl="#censo_infona_2022">
		<SimpleData name="Nº">28</SimpleData>
		<SimpleData name="Nombre_Com">Leucaena</SimpleData>
		<SimpleData name="X">437734</SimpleData>
		<SimpleData name="Y">7203734</SimpleData>
	</SchemaData></ExtendedData>
      <Point><coordinates>-57.6184557193213,-25.2815365415413</coordinates></Point>
  </Placemark>
  <Placemark id="censo_infona_2022.29">
	<ExtendedData><SchemaData schemaUrl="#censo_infona_2022">
		<SimpleData name="Nº">29</SimpleData>
		<SimpleData name="Nombre_Com">Yvyra pyta</SimpleData>
		<SimpleData name="X">437725</SimpleData>
		<SimpleData name="Y">7203750</SimpleData>
	</SchemaData></ExtendedData>
      <Point><coordinates>-57.6185443748232,-25.2813916833224</coordinates></Point>
  </Placemark>
  <Placemark id="censo_infona_2022.30">
	<ExtendedData><SchemaData schemaUrl="#censo_infona_2022">
		<SimpleData name="Nº">30</SimpleData>
		<SimpleData name="Nombre_Com">Tajy hu</SimpleData>
		<SimpleData name="X">437723</SimpleData>
		<SimpleData name="Y">7203750</SimpleData>
	</SchemaData></ExtendedData>
      <Point><coordinates>-57.618564238841,-25.2813916000514</coordinates></Point>
  </Placemark>
  <Placemark id="censo_infona_2022.31">
	<ExtendedData><SchemaData schemaUrl="#censo_infona_2022">
		<SimpleData name="Nº">31</SimpleData>
		<SimpleData name="Nombre_Com">Leucaena</SimpleData>
		<SimpleData name="X">437733</SimpleData>
		<SimpleData name="Y">7203737</SimpleData>
	</SchemaData></ExtendedData>
      <Point><coordinates>-57.6184655139809,-25.2815094092498</coordinates></Point>
  </Placemark>
  <Placemark id="censo_infona_2022.32">
	<ExtendedData><SchemaData schemaUrl="#censo_infona_2022">
		<SimpleData name="Nº">32</SimpleData>
		<SimpleData name="Nombre_Com">Leucaena</SimpleData>
		<SimpleData name="X">437732</SimpleData>
		<SimpleData name="Y">7203736</SimpleData>
	</SchemaData></ExtendedData>
      <Point><coordinates>-57.6184754917873,-25.2815183978404</coordinates></Point>
  </Placemark>
  <Placemark id="censo_infona_2022.33">
	<ExtendedData><SchemaData schemaUrl="#censo_infona_2022">
		<SimpleData name="Nº">33</SimpleData>
		<SimpleData name="Nombre_Com">Leucaena</SimpleData>
		<SimpleData name="X">437731</SimpleData>
		<SimpleData name="Y">7203735</SimpleData>
	</SchemaData></ExtendedData>
      <Point><coordinates>-57.6184854695952,-25.2815273864303</coordinates></Point>
  </Placemark>
  <Placemark id="censo_infona_2022.34">
	<ExtendedData><SchemaData schemaUrl="#censo_infona_2022">
		<SimpleData name="Nº">34</SimpleData>
		<SimpleData name="Nombre_Com">Leucaena</SimpleData>
		<SimpleData name="X">437725</SimpleData>
		<SimpleData name="Y">7203739</SimpleData>
	</SchemaData></ExtendedData>
      <Point><coordinates>-57.6185448785435,-25.2814910157496</coordinates></Point>
  </Placemark>
  <Placemark id="censo_infona_2022.35">
	<ExtendedData><SchemaData schemaUrl="#censo_infona_2022">
		<SimpleData name="Nº">35</SimpleData>
		<SimpleData name="Nombre_Com">Leucaena</SimpleData>
		<SimpleData name="X">437732</SimpleData>
		<SimpleData name="Y">7203736</SimpleData>
	</SchemaData></ExtendedData>
      <Point><coordinates>-57.6184754917873,-25.2815183978404</coordinates></Point>
  </Placemark>
  <Placemark id="censo_infona_2022.36">
	<ExtendedData><SchemaData schemaUrl="#censo_infona_2022">
		<SimpleData name="Nº">36</SimpleData>
		<SimpleData name="Nombre_Com">Leucaena</SimpleData>
		<SimpleData name="X">437728</SimpleData>
		<SimpleData name="Y">7203736</SimpleData>
	</SchemaData></ExtendedData>
      <Point><coordinates>-57.6185152198645,-25.2815182313135</coordinates></Point>
  </Placemark>
  <Placemark id="censo_infona_2022.37">
	<ExtendedData><SchemaData schemaUrl="#censo_infona_2022">
		<SimpleData name="Nº">37</SimpleData>
		<SimpleData name="Nombre_Com">Leucaena</SimpleData>
		<SimpleData name="X">437726</SimpleData>
		<SimpleData name="Y">7203725</SimpleData>
	</SchemaData></ExtendedData>
      <Point><coordinates>-57.6185355876186,-25.2816174804716</coordinates></Point>
  </Placemark>
  <Placemark id="censo_infona_2022.38">
	<ExtendedData><SchemaData schemaUrl="#censo_infona_2022">
		<SimpleData name="Nº">38</SimpleData>
		<SimpleData name="Nombre_Com">Leucaena</SimpleData>
		<SimpleData name="X">437720</SimpleData>
		<SimpleData name="Y">7203723</SimpleData>
	</SchemaData></ExtendedData>
      <Point><coordinates>-57.6185952713758,-25.2816352910927</coordinates></Point>
  </Placemark>
  <Placemark id="censo_infona_2022.39">
	<ExtendedData><SchemaData schemaUrl="#censo_infona_2022">
		<SimpleData name="Nº">39</SimpleData>
		<SimpleData name="Nombre_Com">No identificado 1</SimpleData>
		<SimpleData name="X">437716</SimpleData>
		<SimpleData name="Y">7203740</SimpleData>
	</SchemaData></ExtendedData>
      <Point><coordinates>-57.618634220896,-25.2814816107868</coordinates></Point>
  </Placemark>
  <Placemark id="censo_infona_2022.40">
	<ExtendedData><SchemaData schemaUrl="#censo_infona_2022">
		<SimpleData name="Nº">40</SimpleData>
		<SimpleData name="Nombre_Com">Tajy hu</SimpleData>
		<SimpleData name="X">437709</SimpleData>
		<SimpleData name="Y">7203741</SimpleData>
	</SchemaData></ExtendedData>
      <Point><coordinates>-57.6187036992032,-25.281472289063</coordinates></Point>
  </Placemark>
  <Placemark id="censo_infona_2022.41">
	<ExtendedData><SchemaData schemaUrl="#censo_infona_2022">
		<SimpleData name="Nº">41</SimpleData>
		<SimpleData name="Nombre_Com">Tajy hu</SimpleData>
		<SimpleData name="X">437711</SimpleData>
		<SimpleData name="Y">7203739</SimpleData>
	</SchemaData></ExtendedData>
      <Point><coordinates>-57.6186839267792,-25.2814904327937</coordinates></Point>
  </Placemark>
  <Placemark id="censo_infona_2022.42">
	<ExtendedData><SchemaData schemaUrl="#censo_infona_2022">
		<SimpleData name="Nº">42</SimpleData>
		<SimpleData name="Nombre_Com">Tajy hu</SimpleData>
		<SimpleData name="X">437709</SimpleData>
		<SimpleData name="Y">7203741</SimpleData>
	</SchemaData></ExtendedData>
      <Point><coordinates>-57.6187036992032,-25.281472289063</coordinates></Point>
  </Placemark>
  <Placemark id="censo_infona_2022.43">
	<ExtendedData><SchemaData schemaUrl="#censo_infona_2022">
		<SimpleData name="Nº">43</SimpleData>
		<SimpleData name="Nombre_Com">Tajy hu</SimpleData>
		<SimpleData name="X">437710</SimpleData>
		<SimpleData name="Y">7203734</SimpleData>
	</SchemaData></ExtendedData>
      <Point><coordinates>-57.6186940878156,-25.2815355422505</coordinates></Point>
  </Placemark>
  <Placemark id="censo_infona_2022.44">
	<ExtendedData><SchemaData schemaUrl="#censo_infona_2022">
		<SimpleData name="Nº">44</SimpleData>
		<SimpleData name="Nombre_Com">Jambolana</SimpleData>
		<SimpleData name="X">437715</SimpleData>
		<SimpleData name="Y">7203724</SimpleData>
	</SchemaData></ExtendedData>
      <Point><coordinates>-57.6186448857182,-25.2816260526709</coordinates></Point>
  </Placemark>
  <Placemark id="censo_infona_2022.45">
	<ExtendedData><SchemaData schemaUrl="#censo_infona_2022">
		<SimpleData name="Nº">45</SimpleData>
		<SimpleData name="Nombre_Com">Leucaena</SimpleData>
		<SimpleData name="X">437715</SimpleData>
		<SimpleData name="Y">7203721</SimpleData>
	</SchemaData></ExtendedData>
      <Point><coordinates>-57.6186450231199,-25.2816531433316</coordinates></Point>
  </Placemark>
  <Placemark id="censo_infona_2022.46">
	<ExtendedData><SchemaData schemaUrl="#censo_infona_2022">
		<SimpleData name="Nº">46</SimpleData>
		<SimpleData name="Nombre_Com">Leucaena</SimpleData>
		<SimpleData name="X">437700</SimpleData>
		<SimpleData name="Y">7203735</SimpleData>
	</SchemaData></ExtendedData>
      <Point><coordinates>-57.6187933622065,-25.2815260955456</coordinates></Point>
  </Placemark>
  <Placemark id="censo_infona_2022.47">
	<ExtendedData><SchemaData schemaUrl="#censo_infona_2022">
		<SimpleData name="Nº">47</SimpleData>
		<SimpleData name="Nombre_Com">Casita</SimpleData>
		<SimpleData name="X">437701</SimpleData>
		<SimpleData name="Y">7203716</SimpleData>
	</SchemaData></ExtendedData>
      <Point><coordinates>-57.6187843005927,-25.2816977113777</coordinates></Point>
  </Placemark>
  <Placemark id="censo_infona_2022.48">
	<ExtendedData><SchemaData schemaUrl="#censo_infona_2022">
		<SimpleData name="Nº">48</SimpleData>
		<SimpleData name="Nombre_Com">Yvyra pyta</SimpleData>
		<SimpleData name="X">437701</SimpleData>
		<SimpleData name="Y">7203709</SimpleData>
	</SchemaData></ExtendedData>
      <Point><coordinates>-57.6187846212704,-25.2817609229168</coordinates></Point>
  </Placemark>
  <Placemark id="censo_infona_2022.49">
	<ExtendedData><SchemaData schemaUrl="#censo_infona_2022">
		<SimpleData name="Nº">49</SimpleData>
		<SimpleData name="Nombre_Com">No identificado 2</SimpleData>
		<SimpleData name="X">437705</SimpleData>
		<SimpleData name="Y">7203710</SimpleData>
	</SchemaData></ExtendedData>
      <Point><coordinates>-57.6187448473079,-25.2817520592979</coordinates></Point>
  </Placemark>
  <Placemark id="censo_infona_2022.50">
	<ExtendedData><SchemaData schemaUrl="#censo_infona_2022">
		<SimpleData name="Nº">50</SimpleData>
		<SimpleData name="Nombre_Com">Tajy hu</SimpleData>
		<SimpleData name="X">437695</SimpleData>
		<SimpleData name="Y">7203718</SimpleData>
	</SchemaData></ExtendedData>
      <Point><coordinates>-57.6188438011616,-25.2816794010172</coordinates></Point>
  </Placemark>
  <Placemark id="censo_infona_2022.51">
	<ExtendedData><SchemaData schemaUrl="#censo_infona_2022">
		<SimpleData name="Nº">51</SimpleData>
		<SimpleData name="Nombre_Com">Tajy hu</SimpleData>
		<SimpleData name="X">437689</SimpleData>
		<SimpleData name="Y">7203718</SimpleData>
	</SchemaData></ExtendedData>
      <Point><coordinates>-57.6189033933518,-25.2816791510726</coordinates></Point>
  </Placemark>
  <Placemark id="censo_infona_2022.52">
	<ExtendedData><SchemaData schemaUrl="#censo_infona_2022">
		<SimpleData name="Nº">52</SimpleData>
		<SimpleData name="Nombre_Com">Tajy hu</SimpleData>
		<SimpleData name="X">437671</SimpleData>
		<SimpleData name="Y">7203717</SimpleData>
	</SchemaData></ExtendedData>
      <Point><coordinates>-57.6190822157507,-25.2816874313137</coordinates></Point>
  </Placemark>
  <Placemark id="censo_infona_2022.53">
	<ExtendedData><SchemaData schemaUrl="#censo_infona_2022">
		<SimpleData name="Nº">53</SimpleData>
		<SimpleData name="Nombre_Com">Yvyra pyta</SimpleData>
		<SimpleData name="X">437684</SimpleData>
		<SimpleData name="Y">7203713</SimpleData>
	</SchemaData></ExtendedData>
      <Point><coordinates>-57.6189532826274,-25.2817240938652</coordinates></Point>
  </Placemark>
  <Placemark id="censo_infona_2022.54">
	<ExtendedData><SchemaData schemaUrl="#censo_infona_2022">
		<SimpleData name="Nº">54</SimpleData>
		<SimpleData name="Nombre_Com">Mango</SimpleData>
		<SimpleData name="X">437696</SimpleData>
		<SimpleData name="Y">7203705</SimpleData>
	</SchemaData></ExtendedData>
      <Point><coordinates>-57.6188344647223,-25.2817968355296</coordinates></Point>
  </Placemark>
  <Placemark id="censo_infona_2022.55">
	<ExtendedData><SchemaData schemaUrl="#censo_infona_2022">
		<SimpleData name="Nº">55</SimpleData>
		<SimpleData name="Nombre_Com">Mango</SimpleData>
		<SimpleData name="X">437692</SimpleData>
		<SimpleData name="Y">7203703</SimpleData>
	</SchemaData></ExtendedData>
      <Point><coordinates>-57.6188742845233,-25.2818147293436</coordinates></Point>
  </Placemark>
  <Placemark id="censo_infona_2022.56">
	<ExtendedData><SchemaData schemaUrl="#censo_infona_2022">
		<SimpleData name="Nº">56</SimpleData>
		<SimpleData name="Nombre_Com">Chivato</SimpleData>
		<SimpleData name="X">437691</SimpleData>
		<SimpleData name="Y">7203694</SimpleData>
	</SchemaData></ExtendedData>
      <Point><coordinates>-57.6188846289349,-25.2818959596616</coordinates></Point>
  </Placemark>
  <Placemark id="censo_infona_2022.57">
	<ExtendedData><SchemaData schemaUrl="#censo_infona_2022">
		<SimpleData name="Nº">57</SimpleData>
		<SimpleData name="Nombre_Com">Samu'u</SimpleData>
		<SimpleData name="X">437685</SimpleData>
		<SimpleData name="Y">7203698</SimpleData>
	</SchemaData></ExtendedData>
      <Point><coordinates>-57.6189440379375,-25.2818595888207</coordinates></Point>
  </Placemark>
  <Placemark id="censo_infona_2022.58">
	<ExtendedData><SchemaData schemaUrl="#censo_infona_2022">
		<SimpleData name="Nº">58</SimpleData>
		<SimpleData name="Nombre_Com">Leucaena</SimpleData>
		<SimpleData name="X">437689</SimpleData>
		<SimpleData name="Y">7203693</SimpleData>
	</SchemaData></ExtendedData>
      <Point><coordinates>-57.6189045388539,-25.2819049065627</coordinates></Point>
  </Placemark>
  <Placemark id="censo_infona_2022.59">
	<ExtendedData><SchemaData schemaUrl="#censo_infona_2022">
		<SimpleData name="Nº">59</SimpleData>
		<SimpleData name="Nombre_Com">Chivato</SimpleData>
		<SimpleData name="X">437676</SimpleData>
		<SimpleData name="Y">7203696</SimpleData>
	</SchemaData></ExtendedData>
      <Point><coordinates>-57.6190335180125,-25.2818772742701</coordinates></Point>
  </Placemark>
  <Placemark id="censo_infona_2022.60">
	<ExtendedData><SchemaData schemaUrl="#censo_infona_2022">
		<SimpleData name="Nº">60</SimpleData>
		<SimpleData name="Nombre_Com">Yvyra ro</SimpleData>
		<SimpleData name="X">437678</SimpleData>
		<SimpleData name="Y">7203701</SimpleData>
	</SchemaData></ExtendedData>
      <Point><coordinates>-57.6190134247758,-25.2818322065091</coordinates></Point>
  </Placemark>
  <Placemark id="censo_infona_2022.61">
	<ExtendedData><SchemaData schemaUrl="#censo_infona_2022">
		<SimpleData name="Nº">61</SimpleData>
		<SimpleData name="Nombre_Com">Samu'u</SimpleData>
		<SimpleData name="X">437683</SimpleData>
		<SimpleData name="Y">7203691</SimpleData>
	</SchemaData></ExtendedData>
      <Point><coordinates>-57.6189642228031,-25.2819227170302</coordinates></Point>
  </Placemark>
  <Placemark id="censo_infona_2022.62">
	<ExtendedData><SchemaData schemaUrl="#censo_infona_2022">
		<SimpleData name="Nº">62</SimpleData>
		<SimpleData name="Nombre_Com">Samu'u</SimpleData>
		<SimpleData name="X">437681</SimpleData>
		<SimpleData name="Y">7203690</SimpleData>
	</SchemaData></ExtendedData>
      <Point><coordinates>-57.6189841327321,-25.2819316639203</coordinates></Point>
  </Placemark>
  <Placemark id="censo_infona_2022.63">
	<ExtendedData><SchemaData schemaUrl="#censo_infona_2022">
		<SimpleData name="Nº">63</SimpleData>
		<SimpleData name="Nombre_Com">Samu'u</SimpleData>
		<SimpleData name="X">437679</SimpleData>
		<SimpleData name="Y">7203692</SimpleData>
	</SchemaData></ExtendedData>
      <Point><coordinates>-57.6190039051806,-25.2819135201499</coordinates></Point>
  </Placemark>
  <Placemark id="censo_infona_2022.64">
	<ExtendedData><SchemaData schemaUrl="#censo_infona_2022">
		<SimpleData name="Nº">64</SimpleData>
		<SimpleData name="Nombre_Com">Samu'u</SimpleData>
		<SimpleData name="X">437678</SimpleData>
		<SimpleData name="Y">7203686</SimpleData>
	</SchemaData></ExtendedData>
      <Point><coordinates>-57.6190141122023,-25.2819676597984</coordinates></Point>
  </Placemark>
  <Placemark id="censo_infona_2022.65">
	<ExtendedData><SchemaData schemaUrl="#censo_infona_2022">
		<SimpleData name="Nº">65</SimpleData>
		<SimpleData name="Nombre_Com">Chivato</SimpleData>
		<SimpleData name="X">437671</SimpleData>
		<SimpleData name="Y">7203698</SimpleData>
	</SchemaData></ExtendedData>
      <Point><coordinates>-57.6190830865828,-25.2818590054808</coordinates></Point>
  </Placemark>
  <Placemark id="censo_infona_2022.66">
	<ExtendedData><SchemaData schemaUrl="#censo_infona_2022">
		<SimpleData name="Nº">66</SimpleData>
		<SimpleData name="Nombre_Com">Tajy hu</SimpleData>
		<SimpleData name="X">437669</SimpleData>
		<SimpleData name="Y">7203707</SimpleData>
	</SchemaData></ExtendedData>
      <Point><coordinates>-57.619102538161,-25.2817776501628</coordinates></Point>
  </Placemark>
  <Placemark id="censo_infona_2022.67">
	<ExtendedData><SchemaData schemaUrl="#censo_infona_2022">
		<SimpleData name="Nº">67</SimpleData>
		<SimpleData name="Nombre_Com">Yvyra pyta</SimpleData>
		<SimpleData name="X">437665</SimpleData>
		<SimpleData name="Y">7203710</SimpleData>
	</SchemaData></ExtendedData>
      <Point><coordinates>-57.619142128805,-25.2817503928078</coordinates></Point>
  </Placemark>
  <Placemark id="censo_infona_2022.68">
	<ExtendedData><SchemaData schemaUrl="#censo_infona_2022">
		<SimpleData name="Nº">68</SimpleData>
		<SimpleData name="Nombre_Com">Chivato</SimpleData>
		<SimpleData name="X">437664</SimpleData>
		<SimpleData name="Y">7203693</SimpleData>
	</SchemaData></ExtendedData>
      <Point><coordinates>-57.6191528400973,-25.2819038648571</coordinates></Point>
  </Placemark>
  <Placemark id="censo_infona_2022.69">
	<ExtendedData><SchemaData schemaUrl="#censo_infona_2022">
		<SimpleData name="Nº">69</SimpleData>
		<SimpleData name="Nombre_Com">Chivato</SimpleData>
		<SimpleData name="X">437666</SimpleData>
		<SimpleData name="Y">7203692</SimpleData>
	</SchemaData></ExtendedData>
      <Point><coordinates>-57.6191330218356,-25.281912978428</coordinates></Point>
  </Placemark>
  <Placemark id="censo_infona_2022.70">
	<ExtendedData><SchemaData schemaUrl="#censo_infona_2022">
		<SimpleData name="Nº">70</SimpleData>
		<SimpleData name="Nombre_Com">Tipa</SimpleData>
		<SimpleData name="X">437667</SimpleData>
		<SimpleData name="Y">7203688</SimpleData>
	</SchemaData></ExtendedData>
      <Point><coordinates>-57.6191232731317,-25.2819491409792</coordinates></Point>
  </Placemark>
  <Placemark id="censo_infona_2022.71">
	<ExtendedData><SchemaData schemaUrl="#censo_infona_2022">
		<SimpleData name="Nº">71</SimpleData>
		<SimpleData name="Nombre_Com">Tajy hu</SimpleData>
		<SimpleData name="X">437656</SimpleData>
		<SimpleData name="Y">7203694</SimpleData>
	</SchemaData></ExtendedData>
      <Point><coordinates>-57.6192322506477,-25.2818945012042</coordinates></Point>
  </Placemark>
  <Placemark id="censo_infona_2022.72">
	<ExtendedData><SchemaData schemaUrl="#censo_infona_2022">
		<SimpleData name="Nº">72</SimpleData>
		<SimpleData name="Nombre_Com">Chivato</SimpleData>
		<SimpleData name="X">437659</SimpleData>
		<SimpleData name="Y">7203689</SimpleData>
	</SchemaData></ExtendedData>
      <Point><coordinates>-57.6192026837141,-25.2819397773416</coordinates></Point>
  </Placemark>
  <Placemark id="censo_infona_2022.73">
	<ExtendedData><SchemaData schemaUrl="#censo_infona_2022">
		<SimpleData name="Nº">73</SimpleData>
		<SimpleData name="Nombre_Com">Yvyra pyta</SimpleData>
		<SimpleData name="X">437665</SimpleData>
		<SimpleData name="Y">7203681</SimpleData>
	</SchemaData></ExtendedData>
      <Point><coordinates>-57.6191434581054,-25.2820122691613</coordinates></Point>
  </Placemark>
  <Placemark id="censo_infona_2022.74">
	<ExtendedData><SchemaData schemaUrl="#censo_infona_2022">
		<SimpleData name="Nº">74</SimpleData>
		<SimpleData name="Nombre_Com">Leucaena</SimpleData>
		<SimpleData name="X">437665</SimpleData>
		<SimpleData name="Y">7203676</SimpleData>
	</SchemaData></ExtendedData>
      <Point><coordinates>-57.6191436872971,-25.2820574202557</coordinates></Point>
  </Placemark>
  <Placemark id="censo_infona_2022.75">
	<ExtendedData><SchemaData schemaUrl="#censo_infona_2022">
		<SimpleData name="Nº">75</SimpleData>
		<SimpleData name="Nombre_Com">Leucaena</SimpleData>
		<SimpleData name="X">437661</SimpleData>
		<SimpleData name="Y">7203677</SimpleData>
	</SchemaData></ExtendedData>
      <Point><coordinates>-57.6191833697035,-25.2820482233268</coordinates></Point>
  </Placemark>
  <Placemark id="censo_infona_2022.76">
	<ExtendedData><SchemaData schemaUrl="#censo_infona_2022">
		<SimpleData name="Nº">76</SimpleData>
		<SimpleData name="Nombre_Com">Tipa</SimpleData>
		<SimpleData name="X">437661</SimpleData>
		<SimpleData name="Y">7203678</SimpleData>
	</SchemaData></ExtendedData>
      <Point><coordinates>-57.6191833238622,-25.282039193108</coordinates></Point>
  </Placemark>
  <Placemark id="censo_infona_2022.77">
	<ExtendedData><SchemaData schemaUrl="#censo_infona_2022">
		<SimpleData name="Nº">77</SimpleData>
		<SimpleData name="Nombre_Com">Leucaena</SimpleData>
		<SimpleData name="X">437656</SimpleData>
		<SimpleData name="Y">7203680</SimpleData>
	</SchemaData></ExtendedData>
      <Point><coordinates>-57.6192328924742,-25.2820209242679</coordinates></Point>
  </Placemark>
  <Placemark id="censo_infona_2022.78">
	<ExtendedData><SchemaData schemaUrl="#censo_infona_2022">
		<SimpleData name="Nº">78</SimpleData>
		<SimpleData name="Nombre_Com">Samu'u</SimpleData>
		<SimpleData name="X">437657</SimpleData>
		<SimpleData name="Y">7203672</SimpleData>
	</SchemaData></ExtendedData>
      <Point><coordinates>-57.6192233271694,-25.2820932076996</coordinates></Point>
  </Placemark>
  <Placemark id="censo_infona_2022.79">
	<ExtendedData><SchemaData schemaUrl="#censo_infona_2022">
		<SimpleData name="Nº">79</SimpleData>
		<SimpleData name="Nombre_Com">Chivato</SimpleData>
		<SimpleData name="X">437654</SimpleData>
		<SimpleData name="Y">7203688</SimpleData>
	</SchemaData></ExtendedData>
      <Point><coordinates>-57.6192523898215,-25.2819485991521</coordinates></Point>
  </Placemark>
  <Placemark id="censo_infona_2022.80">
	<ExtendedData><SchemaData schemaUrl="#censo_infona_2022">
		<SimpleData name="Nº">80</SimpleData>
		<SimpleData name="Nombre_Com">Yvyra pyta</SimpleData>
		<SimpleData name="X">437647</SimpleData>
		<SimpleData name="Y">7203688</SimpleData>
	</SchemaData></ExtendedData>
      <Point><coordinates>-57.6193219141914,-25.2819483073523</coordinates></Point>
  </Placemark>
  <Placemark id="censo_infona_2022.81">
	<ExtendedData><SchemaData schemaUrl="#censo_infona_2022">
		<SimpleData name="Nº">81</SimpleData>
		<SimpleData name="Nombre_Com">Tajy hu</SimpleData>
		<SimpleData name="X">437645</SimpleData>
		<SimpleData name="Y">7203698</SimpleData>
	</SchemaData></ExtendedData>
      <Point><coordinates>-57.6193413197698,-25.2818579217877</coordinates></Point>
  </Placemark>
  <Placemark id="censo_infona_2022.82">
	<ExtendedData><SchemaData schemaUrl="#censo_infona_2022">
		<SimpleData name="Nº">82</SimpleData>
		<SimpleData name="Nombre_Com">Tajy hu</SimpleData>
		<SimpleData name="X">437645</SimpleData>
		<SimpleData name="Y">7203690</SimpleData>
	</SchemaData></ExtendedData>
      <Point><coordinates>-57.6193416865913,-25.2819301635376</coordinates></Point>
  </Placemark>
  <Placemark id="censo_infona_2022.83">
	<ExtendedData><SchemaData schemaUrl="#censo_infona_2022">
		<SimpleData name="Nº">83</SimpleData>
		<SimpleData name="Nombre_Com">Tajy hu</SimpleData>
		<SimpleData name="X">437632</SimpleData>
		<SimpleData name="Y">7203688</SimpleData>
	</SchemaData></ExtendedData>
      <Point><coordinates>-57.6194708949803,-25.2819476819567</coordinates></Point>
  </Placemark>
  <Placemark id="censo_infona_2022.84">
	<ExtendedData><SchemaData schemaUrl="#censo_infona_2022">
		<SimpleData name="Nº">84</SimpleData>
		<SimpleData name="Nombre_Com">Tajy hu</SimpleData>
		<SimpleData name="X">437629</SimpleData>
		<SimpleData name="Y">7203685</SimpleData>
	</SchemaData></ExtendedData>
      <Point><coordinates>-57.6195008287314,-25.2819746475147</coordinates></Point>
  </Placemark>
  <Placemark id="censo_infona_2022.85">
	<ExtendedData><SchemaData schemaUrl="#censo_infona_2022">
		<SimpleData name="Nº">85</SimpleData>
		<SimpleData name="Nombre_Com">Tajy hu</SimpleData>
		<SimpleData name="X">437634</SimpleData>
		<SimpleData name="Y">7203669</SimpleData>
	</SchemaData></ExtendedData>
      <Point><coordinates>-57.6194519022366,-25.2821193395005</coordinates></Point>
  </Placemark>
  <Placemark id="censo_infona_2022.86">
	<ExtendedData><SchemaData schemaUrl="#censo_infona_2022">
		<SimpleData name="Nº">86</SimpleData>
		<SimpleData name="Nombre_Com">Yvyra pyta</SimpleData>
		<SimpleData name="X">437643</SimpleData>
		<SimpleData name="Y">7203665</SimpleData>
	</SchemaData></ExtendedData>
      <Point><coordinates>-57.6193626970567,-25.2821558356204</coordinates></Point>
  </Placemark>
  <Placemark id="censo_infona_2022.87">
	<ExtendedData><SchemaData schemaUrl="#censo_infona_2022">
		<SimpleData name="Nº">87</SimpleData>
		<SimpleData name="Nombre_Com">Tipa</SimpleData>
		<SimpleData name="X">437641</SimpleData>
		<SimpleData name="Y">7203670</SimpleData>
	</SchemaData></ExtendedData>
      <Point><coordinates>-57.6193823319148,-25.282110601145</coordinates></Point>
  </Placemark>
  <Placemark id="censo_infona_2022.88">
	<ExtendedData><SchemaData schemaUrl="#censo_infona_2022">
		<SimpleData name="Nº">88</SimpleData>
		<SimpleData name="Nombre_Com">Tajy hu</SimpleData>
		<SimpleData name="X">437620</SimpleData>
		<SimpleData name="Y">7203677</SimpleData>
	</SchemaData></ExtendedData>
      <Point><coordinates>-57.6195905841924,-25.2820465139319</coordinates></Point>
  </Placemark>
  <Placemark id="censo_infona_2022.89">
	<ExtendedData><SchemaData schemaUrl="#censo_infona_2022">
		<SimpleData name="Nº">89</SimpleData>
		<SimpleData name="Nombre_Com">Yvyra pyta</SimpleData>
		<SimpleData name="X">437624</SimpleData>
		<SimpleData name="Y">7203670</SimpleData>
	</SchemaData></ExtendedData>
      <Point><coordinates>-57.6195511770312,-25.2821098922786</coordinates></Point>
  </Placemark>
  <Placemark id="censo_infona_2022.90">
	<ExtendedData><SchemaData schemaUrl="#censo_infona_2022">
		<SimpleData name="Nº">90</SimpleData>
		<SimpleData name="Nombre_Com">Jambolana</SimpleData>
		<SimpleData name="X">437620</SimpleData>
		<SimpleData name="Y">7203672</SimpleData>
	</SchemaData></ExtendedData>
      <Point><coordinates>-57.6195908135499,-25.2820916650223</coordinates></Point>
  </Placemark>
  <Placemark id="censo_infona_2022.91">
	<ExtendedData><SchemaData schemaUrl="#censo_infona_2022">
		<SimpleData name="Nº">91</SimpleData>
		<SimpleData name="Nombre_Com">Yvyra pyta</SimpleData>
		<SimpleData name="X">437608</SimpleData>
		<SimpleData name="Y">7203661</SimpleData>
	</SchemaData></ExtendedData>
      <Point><coordinates>-57.6197105030009,-25.2821904968938</coordinates></Point>
  </Placemark>
  <Placemark id="censo_infona_2022.92">
	<ExtendedData><SchemaData schemaUrl="#censo_infona_2022">
		<SimpleData name="Nº">92</SimpleData>
		<SimpleData name="Nombre_Com">Chivato</SimpleData>
		<SimpleData name="X">437606</SimpleData>
		<SimpleData name="Y">7203658</SimpleData>
	</SchemaData></ExtendedData>
      <Point><coordinates>-57.6197305047907,-25.2822175041164</coordinates></Point>
  </Placemark>
  <Placemark id="censo_infona_2022.93">
	<ExtendedData><SchemaData schemaUrl="#censo_infona_2022">
		<SimpleData name="Nº">93</SimpleData>
		<SimpleData name="Nombre_Com">Chivato</SimpleData>
		<SimpleData name="X">437614</SimpleData>
		<SimpleData name="Y">7203654</SimpleData>
	</SchemaData></ExtendedData>
      <Point><coordinates>-57.6196512317039,-25.2822539586937</coordinates></Point>
  </Placemark>
  <Placemark id="censo_infona_2022.94">
	<ExtendedData><SchemaData schemaUrl="#censo_infona_2022">
		<SimpleData name="Nº">94</SimpleData>
		<SimpleData name="Nombre_Com">Tajy hu</SimpleData>
		<SimpleData name="X">437616</SimpleData>
		<SimpleData name="Y">7203650</SimpleData>
	</SchemaData></ExtendedData>
      <Point><coordinates>-57.6196315510496,-25.2822901629848</coordinates></Point>
  </Placemark>
  <Placemark id="censo_infona_2022.95">
	<ExtendedData><SchemaData schemaUrl="#censo_infona_2022">
		<SimpleData name="Nº">95</SimpleData>
		<SimpleData name="Nombre_Com">Yvyra pyta</SimpleData>
		<SimpleData name="X">437596</SimpleData>
		<SimpleData name="Y">7203654</SimpleData>
	</SchemaData></ExtendedData>
      <Point><coordinates>-57.6198300090869,-25.2822532077935</coordinates></Point>
  </Placemark>
  <Placemark id="censo_infona_2022.96">
	<ExtendedData><SchemaData schemaUrl="#censo_infona_2022">
		<SimpleData name="Nº">96</SimpleData>
		<SimpleData name="Nombre_Com">Tajy hu</SimpleData>
		<SimpleData name="X">437594</SimpleData>
		<SimpleData name="Y">7203647</SimpleData>
	</SchemaData></ExtendedData>
      <Point><coordinates>-57.6198501944781,-25.2823163358684</coordinates></Point>
  </Placemark>
  <Placemark id="censo_infona_2022.97">
	<ExtendedData><SchemaData schemaUrl="#censo_infona_2022">
		<SimpleData name="Nº">97</SimpleData>
		<SimpleData name="Nombre_Com">Yvyra ju</SimpleData>
		<SimpleData name="X">437587</SimpleData>
		<SimpleData name="Y">7203650</SimpleData>
	</SchemaData></ExtendedData>
      <Point><coordinates>-57.6199195813607,-25.2822889531313</coordinates></Point>
  </Placemark>
  <Placemark id="censo_infona_2022.98">
	<ExtendedData><SchemaData schemaUrl="#censo_infona_2022">
		<SimpleData name="Nº">98</SimpleData>
		<SimpleData name="Nombre_Com">Tajy hu</SimpleData>
		<SimpleData name="X">437592</SimpleData>
		<SimpleData name="Y">7203647</SimpleData>
	</SchemaData></ExtendedData>
      <Point><coordinates>-57.6198700586415,-25.2823162524188</coordinates></Point>
  </Placemark>
  <Placemark id="censo_infona_2022.99">
	<ExtendedData><SchemaData schemaUrl="#censo_infona_2022">
		<SimpleData name="Nº">99</SimpleData>
		<SimpleData name="Nombre_Com">Yvyra ju</SimpleData>
		<SimpleData name="X">437592</SimpleData>
		<SimpleData name="Y">7203644</SimpleData>
	</SchemaData></ExtendedData>
      <Point><coordinates>-57.6198701963197,-25.2823433430707</coordinates></Point>
  </Placemark>
  <Placemark id="censo_infona_2022.100">
	<ExtendedData><SchemaData schemaUrl="#censo_infona_2022">
		<SimpleData name="Nº">100</SimpleData>
		<SimpleData name="Nombre_Com">Yvyra ro</SimpleData>
		<SimpleData name="X">437592</SimpleData>
		<SimpleData name="Y">7203646</SimpleData>
	</SchemaData></ExtendedData>
      <Point><coordinates>-57.6198701045342,-25.2823252826361</coordinates></Point>
  </Placemark>
  <Placemark id="censo_infona_2022.101">
	<ExtendedData><SchemaData schemaUrl="#censo_infona_2022">
		<SimpleData name="Nº">101</SimpleData>
		<SimpleData name="Nombre_Com">Tajy hu</SimpleData>
		<SimpleData name="X">437594</SimpleData>
		<SimpleData name="Y">7203644</SimpleData>
	</SchemaData></ExtendedData>
      <Point><coordinates>-57.6198503321518,-25.2823434265204</coordinates></Point>
  </Placemark>
  <Placemark id="censo_infona_2022.102">
	<ExtendedData><SchemaData schemaUrl="#censo_infona_2022">
		<SimpleData name="Nº">102</SimpleData>
		<SimpleData name="Nombre_Com">Chivato</SimpleData>
		<SimpleData name="X">437599</SimpleData>
		<SimpleData name="Y">7203635</SimpleData>
	</SchemaData></ExtendedData>
      <Point><coordinates>-57.6198010847212,-25.2824249070892</coordinates></Point>
  </Placemark>
  <Placemark id="censo_infona_2022.103">
	<ExtendedData><SchemaData schemaUrl="#censo_infona_2022">
		<SimpleData name="Nº">103</SimpleData>
		<SimpleData name="Nombre_Com">Tajy hu</SimpleData>
		<SimpleData name="X">437604</SimpleData>
		<SimpleData name="Y">7203626</SimpleData>
	</SchemaData></ExtendedData>
      <Point><coordinates>-57.6197518372257,-25.2825063876418</coordinates></Point>
  </Placemark>
  <Placemark id="censo_infona_2022.104">
	<ExtendedData><SchemaData schemaUrl="#censo_infona_2022">
		<SimpleData name="Nº">104</SimpleData>
		<SimpleData name="Nombre_Com">Tajy hu</SimpleData>
		<SimpleData name="X">437597</SimpleData>
		<SimpleData name="Y">7203625</SimpleData>
	</SchemaData></ExtendedData>
      <Point><coordinates>-57.6198214077964,-25.2825151258178</coordinates></Point>
  </Placemark>
  <Placemark id="censo_infona_2022.105">
	<ExtendedData><SchemaData schemaUrl="#censo_infona_2022">
		<SimpleData name="Nº">105</SimpleData>
		<SimpleData name="Nombre_Com">Chivato</SimpleData>
		<SimpleData name="X">437594</SimpleData>
		<SimpleData name="Y">7203634</SimpleData>
	</SchemaData></ExtendedData>
      <Point><coordinates>-57.6198507910658,-25.2824337286929</coordinates></Point>
  </Placemark>
  <Placemark id="censo_infona_2022.106">
	<ExtendedData><SchemaData schemaUrl="#censo_infona_2022">
		<SimpleData name="Nº">106</SimpleData>
		<SimpleData name="Nombre_Com">Yvyra ro</SimpleData>
		<SimpleData name="X">437592</SimpleData>
		<SimpleData name="Y">7203647</SimpleData>
	</SchemaData></ExtendedData>
      <Point><coordinates>-57.6198700586415,-25.2823162524188</coordinates></Point>
  </Placemark>
  <Placemark id="censo_infona_2022.107">
	<ExtendedData><SchemaData schemaUrl="#censo_infona_2022">
		<SimpleData name="Nº">107</SimpleData>
		<SimpleData name="Nombre_Com">Tajy hu</SimpleData>
		<SimpleData name="X">437585</SimpleData>
		<SimpleData name="Y">7203643</SimpleData>
	</SchemaData></ExtendedData>
      <Point><coordinates>-57.6199397668043,-25.2823520811927</coordinates></Point>
  </Placemark>
  <Placemark id="censo_infona_2022.108">
	<ExtendedData><SchemaData schemaUrl="#censo_infona_2022">
		<SimpleData name="Nº">108</SimpleData>
		<SimpleData name="Nombre_Com">Tajy hu</SimpleData>
		<SimpleData name="X">437579</SimpleData>
		<SimpleData name="Y">7203639</SimpleData>
	</SchemaData></ExtendedData>
      <Point><coordinates>-57.6199995429203,-25.2823879516673</coordinates></Point>
  </Placemark>
  <Placemark id="censo_infona_2022.109">
	<ExtendedData><SchemaData schemaUrl="#censo_infona_2022">
		<SimpleData name="Nº">109</SimpleData>
		<SimpleData name="Nombre_Com">Jambolana</SimpleData>
		<SimpleData name="X">437590</SimpleData>
		<SimpleData name="Y">7203619</SimpleData>
	</SchemaData></ExtendedData>
      <Point><coordinates>-57.61989120785,-25.2825690150458</coordinates></Point>
  </Placemark>
  <Placemark id="censo_infona_2022.110">
	<ExtendedData><SchemaData schemaUrl="#censo_infona_2022">
		<SimpleData name="Nº">110</SimpleData>
		<SimpleData name="Nombre_Com">Lluvia de oro</SimpleData>
		<SimpleData name="X">437577</SimpleData>
		<SimpleData name="Y">7203620</SimpleData>
	</SchemaData></ExtendedData>
      <Point><coordinates>-57.6200202792728,-25.2825594423177</coordinates></Point>
  </Placemark>
  <Placemark id="censo_infona_2022.111">
	<ExtendedData><SchemaData schemaUrl="#censo_infona_2022">
		<SimpleData name="Nº">111</SimpleData>
		<SimpleData name="Nombre_Com">Tajy hu</SimpleData>
		<SimpleData name="X">437578</SimpleData>
		<SimpleData name="Y">7203605</SimpleData>
	</SchemaData></ExtendedData>
      <Point><coordinates>-57.6200110357277,-25.2826949373036</coordinates></Point>
  </Placemark>
  <Placemark id="censo_infona_2022.112">
	<ExtendedData><SchemaData schemaUrl="#censo_infona_2022">
		<SimpleData name="Nº">112</SimpleData>
		<SimpleData name="Nombre_Com">Tajy hu</SimpleData>
		<SimpleData name="X">437569</SimpleData>
		<SimpleData name="Y">7203624</SimpleData>
	</SchemaData></ExtendedData>
      <Point><coordinates>-57.6200995524412,-25.2825229875419</coordinates></Point>
  </Placemark>
  <Placemark id="censo_infona_2022.113">
	<ExtendedData><SchemaData schemaUrl="#censo_infona_2022">
		<SimpleData name="Nº">113</SimpleData>
		<SimpleData name="Nombre_Com">Tajy hu</SimpleData>
		<SimpleData name="X">437571</SimpleData>
		<SimpleData name="Y">7203634</SimpleData>
	</SchemaData></ExtendedData>
      <Point><coordinates>-57.6200792291597,-25.2824327688556</coordinates></Point>
  </Placemark>
  <Placemark id="censo_infona_2022.114">
	<ExtendedData><SchemaData schemaUrl="#censo_infona_2022">
		<SimpleData name="Nº">114</SimpleData>
		<SimpleData name="Nombre_Com">Tajy hu</SimpleData>
		<SimpleData name="X">437568</SimpleData>
		<SimpleData name="Y">7203628</SimpleData>
	</SchemaData></ExtendedData>
      <Point><coordinates>-57.620109300896,-25.2824868249337</coordinates></Point>
  </Placemark>
  <Placemark id="censo_infona_2022.115">
	<ExtendedData><SchemaData schemaUrl="#censo_infona_2022">
		<SimpleData name="Nº">115</SimpleData>
		<SimpleData name="Nombre_Com">Yvyra pyta</SimpleData>
		<SimpleData name="X">437565</SimpleData>
		<SimpleData name="Y">7203622</SimpleData>
	</SchemaData></ExtendedData>
      <Point><coordinates>-57.6201393726595,-25.2825408810047</coordinates></Point>
  </Placemark>
  <Placemark id="censo_infona_2022.116">
	<ExtendedData><SchemaData schemaUrl="#censo_infona_2022">
		<SimpleData name="Nº">116</SimpleData>
		<SimpleData name="Nombre_Com">Tajy hu</SimpleData>
		<SimpleData name="X">437564</SimpleData>
		<SimpleData name="Y">7203625</SimpleData>
	</SchemaData></ExtendedData>
      <Point><coordinates>-57.6201491670176,-25.2825137486107</coordinates></Point>
  </Placemark>
  <Placemark id="censo_infona_2022.117">
	<ExtendedData><SchemaData schemaUrl="#censo_infona_2022">
		<SimpleData name="Nº">117</SimpleData>
		<SimpleData name="Nombre_Com">Yvyra pyta</SimpleData>
		<SimpleData name="X">437564</SimpleData>
		<SimpleData name="Y">7203619</SimpleData>
	</SchemaData></ExtendedData>
      <Point><coordinates>-57.6201494425005,-25.2825679299101</coordinates></Point>
  </Placemark>
  <Placemark id="censo_infona_2022.118">
	<ExtendedData><SchemaData schemaUrl="#censo_infona_2022">
		<SimpleData name="Nº">118</SimpleData>
		<SimpleData name="Nombre_Com">Tajy hu</SimpleData>
		<SimpleData name="X">437567</SimpleData>
		<SimpleData name="Y">7203598</SimpleData>
	</SchemaData></ExtendedData>
      <Point><coordinates>-57.6201206103458,-25.2827576896867</coordinates></Point>
  </Placemark>
  <Placemark id="censo_infona_2022.119">
	<ExtendedData><SchemaData schemaUrl="#censo_infona_2022">
		<SimpleData name="Nº">119</SimpleData>
		<SimpleData name="Nombre_Com">Yvyra ro</SimpleData>
		<SimpleData name="X">437562</SimpleData>
		<SimpleData name="Y">7203601</SimpleData>
	</SchemaData></ExtendedData>
      <Point><coordinates>-57.6201701331839,-25.2827303903143</coordinates></Point>
  </Placemark>
  <Placemark id="censo_infona_2022.120">
	<ExtendedData><SchemaData schemaUrl="#censo_infona_2022">
		<SimpleData name="Nº">120</SimpleData>
		<SimpleData name="Nombre_Com">Tajy hu</SimpleData>
		<SimpleData name="X">437555</SimpleData>
		<SimpleData name="Y">7203618</SimpleData>
	</SchemaData></ExtendedData>
      <Point><coordinates>-57.6202388773351,-25.2825765843972</coordinates></Point>
  </Placemark>
  <Placemark id="censo_infona_2022.121">
	<ExtendedData><SchemaData schemaUrl="#censo_infona_2022">
		<SimpleData name="Nº">121</SimpleData>
		<SimpleData name="Nombre_Com">Yvyra pyta</SimpleData>
		<SimpleData name="X">437553</SimpleData>
		<SimpleData name="Y">7203618</SimpleData>
	</SchemaData></ExtendedData>
      <Point><coordinates>-57.6202587415394,-25.2825765008945</coordinates></Point>
  </Placemark>
  <Placemark id="censo_infona_2022.122">
	<ExtendedData><SchemaData schemaUrl="#censo_infona_2022">
		<SimpleData name="Nº">122</SimpleData>
		<SimpleData name="Nombre_Com">Tajy hu</SimpleData>
		<SimpleData name="X">437555</SimpleData>
		<SimpleData name="Y">7203624</SimpleData>
	</SchemaData></ExtendedData>
      <Point><coordinates>-57.6202386018123,-25.2825224030989</coordinates></Point>
  </Placemark>
  <Placemark id="censo_infona_2022.123">
	<ExtendedData><SchemaData schemaUrl="#censo_infona_2022">
		<SimpleData name="Nº">123</SimpleData>
		<SimpleData name="Nombre_Com">Yvyra pyta</SimpleData>
		<SimpleData name="X">437558</SimpleData>
		<SimpleData name="Y">7203616</SimpleData>
	</SchemaData></ExtendedData>
      <Point><coordinates>-57.6202091728651,-25.2825947700792</coordinates></Point>
  </Placemark>
  <Placemark id="censo_infona_2022.124">
	<ExtendedData><SchemaData schemaUrl="#censo_infona_2022">
		<SimpleData name="Nº">124</SimpleData>
		<SimpleData name="Nombre_Com">Yvyra pyta</SimpleData>
		<SimpleData name="X">437549</SimpleData>
		<SimpleData name="Y">7203614</SimpleData>
	</SchemaData></ExtendedData>
      <Point><coordinates>-57.6202986536478,-25.2826124547459</coordinates></Point>
  </Placemark>
  <Placemark id="censo_infona_2022.125">
	<ExtendedData><SchemaData schemaUrl="#censo_infona_2022">
		<SimpleData name="Nº">125</SimpleData>
		<SimpleData name="Nombre_Com">Leucaena</SimpleData>
		<SimpleData name="X">437550</SimpleData>
		<SimpleData name="Y">7203585</SimpleData>
	</SchemaData></ExtendedData>
      <Point><coordinates>-57.6202900533567,-25.2828743727663</coordinates></Point>
  </Placemark>
  <Placemark id="censo_infona_2022.126">
	<ExtendedData><SchemaData schemaUrl="#censo_infona_2022">
		<SimpleData name="Nº">126</SimpleData>
		<SimpleData name="Nombre_Com">Gomero</SimpleData>
		<SimpleData name="X">437550</SimpleData>
		<SimpleData name="Y">7203603</SimpleData>
	</SchemaData></ExtendedData>
      <Point><coordinates>-57.6202892267114,-25.2827118288782</coordinates></Point>
  </Placemark>
  <Placemark id="censo_infona_2022.127">
	<ExtendedData><SchemaData schemaUrl="#censo_infona_2022">
		<SimpleData name="Nº">127</SimpleData>
		<SimpleData name="Nombre_Com">Yvyra pyta</SimpleData>
		<SimpleData name="X">437552</SimpleData>
		<SimpleData name="Y">7203613</SimpleData>
	</SchemaData></ExtendedData>
      <Point><coordinates>-57.6202689032555,-25.2826216102235</coordinates></Point>
  </Placemark>
  <Placemark id="censo_infona_2022.128">
	<ExtendedData><SchemaData schemaUrl="#censo_infona_2022">
		<SimpleData name="Nº">128</SimpleData>
		<SimpleData name="Nombre_Com">Tajy hu</SimpleData>
		<SimpleData name="X">437530</SimpleData>
		<SimpleData name="Y">7203617</SimpleData>
	</SchemaData></ExtendedData>
      <Point><coordinates>-57.6204872258219,-25.2825845706364</coordinates></Point>
  </Placemark>
  <Placemark id="censo_infona_2022.129">
	<ExtendedData><SchemaData schemaUrl="#censo_infona_2022">
		<SimpleData name="Nº">129</SimpleData>
		<SimpleData name="Nombre_Com">Tajy hu</SimpleData>
		<SimpleData name="X">437526</SimpleData>
		<SimpleData name="Y">7203608</SimpleData>
	</SchemaData></ExtendedData>
      <Point><coordinates>-57.620527367709,-25.2826656755035</coordinates></Point>
  </Placemark>
  <Placemark id="censo_infona_2022.130">
	<ExtendedData><SchemaData schemaUrl="#censo_infona_2022">
		<SimpleData name="Nº">130</SimpleData>
		<SimpleData name="Nombre_Com">Tajy hu</SimpleData>
		<SimpleData name="X">437527</SimpleData>
		<SimpleData name="Y">7203607</SimpleData>
	</SchemaData></ExtendedData>
      <Point><coordinates>-57.6205174815414,-25.2826747474893</coordinates></Point>
  </Placemark>
  <Placemark id="censo_infona_2022.131">
	<ExtendedData><SchemaData schemaUrl="#censo_infona_2022">
		<SimpleData name="Nº">131</SimpleData>
		<SimpleData name="Nombre_Com">Yvyra pyta</SimpleData>
		<SimpleData name="X">437526</SimpleData>
		<SimpleData name="Y">7203594</SimpleData>
	</SchemaData></ExtendedData>
      <Point><coordinates>-57.6205280109002,-25.282792098523</coordinates></Point>
  </Placemark>
  <Placemark id="censo_infona_2022.132">
	<ExtendedData><SchemaData schemaUrl="#censo_infona_2022">
		<SimpleData name="Nº">132</SimpleData>
		<SimpleData name="Nombre_Com">Nuez de la india</SimpleData>
		<SimpleData name="X">437528</SimpleData>
		<SimpleData name="Y">7203605</SimpleData>
	</SchemaData></ExtendedData>
      <Point><coordinates>-57.6205076413131,-25.2826928496901</coordinates></Point>
  </Placemark>
  <Placemark id="censo_infona_2022.133">
	<ExtendedData><SchemaData schemaUrl="#censo_infona_2022">
		<SimpleData name="Nº">133</SimpleData>
		<SimpleData name="Nombre_Com">Tajy hu</SimpleData>
		<SimpleData name="X">437516</SimpleData>
		<SimpleData name="Y">7203612</SimpleData>
	</SchemaData></ExtendedData>
      <Point><coordinates>-57.6206265049994,-25.282629136905</coordinates></Point>
  </Placemark>
  <Placemark id="censo_infona_2022.134">
	<ExtendedData><SchemaData schemaUrl="#censo_infona_2022">
		<SimpleData name="Nº">134</SimpleData>
		<SimpleData name="Nombre_Com">Pindó</SimpleData>
		<SimpleData name="X">437518</SimpleData>
		<SimpleData name="Y">7203619</SimpleData>
	</SchemaData></ExtendedData>
      <Point><coordinates>-57.6206063191533,-25.2825660089475</coordinates></Point>
  </Placemark>
  <Placemark id="censo_infona_2022.135">
	<ExtendedData><SchemaData schemaUrl="#censo_infona_2022">
		<SimpleData name="Nº">135</SimpleData>
		<SimpleData name="Nombre_Com">Tajy hu</SimpleData>
		<SimpleData name="X">437516</SimpleData>
		<SimpleData name="Y">7203608</SimpleData>
	</SchemaData></ExtendedData>
      <Point><coordinates>-57.6206266887969,-25.2826652577674</coordinates></Point>
  </Placemark>
  <Placemark id="censo_infona_2022.136">
	<ExtendedData><SchemaData schemaUrl="#censo_infona_2022">
		<SimpleData name="Nº">136</SimpleData>
		<SimpleData name="Nombre_Com">Yvyra pyta</SimpleData>
		<SimpleData name="X">437518</SimpleData>
		<SimpleData name="Y">7203605</SimpleData>
	</SchemaData></ExtendedData>
      <Point><coordinates>-57.6206069624235,-25.2826924319668</coordinates></Point>
  </Placemark>
  <Placemark id="censo_infona_2022.137">
	<ExtendedData><SchemaData schemaUrl="#censo_infona_2022">
		<SimpleData name="Nº">137</SimpleData>
		<SimpleData name="Nombre_Com">Nuez de la india</SimpleData>
		<SimpleData name="X">437511</SimpleData>
		<SimpleData name="Y">7203602</SimpleData>
	</SchemaData></ExtendedData>
      <Point><coordinates>-57.6206766250591,-25.2827192301671</coordinates></Point>
  </Placemark>
  <Placemark id="censo_infona_2022.138">
	<ExtendedData><SchemaData schemaUrl="#censo_infona_2022">
		<SimpleData name="Nº">138</SimpleData>
		<SimpleData name="Nombre_Com">Naranja hai</SimpleData>
		<SimpleData name="X">437518</SimpleData>
		<SimpleData name="Y">7203603</SimpleData>
	</SchemaData></ExtendedData>
      <Point><coordinates>-57.6206070543196,-25.2827104923979</coordinates></Point>
  </Placemark>
  <Placemark id="censo_infona_2022.139">
	<ExtendedData><SchemaData schemaUrl="#censo_infona_2022">
		<SimpleData name="Nº">139</SimpleData>
		<SimpleData name="Nombre_Com">Tajy hu</SimpleData>
		<SimpleData name="X">437511</SimpleData>
		<SimpleData name="Y">7203606</SimpleData>
	</SchemaData></ExtendedData>
      <Point><coordinates>-57.6206764412463,-25.2826831093053</coordinates></Point>
  </Placemark>
  <Placemark id="censo_infona_2022.140">
	<ExtendedData><SchemaData schemaUrl="#censo_infona_2022">
		<SimpleData name="Nº">140</SimpleData>
		<SimpleData name="Nombre_Com">Tajy hu</SimpleData>
		<SimpleData name="X">437509</SimpleData>
		<SimpleData name="Y">7203606</SimpleData>
	</SchemaData></ExtendedData>
      <Point><coordinates>-57.6206963054664,-25.2826830257433</coordinates></Point>
  </Placemark>
  <Placemark id="censo_infona_2022.141">
	<ExtendedData><SchemaData schemaUrl="#censo_infona_2022">
		<SimpleData name="Nº">141</SimpleData>
		<SimpleData name="Nombre_Com">Nuez de la india</SimpleData>
		<SimpleData name="X">437511</SimpleData>
		<SimpleData name="Y">7203601</SimpleData>
	</SchemaData></ExtendedData>
      <Point><coordinates>-57.6206766710123,-25.2827282603825</coordinates></Point>
  </Placemark>
  <Placemark id="censo_infona_2022.142">
	<ExtendedData><SchemaData schemaUrl="#censo_infona_2022">
		<SimpleData name="Nº">142</SimpleData>
		<SimpleData name="Nombre_Com">Paraiso</SimpleData>
		<SimpleData name="X">437510</SimpleData>
		<SimpleData name="Y">7203598</SimpleData>
	</SchemaData></ExtendedData>
      <Point><coordinates>-57.6206867409881,-25.2827553092479</coordinates></Point>
  </Placemark>
  <Placemark id="censo_infona_2022.143">
	<ExtendedData><SchemaData schemaUrl="#censo_infona_2022">
		<SimpleData name="Nº">143</SimpleData>
		<SimpleData name="Nombre_Com">Paraiso</SimpleData>
		<SimpleData name="X">437502</SimpleData>
		<SimpleData name="Y">7203607</SimpleData>
	</SchemaData></ExtendedData>
      <Point><coordinates>-57.620765784276,-25.2826737030399</coordinates></Point>
  </Placemark>
  <Placemark id="censo_infona_2022.144">
	<ExtendedData><SchemaData schemaUrl="#censo_infona_2022">
		<SimpleData name="Nº">144</SimpleData>
		<SimpleData name="Nombre_Com">Paraiso</SimpleData>
		<SimpleData name="X">437508</SimpleData>
		<SimpleData name="Y">7203585</SimpleData>
	</SchemaData></ExtendedData>
      <Point><coordinates>-57.6207072026437,-25.2828726184828</coordinates></Point>
  </Placemark>
  <Placemark id="censo_infona_2022.145">
	<ExtendedData><SchemaData schemaUrl="#censo_infona_2022">
		<SimpleData name="Nº">145</SimpleData>
		<SimpleData name="Nombre_Com">Tajy hu</SimpleData>
		<SimpleData name="X">437506</SimpleData>
		<SimpleData name="Y">7203584</SimpleData>
	</SchemaData></ExtendedData>
      <Point><coordinates>-57.6207271128518,-25.2828815651312</coordinates></Point>
  </Placemark>
  <Placemark id="censo_infona_2022.146">
	<ExtendedData><SchemaData schemaUrl="#censo_infona_2022">
		<SimpleData name="Nº">146</SimpleData>
		<SimpleData name="Nombre_Com">Tajy hu</SimpleData>
		<SimpleData name="X">437508</SimpleData>
		<SimpleData name="Y">7203577</SimpleData>
	</SchemaData></ExtendedData>
      <Point><coordinates>-57.6207075702909,-25.282944860204</coordinates></Point>
  </Placemark>
  <Placemark id="censo_infona_2022.147">
	<ExtendedData><SchemaData schemaUrl="#censo_infona_2022">
		<SimpleData name="Nº">147</SimpleData>
		<SimpleData name="Nombre_Com">Tajy hu</SimpleData>
		<SimpleData name="X">437506</SimpleData>
		<SimpleData name="Y">7203574</SimpleData>
	</SchemaData></ExtendedData>
      <Point><coordinates>-57.620727572426,-25.2829718672821</coordinates></Point>
  </Placemark>
  <Placemark id="censo_infona_2022.148">
	<ExtendedData><SchemaData schemaUrl="#censo_infona_2022">
		<SimpleData name="Nº">148</SimpleData>
		<SimpleData name="Nombre_Com">Lluvia de oro</SimpleData>
		<SimpleData name="X">437504</SimpleData>
		<SimpleData name="Y">7203572</SimpleData>
	</SchemaData></ExtendedData>
      <Point><coordinates>-57.6207475286109,-25.2829898441424</coordinates></Point>
  </Placemark>
  <Placemark id="censo_infona_2022.149">
	<ExtendedData><SchemaData schemaUrl="#censo_infona_2022">
		<SimpleData name="Nº">149</SimpleData>
		<SimpleData name="Nombre_Com">Tajy hu</SimpleData>
		<SimpleData name="X">437503</SimpleData>
		<SimpleData name="Y">7203573</SimpleData>
	</SchemaData></ExtendedData>
      <Point><coordinates>-57.620757414786,-25.2829807721415</coordinates></Point>
  </Placemark>
  <Placemark id="censo_infona_2022.150">
	<ExtendedData><SchemaData schemaUrl="#censo_infona_2022">
		<SimpleData name="Nº">150</SimpleData>
		<SimpleData name="Nombre_Com">Nuez de la india</SimpleData>
		<SimpleData name="X">437504</SimpleData>
		<SimpleData name="Y">7203574</SimpleData>
	</SchemaData></ExtendedData>
      <Point><coordinates>-57.6207474366929,-25.2829717837124</coordinates></Point>
  </Placemark>
  <Placemark id="censo_infona_2022.151">
	<ExtendedData><SchemaData schemaUrl="#censo_infona_2022">
		<SimpleData name="Nº">151</SimpleData>
		<SimpleData name="Nombre_Com">Yvyra ro</SimpleData>
		<SimpleData name="X">437447</SimpleData>
		<SimpleData name="Y">7203571</SimpleData>
	</SchemaData></ExtendedData>
      <Point><coordinates>-57.6213137062643,-25.2829964914919</coordinates></Point>
  </Placemark>
  <Placemark id="censo_infona_2022.152">
	<ExtendedData><SchemaData schemaUrl="#censo_infona_2022">
		<SimpleData name="Nº">152</SimpleData>
		<SimpleData name="Nombre_Com">Yvyra pyta</SimpleData>
		<SimpleData name="X">437494</SimpleData>
		<SimpleData name="Y">7203576</SimpleData>
	</SchemaData></ExtendedData>
      <Point><coordinates>-57.6208466660932,-25.2829533053937</coordinates></Point>
  </Placemark>
  <Placemark id="censo_infona_2022.153">
	<ExtendedData><SchemaData schemaUrl="#censo_infona_2022">
		<SimpleData name="Nº">153</SimpleData>
		<SimpleData name="Nombre_Com">Tajy hu</SimpleData>
		<SimpleData name="X">437501</SimpleData>
		<SimpleData name="Y">7203571</SimpleData>
	</SchemaData></ExtendedData>
      <Point><coordinates>-57.6207773709767,-25.2829987489975</coordinates></Point>
  </Placemark>
  <Placemark id="censo_infona_2022.154">
	<ExtendedData><SchemaData schemaUrl="#censo_infona_2022">
		<SimpleData name="Nº">154</SimpleData>
		<SimpleData name="Nombre_Com">Tajy hu</SimpleData>
		<SimpleData name="X">437504</SimpleData>
		<SimpleData name="Y">7203587</SimpleData>
	</SchemaData></ExtendedData>
      <Point><coordinates>-57.6207468392277,-25.2828543909164</coordinates></Point>
  </Placemark>
  <Placemark id="censo_infona_2022.155">
	<ExtendedData><SchemaData schemaUrl="#censo_infona_2022">
		<SimpleData name="Nº">155</SimpleData>
		<SimpleData name="Nombre_Com">Tarumá</SimpleData>
		<SimpleData name="X">437502</SimpleData>
		<SimpleData name="Y">7203586</SimpleData>
	</SchemaData></ExtendedData>
      <Point><coordinates>-57.6207667494356,-25.2828633375595</coordinates></Point>
  </Placemark>
  <Placemark id="censo_infona_2022.156">
	<ExtendedData><SchemaData schemaUrl="#censo_infona_2022">
		<SimpleData name="Nº">156</SimpleData>
		<SimpleData name="Nombre_Com">No identificado 3</SimpleData>
		<SimpleData name="X">437504</SimpleData>
		<SimpleData name="Y">7203586</SimpleData>
	</SchemaData></ExtendedData>
      <Point><coordinates>-57.6207468851864,-25.2828634211315</coordinates></Point>
  </Placemark>
  <Placemark id="censo_infona_2022.157">
	<ExtendedData><SchemaData schemaUrl="#censo_infona_2022">
		<SimpleData name="Nº">157</SimpleData>
		<SimpleData name="Nombre_Com">Hovenia</SimpleData>
		<SimpleData name="X">437491</SimpleData>
		<SimpleData name="Y">7203598</SimpleData>
	</SchemaData></ExtendedData>
      <Point><coordinates>-57.6208754511863,-25.2827545152857</coordinates></Point>
  </Placemark>
  <Placemark id="censo_infona_2022.158">
	<ExtendedData><SchemaData schemaUrl="#censo_infona_2022">
		<SimpleData name="Nº">158</SimpleData>
		<SimpleData name="Nombre_Com">Laurel canela</SimpleData>
		<SimpleData name="X">437488</SimpleData>
		<SimpleData name="Y">7203591</SimpleData>
	</SchemaData></ExtendedData>
      <Point><coordinates>-57.6209055693248,-25.2828176014059</coordinates></Point>
  </Placemark>
  <Placemark id="censo_infona_2022.159">
	<ExtendedData><SchemaData schemaUrl="#censo_infona_2022">
		<SimpleData name="Nº">159</SimpleData>
		<SimpleData name="Nombre_Com">Tajy hu</SimpleData>
		<SimpleData name="X">437487</SimpleData>
		<SimpleData name="Y">7203601</SimpleData>
	</SchemaData></ExtendedData>
      <Point><coordinates>-57.6209150417352,-25.28272725746</coordinates></Point>
  </Placemark>
  <Placemark id="censo_infona_2022.160">
	<ExtendedData><SchemaData schemaUrl="#censo_infona_2022">
		<SimpleData name="Nº">160</SimpleData>
		<SimpleData name="Nombre_Com">Tajy hu</SimpleData>
		<SimpleData name="X">437481</SimpleData>
		<SimpleData name="Y">7203592</SimpleData>
	</SchemaData></ExtendedData>
      <Point><coordinates>-57.6209750481927,-25.282808278603</coordinates></Point>
  </Placemark>
  <Placemark id="censo_infona_2022.161">
	<ExtendedData><SchemaData schemaUrl="#censo_infona_2022">
		<SimpleData name="Nº">161</SimpleData>
		<SimpleData name="Nombre_Com">Mango</SimpleData>
		<SimpleData name="X">437489</SimpleData>
		<SimpleData name="Y">7203589</SimpleData>
	</SchemaData></ExtendedData>
      <Point><coordinates>-57.6208957291436,-25.2828357036314</coordinates></Point>
  </Placemark>
  <Placemark id="censo_infona_2022.162">
	<ExtendedData><SchemaData schemaUrl="#censo_infona_2022">
		<SimpleData name="Nº">162</SimpleData>
		<SimpleData name="Nombre_Com">Villetana</SimpleData>
		<SimpleData name="X">437483</SimpleData>
		<SimpleData name="Y">7203581</SimpleData>
	</SchemaData></ExtendedData>
      <Point><coordinates>-57.6209556896691,-25.2829076945656</coordinates></Point>
  </Placemark>
  <Placemark id="censo_infona_2022.163">
	<ExtendedData><SchemaData schemaUrl="#censo_infona_2022">
		<SimpleData name="Nº">163</SimpleData>
		<SimpleData name="Nombre_Com">Tajy hu</SimpleData>
		<SimpleData name="X">437487</SimpleData>
		<SimpleData name="Y">7203583</SimpleData>
	</SchemaData></ExtendedData>
      <Point><coordinates>-57.6209158692151,-25.2828898013285</coordinates></Point>
  </Placemark>
  <Placemark id="censo_infona_2022.164">
	<ExtendedData><SchemaData schemaUrl="#censo_infona_2022">
		<SimpleData name="Nº">164</SimpleData>
		<SimpleData name="Nombre_Com">Nuez de la india</SimpleData>
		<SimpleData name="X">437492</SimpleData>
		<SimpleData name="Y">7203581</SimpleData>
	</SchemaData></ExtendedData>
      <Point><coordinates>-57.620866300518,-25.2829080707337</coordinates></Point>
  </Placemark>
  <Placemark id="censo_infona_2022.165">
	<ExtendedData><SchemaData schemaUrl="#censo_infona_2022">
		<SimpleData name="Nº">165</SimpleData>
		<SimpleData name="Nombre_Com">Yvyra pyta</SimpleData>
		<SimpleData name="X">437490</SimpleData>
		<SimpleData name="Y">7203577</SimpleData>
	</SchemaData></ExtendedData>
      <Point><coordinates>-57.6208863486507,-25.2829441080048</coordinates></Point>
  </Placemark>
  <Placemark id="censo_infona_2022.166">
	<ExtendedData><SchemaData schemaUrl="#censo_infona_2022">
		<SimpleData name="Nº">166</SimpleData>
		<SimpleData name="Nombre_Com">Yvyra pyta</SimpleData>
		<SimpleData name="X">437491</SimpleData>
		<SimpleData name="Y">7203577</SimpleData>
	</SchemaData></ExtendedData>
      <Point><coordinates>-57.6208764165198,-25.2829441497993</coordinates></Point>
  </Placemark>
  <Placemark id="censo_infona_2022.167">
	<ExtendedData><SchemaData schemaUrl="#censo_infona_2022">
		<SimpleData name="Nº">167</SimpleData>
		<SimpleData name="Nombre_Com">Laurel</SimpleData>
		<SimpleData name="X">437484</SimpleData>
		<SimpleData name="Y">7203579</SimpleData>
	</SchemaData></ExtendedData>
      <Point><coordinates>-57.6209458494885,-25.2829257967942</coordinates></Point>
  </Placemark>
  <Placemark id="censo_infona_2022.168">
	<ExtendedData><SchemaData schemaUrl="#censo_infona_2022">
		<SimpleData name="Nº">168</SimpleData>
		<SimpleData name="Nombre_Com">Amba'y</SimpleData>
		<SimpleData name="X">437485</SimpleData>
		<SimpleData name="Y">7203578</SimpleData>
	</SchemaData></ExtendedData>
      <Point><coordinates>-57.620935963332,-25.2829348688074</coordinates></Point>
  </Placemark>
  <Placemark id="censo_infona_2022.169">
	<ExtendedData><SchemaData schemaUrl="#censo_infona_2022">
		<SimpleData name="Nº">169</SimpleData>
		<SimpleData name="Nombre_Com">Tajy hu</SimpleData>
		<SimpleData name="X">437481</SimpleData>
		<SimpleData name="Y">7203573</SimpleData>
	</SchemaData></ExtendedData>
      <Point><coordinates>-57.6209759217315,-25.2829798526824</coordinates></Point>
  </Placemark>
  <Placemark id="censo_infona_2022.170">
	<ExtendedData><SchemaData schemaUrl="#censo_infona_2022">
		<SimpleData name="Nº">170</SimpleData>
		<SimpleData name="Nombre_Com">Kurupa'y ra</SimpleData>
		<SimpleData name="X">437487</SimpleData>
		<SimpleData name="Y">7203576</SimpleData>
	</SchemaData></ExtendedData>
      <Point><coordinates>-57.6209161910148,-25.2829530128319</coordinates></Point>
  </Placemark>
  <Placemark id="censo_infona_2022.171">
	<ExtendedData><SchemaData schemaUrl="#censo_infona_2022">
		<SimpleData name="Nº">171</SimpleData>
		<SimpleData name="Nombre_Com">Aguai</SimpleData>
		<SimpleData name="X">437480</SimpleData>
		<SimpleData name="Y">7203570</SimpleData>
	</SchemaData></ExtendedData>
      <Point><coordinates>-57.6209859917952,-25.2830069015249</coordinates></Point>
  </Placemark>
  <Placemark id="censo_infona_2022.172">
	<ExtendedData><SchemaData schemaUrl="#censo_infona_2022">
		<SimpleData name="Nº">172</SimpleData>
		<SimpleData name="Nombre_Com">Laurel</SimpleData>
		<SimpleData name="X">437473</SimpleData>
		<SimpleData name="Y">7203569</SimpleData>
	</SchemaData></ExtendedData>
      <Point><coordinates>-57.6210555627273,-25.2830156391113</coordinates></Point>
  </Placemark>
  <Placemark id="censo_infona_2022.173">
	<ExtendedData><SchemaData schemaUrl="#censo_infona_2022">
		<SimpleData name="Nº">173</SimpleData>
		<SimpleData name="Nombre_Com">Tajy hu</SimpleData>
		<SimpleData name="X">437472</SimpleData>
		<SimpleData name="Y">7203582</SimpleData>
	</SchemaData></ExtendedData>
      <Point><coordinates>-57.6210648970912,-25.2828982045164</coordinates></Point>
  </Placemark>
  <Placemark id="censo_infona_2022.174">
	<ExtendedData><SchemaData schemaUrl="#censo_infona_2022">
		<SimpleData name="Nº">174</SimpleData>
		<SimpleData name="Nombre_Com">Tajy hu</SimpleData>
		<SimpleData name="X">437471</SimpleData>
		<SimpleData name="Y">7203583</SimpleData>
	</SchemaData></ExtendedData>
      <Point><coordinates>-57.621074783235,-25.2828891324947</coordinates></Point>
  </Placemark>
  <Placemark id="censo_infona_2022.175">
	<ExtendedData><SchemaData schemaUrl="#censo_infona_2022">
		<SimpleData name="Nº">175</SimpleData>
		<SimpleData name="Nombre_Com">Kurupa'y ra</SimpleData>
		<SimpleData name="X">437472</SimpleData>
		<SimpleData name="Y">7203573</SimpleData>
	</SchemaData></ExtendedData>
      <Point><coordinates>-57.6210653109333,-25.2829794764469</coordinates></Point>
  </Placemark>
  <Placemark id="censo_infona_2022.176">
	<ExtendedData><SchemaData schemaUrl="#censo_infona_2022">
		<SimpleData name="Nº">176</SimpleData>
		<SimpleData name="Nombre_Com">Tajy hu</SimpleData>
		<SimpleData name="X">437474</SimpleData>
		<SimpleData name="Y">7203570</SimpleData>
	</SchemaData></ExtendedData>
      <Point><coordinates>-57.6210455846098,-25.2830066507028</coordinates></Point>
  </Placemark>
  <Placemark id="censo_infona_2022.177">
	<ExtendedData><SchemaData schemaUrl="#censo_infona_2022">
		<SimpleData name="Nº">177</SimpleData>
		<SimpleData name="Nombre_Com">Yvyra pyta</SimpleData>
		<SimpleData name="X">437463</SimpleData>
		<SimpleData name="Y">7203568</SimpleData>
	</SchemaData></ExtendedData>
      <Point><coordinates>-57.6211549300795,-25.2830242512285</coordinates></Point>
  </Placemark>
  <Placemark id="censo_infona_2022.178">
	<ExtendedData><SchemaData schemaUrl="#censo_infona_2022">
		<SimpleData name="Nº">178</SimpleData>
		<SimpleData name="Nombre_Com">Tajy hu</SimpleData>
		<SimpleData name="X">437461</SimpleData>
		<SimpleData name="Y">7203573</SimpleData>
	</SchemaData></ExtendedData>
      <Point><coordinates>-57.6211745643998,-25.2829790165298</coordinates></Point>
  </Placemark>
  <Placemark id="censo_infona_2022.179">
	<ExtendedData><SchemaData schemaUrl="#censo_infona_2022">
		<SimpleData name="Nº">179</SimpleData>
		<SimpleData name="Nombre_Com">Tajy hu</SimpleData>
		<SimpleData name="X">437460</SimpleData>
		<SimpleData name="Y">7203572</SimpleData>
	</SchemaData></ExtendedData>
      <Point><coordinates>-57.6211845425244,-25.2829880049294</coordinates></Point>
  </Placemark>
  <Placemark id="censo_infona_2022.180">
	<ExtendedData><SchemaData schemaUrl="#censo_infona_2022">
		<SimpleData name="Nº">180</SimpleData>
		<SimpleData name="Nombre_Com">Tajy hu</SimpleData>
		<SimpleData name="X">437460</SimpleData>
		<SimpleData name="Y">7203566</SimpleData>
	</SchemaData></ExtendedData>
      <Point><coordinates>-57.6211848184732,-25.2830421862146</coordinates></Point>
  </Placemark>
  <Placemark id="censo_infona_2022.181">
	<ExtendedData><SchemaData schemaUrl="#censo_infona_2022">
		<SimpleData name="Nº">181</SimpleData>
		<SimpleData name="Nombre_Com">Pindó</SimpleData>
		<SimpleData name="X">437466</SimpleData>
		<SimpleData name="Y">7203569</SimpleData>
	</SchemaData></ExtendedData>
      <Point><coordinates>-57.6211250876816,-25.2830153464503</coordinates></Point>
  </Placemark>
  <Placemark id="censo_infona_2022.182">
	<ExtendedData><SchemaData schemaUrl="#censo_infona_2022">
		<SimpleData name="Nº">182</SimpleData>
		<SimpleData name="Nombre_Com">Laurel</SimpleData>
		<SimpleData name="X">437466</SimpleData>
		<SimpleData name="Y">7203564</SimpleData>
	</SchemaData></ExtendedData>
      <Point><coordinates>-57.6211253176172,-25.2830604975217</coordinates></Point>
  </Placemark>
  <Placemark id="censo_infona_2022.183">
	<ExtendedData><SchemaData schemaUrl="#censo_infona_2022">
		<SimpleData name="Nº">183</SimpleData>
		<SimpleData name="Nombre_Com">Pindó</SimpleData>
		<SimpleData name="X">437464</SimpleData>
		<SimpleData name="Y">7203565</SimpleData>
	</SchemaData></ExtendedData>
      <Point><coordinates>-57.6211451359083,-25.2830513836839</coordinates></Point>
  </Placemark>
  <Placemark id="censo_infona_2022.184">
	<ExtendedData><SchemaData schemaUrl="#censo_infona_2022">
		<SimpleData name="Nº">184</SimpleData>
		<SimpleData name="Nombre_Com">Mbokaja</SimpleData>
		<SimpleData name="X">437459</SimpleData>
		<SimpleData name="Y">7203563</SimpleData>
	</SchemaData></ExtendedData>
      <Point><coordinates>-57.6211948885884,-25.2830692350416</coordinates></Point>
  </Placemark>
  <Placemark id="censo_infona_2022.185">
	<ExtendedData><SchemaData schemaUrl="#censo_infona_2022">
		<SimpleData name="Nº">185</SimpleData>
		<SimpleData name="Nombre_Com">Tajy hu</SimpleData>
		<SimpleData name="X">437459</SimpleData>
		<SimpleData name="Y">7203567</SimpleData>
	</SchemaData></ExtendedData>
      <Point><coordinates>-57.6211947046193,-25.283033114185</coordinates></Point>
  </Placemark>
  <Placemark id="censo_infona_2022.186">
	<ExtendedData><SchemaData schemaUrl="#censo_infona_2022">
		<SimpleData name="Nº">186</SimpleData>
		<SimpleData name="Nombre_Com">Tajy hu</SimpleData>
		<SimpleData name="X">437454</SimpleData>
		<SimpleData name="Y">7203567</SimpleData>
	</SchemaData></ExtendedData>
      <Point><coordinates>-57.6212443653068,-25.2830329050979</coordinates></Point>
  </Placemark>
  <Placemark id="censo_infona_2022.187">
	<ExtendedData><SchemaData schemaUrl="#censo_infona_2022">
		<SimpleData name="Nº">187</SimpleData>
		<SimpleData name="Nombre_Com">Tajy hu</SimpleData>
		<SimpleData name="X">437448</SimpleData>
		<SimpleData name="Y">7203566</SimpleData>
	</SchemaData></ExtendedData>
      <Point><coordinates>-57.6213040041315,-25.2830416843852</coordinates></Point>
  </Placemark>
  <Placemark id="censo_infona_2022.188">
	<ExtendedData><SchemaData schemaUrl="#censo_infona_2022">
		<SimpleData name="Nº">188</SimpleData>
		<SimpleData name="Nombre_Com">Yvyra pyta</SimpleData>
		<SimpleData name="X">437451</SimpleData>
		<SimpleData name="Y">7203563</SimpleData>
	</SchemaData></ExtendedData>
      <Point><coordinates>-57.6212743457118,-25.2830689004936</coordinates></Point>
  </Placemark>
  <Placemark id="censo_infona_2022.189">
	<ExtendedData><SchemaData schemaUrl="#censo_infona_2022">
		<SimpleData name="Nº">189</SimpleData>
		<SimpleData name="Nombre_Com">Tajy hu</SimpleData>
		<SimpleData name="X">437419</SimpleData>
		<SimpleData name="Y">7203547</SimpleData>
	</SchemaData></ExtendedData>
      <Point><coordinates>-57.6215929105416,-25.2832120452874</coordinates></Point>
  </Placemark>
  <Placemark id="censo_infona_2022.190">
	<ExtendedData><SchemaData schemaUrl="#censo_infona_2022">
		<SimpleData name="Nº">190</SimpleData>
		<SimpleData name="Nombre_Com">Yvyra ju</SimpleData>
		<SimpleData name="X">437419</SimpleData>
		<SimpleData name="Y">7203546</SimpleData>
	</SchemaData></ExtendedData>
      <Point><coordinates>-57.6215929565638,-25.2832210755007</coordinates></Point>
  </Placemark>
  <Placemark id="censo_infona_2022.191">
	<ExtendedData><SchemaData schemaUrl="#censo_infona_2022">
		<SimpleData name="Nº">191</SimpleData>
		<SimpleData name="Nombre_Com">Tajy hu</SimpleData>
		<SimpleData name="X">437413</SimpleData>
		<SimpleData name="Y">7203544</SimpleData>
	</SchemaData></ExtendedData>
      <Point><coordinates>-57.6216526415292,-25.2832388848578</coordinates></Point>
  </Placemark>
  <Placemark id="censo_infona_2022.192">
	<ExtendedData><SchemaData schemaUrl="#censo_infona_2022">
		<SimpleData name="Nº">192</SimpleData>
		<SimpleData name="Nombre_Com">Tajy hu</SimpleData>
		<SimpleData name="X">437755</SimpleData>
		<SimpleData name="Y">7203803</SimpleData>
	</SchemaData></ExtendedData>
      <Point><coordinates>-57.6182439887366,-25.2809143303267</coordinates></Point>
  </Placemark>
  <Placemark id="censo_infona_2022.193">
	<ExtendedData><SchemaData schemaUrl="#censo_infona_2022">
		<SimpleData name="Nº">193</SimpleData>
		<SimpleData name="Nombre_Com">Tajy hu</SimpleData>
		<SimpleData name="X">437763</SimpleData>
		<SimpleData name="Y">7203795</SimpleData>
	</SchemaData></ExtendedData>
      <Point><coordinates>-57.61816489908,-25.2809869049916</coordinates></Point>
  </Placemark>
  <Placemark id="censo_infona_2022.194">
	<ExtendedData><SchemaData schemaUrl="#censo_infona_2022">
		<SimpleData name="Nº">194</SimpleData>
		<SimpleData name="Nombre_Com">Yvyra pyta</SimpleData>
		<SimpleData name="X">437748</SimpleData>
		<SimpleData name="Y">7203792</SimpleData>
	</SchemaData></ExtendedData>
      <Point><coordinates>-57.6183140160517,-25.281013371451</coordinates></Point>
  </Placemark>
  <Placemark id="censo_infona_2022.195">
	<ExtendedData><SchemaData schemaUrl="#censo_infona_2022">
		<SimpleData name="Nº">195</SimpleData>
		<SimpleData name="Nombre_Com">Yvyra pyta</SimpleData>
		<SimpleData name="X">437748</SimpleData>
		<SimpleData name="Y">7203788</SimpleData>
	</SchemaData></ExtendedData>
      <Point><coordinates>-57.6183141991511,-25.2810494923372</coordinates></Point>
  </Placemark>
  <Placemark id="censo_infona_2022.196">
	<ExtendedData><SchemaData schemaUrl="#censo_infona_2022">
		<SimpleData name="Nº">196</SimpleData>
		<SimpleData name="Nombre_Com">Tajy hu</SimpleData>
		<SimpleData name="X">437751</SimpleData>
		<SimpleData name="Y">7203784</SimpleData>
	</SchemaData></ExtendedData>
      <Point><coordinates>-57.6182845862974,-25.2810857380768</coordinates></Point>
  </Placemark>
  <Placemark id="censo_infona_2022.197">
	<ExtendedData><SchemaData schemaUrl="#censo_infona_2022">
		<SimpleData name="Nº">197</SimpleData>
		<SimpleData name="Nombre_Com">Yvyra pyta</SimpleData>
		<SimpleData name="X">437740</SimpleData>
		<SimpleData name="Y">7203784</SimpleData>
	</SchemaData></ExtendedData>
      <Point><coordinates>-57.6183938381254,-25.2810852802507</coordinates></Point>
  </Placemark>
  <Placemark id="censo_infona_2022.198">
	<ExtendedData><SchemaData schemaUrl="#censo_infona_2022">
		<SimpleData name="Nº">198</SimpleData>
		<SimpleData name="Nombre_Com">Tajy hu</SimpleData>
		<SimpleData name="X">437740</SimpleData>
		<SimpleData name="Y">7203777</SimpleData>
	</SchemaData></ExtendedData>
      <Point><coordinates>-57.6183941585919,-25.2811484917998</coordinates></Point>
  </Placemark>
  <Placemark id="censo_infona_2022.199">
	<ExtendedData><SchemaData schemaUrl="#censo_infona_2022">
		<SimpleData name="Nº">199</SimpleData>
		<SimpleData name="Nombre_Com">Yvyra ju</SimpleData>
		<SimpleData name="X">437719</SimpleData>
		<SimpleData name="Y">7203772</SimpleData>
	</SchemaData></ExtendedData>
      <Point><coordinates>-57.6186029593466,-25.2811927686453</coordinates></Point>
  </Placemark>
  <Placemark id="censo_infona_2022.200">
	<ExtendedData><SchemaData schemaUrl="#censo_infona_2022">
		<SimpleData name="Nº">200</SimpleData>
		<SimpleData name="Nombre_Com">Tajy hu</SimpleData>
		<SimpleData name="X">437720</SimpleData>
		<SimpleData name="Y">7203762</SimpleData>
	</SchemaData></ExtendedData>
      <Point><coordinates>-57.6185934853133,-25.2812831124916</coordinates></Point>
  </Placemark>
  <Placemark id="censo_infona_2022.201">
	<ExtendedData><SchemaData schemaUrl="#censo_infona_2022">
		<SimpleData name="Nº">201</SimpleData>
		<SimpleData name="Nombre_Com">Yvyra pyta</SimpleData>
		<SimpleData name="X">437715</SimpleData>
		<SimpleData name="Y">7203767</SimpleData>
	</SchemaData></ExtendedData>
      <Point><coordinates>-57.6186429163146,-25.2812377531899</coordinates></Point>
  </Placemark>
  <Placemark id="censo_infona_2022.202">
	<ExtendedData><SchemaData schemaUrl="#censo_infona_2022">
		<SimpleData name="Nº">202</SimpleData>
		<SimpleData name="Nombre_Com">Yvyra pyta</SimpleData>
		<SimpleData name="X">437705</SimpleData>
		<SimpleData name="Y">7203758</SimpleData>
	</SchemaData></ExtendedData>
      <Point><coordinates>-57.6187426485388,-25.2813186087287</coordinates></Point>
  </Placemark>
  <Placemark id="censo_infona_2022.203">
	<ExtendedData><SchemaData schemaUrl="#censo_infona_2022">
		<SimpleData name="Nº">203</SimpleData>
		<SimpleData name="Nombre_Com">Tajy hu</SimpleData>
		<SimpleData name="X">437710</SimpleData>
		<SimpleData name="Y">7203753</SimpleData>
	</SchemaData></ExtendedData>
      <Point><coordinates>-57.6186932175434,-25.2813639680633</coordinates></Point>
  </Placemark>
  <Placemark id="censo_infona_2022.204">
	<ExtendedData><SchemaData schemaUrl="#censo_infona_2022">
		<SimpleData name="Nº">204</SimpleData>
		<SimpleData name="Nombre_Com">Tajy hu</SimpleData>
		<SimpleData name="X">437703</SimpleData>
		<SimpleData name="Y">7203749</SimpleData>
	</SchemaData></ExtendedData>
      <Point><coordinates>-57.6187629248225,-25.2813997974146</coordinates></Point>
  </Placemark>
  <Placemark id="censo_infona_2022.205">
	<ExtendedData><SchemaData schemaUrl="#censo_infona_2022">
		<SimpleData name="Nº">205</SimpleData>
		<SimpleData name="Nombre_Com">Yvyra pyta</SimpleData>
		<SimpleData name="X">437703</SimpleData>
		<SimpleData name="Y">7203755</SimpleData>
	</SchemaData></ExtendedData>
      <Point><coordinates>-57.6187626499699,-25.2813456160924</coordinates></Point>
  </Placemark>
  <Placemark id="censo_infona_2022.206">
	<ExtendedData><SchemaData schemaUrl="#censo_infona_2022">
		<SimpleData name="Nº">206</SimpleData>
		<SimpleData name="Nombre_Com">Yvyra pyta</SimpleData>
		<SimpleData name="X">437697</SimpleData>
		<SimpleData name="Y">7203752</SimpleData>
	</SchemaData></ExtendedData>
      <Point><coordinates>-57.6188223794374,-25.2813724568445</coordinates></Point>
  </Placemark>
  <Placemark id="censo_infona_2022.207">
	<ExtendedData><SchemaData schemaUrl="#censo_infona_2022">
		<SimpleData name="Nº">207</SimpleData>
		<SimpleData name="Nombre_Com">Tajy hu</SimpleData>
		<SimpleData name="X">437696</SimpleData>
		<SimpleData name="Y">7203742</SimpleData>
	</SchemaData></ExtendedData>
      <Point><coordinates>-57.6188327695844,-25.2814627173924</coordinates></Point>
  </Placemark>
  <Placemark id="censo_infona_2022.208">
	<ExtendedData><SchemaData schemaUrl="#censo_infona_2022">
		<SimpleData name="Nº">208</SimpleData>
		<SimpleData name="Nombre_Com">Tajy rosado</SimpleData>
		<SimpleData name="X">437691</SimpleData>
		<SimpleData name="Y">7203742</SimpleData>
	</SchemaData></ExtendedData>
      <Point><coordinates>-57.6188824296548,-25.2814625091123</coordinates></Point>
  </Placemark>
  <Placemark id="censo_infona_2022.209">
	<ExtendedData><SchemaData schemaUrl="#censo_infona_2022">
		<SimpleData name="Nº">209</SimpleData>
		<SimpleData name="Nombre_Com">Yvyra pyta</SimpleData>
		<SimpleData name="X">437689</SimpleData>
		<SimpleData name="Y">7203747</SimpleData>
	</SchemaData></ExtendedData>
      <Point><coordinates>-57.6189020645867,-25.2814172746954</coordinates></Point>
  </Placemark>
  <Placemark id="censo_infona_2022.210">
	<ExtendedData><SchemaData schemaUrl="#censo_infona_2022">
		<SimpleData name="Nº">210</SimpleData>
		<SimpleData name="Nombre_Com">Yvyra pyta</SimpleData>
		<SimpleData name="X">437682</SimpleData>
		<SimpleData name="Y">7203741</SimpleData>
	</SchemaData></ExtendedData>
      <Point><coordinates>-57.6189718636047,-25.2814711643858</coordinates></Point>
  </Placemark>
  <Placemark id="censo_infona_2022.211">
	<ExtendedData><SchemaData schemaUrl="#censo_infona_2022">
		<SimpleData name="Nº">211</SimpleData>
		<SimpleData name="Nombre_Com">Yvyra pyta</SimpleData>
		<SimpleData name="X">437679</SimpleData>
		<SimpleData name="Y">7203736</SimpleData>
	</SchemaData></ExtendedData>
      <Point><coordinates>-57.6190018887818,-25.2815161904906</coordinates></Point>
  </Placemark>
  <Placemark id="censo_infona_2022.212">
	<ExtendedData><SchemaData schemaUrl="#censo_infona_2022">
		<SimpleData name="Nº">212</SimpleData>
		<SimpleData name="Nombre_Com">Tajy hu</SimpleData>
		<SimpleData name="X">437677</SimpleData>
		<SimpleData name="Y">7203724</SimpleData>
	</SchemaData></ExtendedData>
      <Point><coordinates>-57.6190223027585,-25.2816244697937</coordinates></Point>
  </Placemark>
  <Placemark id="censo_infona_2022.213">
	<ExtendedData><SchemaData schemaUrl="#censo_infona_2022">
		<SimpleData name="Nº">213</SimpleData>
		<SimpleData name="Nombre_Com">Yvyra pyta</SimpleData>
		<SimpleData name="X">437610</SimpleData>
		<SimpleData name="Y">7203732</SimpleData>
	</SchemaData></ExtendedData>
      <Point><coordinates>-57.6196873814937,-25.2815494348319</coordinates></Point>
  </Placemark>
  <Placemark id="censo_infona_2022.214">
	<ExtendedData><SchemaData schemaUrl="#censo_infona_2022">
		<SimpleData name="Nº">214</SimpleData>
		<SimpleData name="Nombre_Com">Lluvia de orquidea</SimpleData>
		<SimpleData name="X">437664</SimpleData>
		<SimpleData name="Y">7203726</SimpleData>
	</SchemaData></ExtendedData>
      <Point><coordinates>-57.619151327431,-25.2816058676227</coordinates></Point>
  </Placemark>
  <Placemark id="censo_infona_2022.215">
	<ExtendedData><SchemaData schemaUrl="#censo_infona_2022">
		<SimpleData name="Nº">215</SimpleData>
		<SimpleData name="Nombre_Com">Yvyra pyta</SimpleData>
		<SimpleData name="X">437662</SimpleData>
		<SimpleData name="Y">7203717</SimpleData>
	</SchemaData></ExtendedData>
      <Point><coordinates>-57.6191716040375,-25.2816870562432</coordinates></Point>
  </Placemark>
  <Placemark id="censo_infona_2022.216">
	<ExtendedData><SchemaData schemaUrl="#censo_infona_2022">
		<SimpleData name="Nº">216</SimpleData>
		<SimpleData name="Nombre_Com">Yvyra pyta</SimpleData>
		<SimpleData name="X">437653</SimpleData>
		<SimpleData name="Y">7203711</SimpleData>
	</SchemaData></ExtendedData>
      <Point><coordinates>-57.6192612674008,-25.2817408624331</coordinates></Point>
  </Placemark>
  <Placemark id="censo_infona_2022.217">
	<ExtendedData><SchemaData schemaUrl="#censo_infona_2022">
		<SimpleData name="Nº">217</SimpleData>
		<SimpleData name="Nombre_Com">Lluvia de orquidea</SimpleData>
		<SimpleData name="X">437650</SimpleData>
		<SimpleData name="Y">7203713</SimpleData>
	</SchemaData></ExtendedData>
      <Point><coordinates>-57.6192909718114,-25.2817226769412</coordinates></Point>
  </Placemark>
  <Placemark id="censo_infona_2022.218">
	<ExtendedData><SchemaData schemaUrl="#censo_infona_2022">
		<SimpleData name="Nº">218</SimpleData>
		<SimpleData name="Nombre_Com">Yvyra pyta</SimpleData>
		<SimpleData name="X">437651</SimpleData>
		<SimpleData name="Y">7203721</SimpleData>
	</SchemaData></ExtendedData>
      <Point><coordinates>-57.6192806729948,-25.2816504768738</coordinates></Point>
  </Placemark>
  <Placemark id="censo_infona_2022.219">
	<ExtendedData><SchemaData schemaUrl="#censo_infona_2022">
		<SimpleData name="Nº">219</SimpleData>
		<SimpleData name="Nombre_Com">Tajy hu</SimpleData>
		<SimpleData name="X">437648</SimpleData>
		<SimpleData name="Y">7203741</SimpleData>
	</SchemaData></ExtendedData>
      <Point><coordinates>-57.6193095520872,-25.2814697474325</coordinates></Point>
  </Placemark>
  <Placemark id="censo_infona_2022.220">
	<ExtendedData><SchemaData schemaUrl="#censo_infona_2022">
		<SimpleData name="Nº">220</SimpleData>
		<SimpleData name="Nombre_Com">Tajy hu</SimpleData>
		<SimpleData name="X">437640</SimpleData>
		<SimpleData name="Y">7203711</SimpleData>
	</SchemaData></ExtendedData>
      <Point><coordinates>-57.6193903838667,-25.2817403204895</coordinates></Point>
  </Placemark>
  <Placemark id="censo_infona_2022.221">
	<ExtendedData><SchemaData schemaUrl="#censo_infona_2022">
		<SimpleData name="Nº">221</SimpleData>
		<SimpleData name="Nombre_Com">Yvyra pyta</SimpleData>
		<SimpleData name="X">437629</SimpleData>
		<SimpleData name="Y">7203706</SimpleData>
	</SchemaData></ExtendedData>
      <Point><coordinates>-57.6194998655787,-25.2817850129267</coordinates></Point>
  </Placemark>
  <Placemark id="censo_infona_2022.222">
	<ExtendedData><SchemaData schemaUrl="#censo_infona_2022">
		<SimpleData name="Nº">222</SimpleData>
		<SimpleData name="Nombre_Com">Tajy rosado</SimpleData>
		<SimpleData name="X">437624</SimpleData>
		<SimpleData name="Y">7203713</SimpleData>
	</SchemaData></ExtendedData>
      <Point><coordinates>-57.6195492046996,-25.2817215928897</coordinates></Point>
  </Placemark>
  <Placemark id="censo_infona_2022.223">
	<ExtendedData><SchemaData schemaUrl="#censo_infona_2022">
		<SimpleData name="Nº">223</SimpleData>
		<SimpleData name="Nombre_Com">Sivipiruna</SimpleData>
		<SimpleData name="X">437622</SimpleData>
		<SimpleData name="Y">7203733</SimpleData>
	</SchemaData></ExtendedData>
      <Point><coordinates>-57.6195681513882,-25.2815409051091</coordinates></Point>
  </Placemark>
  <Placemark id="censo_infona_2022.224">
	<ExtendedData><SchemaData schemaUrl="#censo_infona_2022">
		<SimpleData name="Nº">224</SimpleData>
		<SimpleData name="Nombre_Com">Tataré</SimpleData>
		<SimpleData name="X">437635</SimpleData>
		<SimpleData name="Y">7203740</SimpleData>
	</SchemaData></ExtendedData>
      <Point><coordinates>-57.619438714124,-25.2814782356711</coordinates></Point>
  </Placemark>
  <Placemark id="censo_infona_2022.225">
	<ExtendedData><SchemaData schemaUrl="#censo_infona_2022">
		<SimpleData name="Nº">225</SimpleData>
		<SimpleData name="Nombre_Com">Tataré</SimpleData>
		<SimpleData name="X">437633</SimpleData>
		<SimpleData name="Y">7203741</SimpleData>
	</SchemaData></ExtendedData>
      <Point><coordinates>-57.619458532292,-25.2814691220604</coordinates></Point>
  </Placemark>
  <Placemark id="censo_infona_2022.226">
	<ExtendedData><SchemaData schemaUrl="#censo_infona_2022">
		<SimpleData name="Nº">226</SimpleData>
		<SimpleData name="Nombre_Com">Tataré</SimpleData>
		<SimpleData name="X">437634</SimpleData>
		<SimpleData name="Y">7203753</SimpleData>
	</SchemaData></ExtendedData>
      <Point><coordinates>-57.6194480499633,-25.2813608011269</coordinates></Point>
  </Placemark>
  <Placemark id="censo_infona_2022.227">
	<ExtendedData><SchemaData schemaUrl="#censo_infona_2022">
		<SimpleData name="Nº">227</SimpleData>
		<SimpleData name="Nombre_Com">Tajy hu</SimpleData>
		<SimpleData name="X">437639</SimpleData>
		<SimpleData name="Y">7203773</SimpleData>
	</SchemaData></ExtendedData>
      <Point><coordinates>-57.6193974728282,-25.2811804052087</coordinates></Point>
  </Placemark>
  <Placemark id="censo_infona_2022.228">
	<ExtendedData><SchemaData schemaUrl="#censo_infona_2022">
		<SimpleData name="Nº">228</SimpleData>
		<SimpleData name="Nombre_Com">Tarumá</SimpleData>
		<SimpleData name="X">437654</SimpleData>
		<SimpleData name="Y">7203813</SimpleData>
	</SchemaData></ExtendedData>
      <Point><coordinates>-57.6192466592191,-25.2808198217132</coordinates></Point>
  </Placemark>
  <Placemark id="censo_infona_2022.229">
	<ExtendedData><SchemaData schemaUrl="#censo_infona_2022">
		<SimpleData name="Nº">229</SimpleData>
		<SimpleData name="Nombre_Com">Yvyra pyta</SimpleData>
		<SimpleData name="X">437671</SimpleData>
		<SimpleData name="Y">7203806</SimpleData>
	</SchemaData></ExtendedData>
      <Point><coordinates>-57.6190781366957,-25.2808837417407</coordinates></Point>
  </Placemark>
  <Placemark id="censo_infona_2022.230">
	<ExtendedData><SchemaData schemaUrl="#censo_infona_2022">
		<SimpleData name="Nº">230</SimpleData>
		<SimpleData name="Nombre_Com">Tarumá</SimpleData>
		<SimpleData name="X">437678</SimpleData>
		<SimpleData name="Y">7203808</SimpleData>
	</SchemaData></ExtendedData>
      <Point><coordinates>-57.6190085212775,-25.2808659729731</coordinates></Point>
  </Placemark>
  <Placemark id="censo_infona_2022.231">
	<ExtendedData><SchemaData schemaUrl="#censo_infona_2022">
		<SimpleData name="Nº">231</SimpleData>
		<SimpleData name="Nombre_Com">Yvyra ro</SimpleData>
		<SimpleData name="X">437678</SimpleData>
		<SimpleData name="Y">7203805</SimpleData>
	</SchemaData></ExtendedData>
      <Point><coordinates>-57.6190086587553,-25.2808930636347</coordinates></Point>
  </Placemark>
  <Placemark id="censo_infona_2022.232">
	<ExtendedData><SchemaData schemaUrl="#censo_infona_2022">
		<SimpleData name="Nº">232</SimpleData>
		<SimpleData name="Nombre_Com">Tajy hu</SimpleData>
		<SimpleData name="X">437692</SimpleData>
		<SimpleData name="Y">7203813</SimpleData>
	</SchemaData></ExtendedData>
      <Point><coordinates>-57.6188692446844,-25.2808214051173</coordinates></Point>
  </Placemark>
  <Placemark id="censo_infona_2022.233">
	<ExtendedData><SchemaData schemaUrl="#censo_infona_2022">
		<SimpleData name="Nº">233</SimpleData>
		<SimpleData name="Nombre_Com">Guatambú</SimpleData>
		<SimpleData name="X">437698</SimpleData>
		<SimpleData name="Y">7203821</SimpleData>
	</SchemaData></ExtendedData>
      <Point><coordinates>-57.6188092864248,-25.2807494132723</coordinates></Point>
  </Placemark>
  <Placemark id="censo_infona_2022.234">
	<ExtendedData><SchemaData schemaUrl="#censo_infona_2022">
		<SimpleData name="Nº">234</SimpleData>
		<SimpleData name="Nombre_Com">Chivato</SimpleData>
		<SimpleData name="X">437683</SimpleData>
		<SimpleData name="Y">7203823</SimpleData>
	</SchemaData></ExtendedData>
      <Point><coordinates>-57.6189581741201,-25.2807307279802</coordinates></Point>
  </Placemark>
  <Placemark id="censo_infona_2022.235">
	<ExtendedData><SchemaData schemaUrl="#censo_infona_2022">
		<SimpleData name="Nº">235</SimpleData>
		<SimpleData name="Nombre_Com">Cedro</SimpleData>
		<SimpleData name="X">437692</SimpleData>
		<SimpleData name="Y">7203823</SimpleData>
	</SchemaData></ExtendedData>
      <Point><coordinates>-57.6188687865305,-25.2807311029082</coordinates></Point>
  </Placemark>
  <Placemark id="censo_infona_2022.236">
	<ExtendedData><SchemaData schemaUrl="#censo_infona_2022">
		<SimpleData name="Nº">236</SimpleData>
		<SimpleData name="Nombre_Com">Yvyra ju</SimpleData>
		<SimpleData name="X">437703</SimpleData>
		<SimpleData name="Y">7203821</SimpleData>
	</SchemaData></ExtendedData>
      <Point><coordinates>-57.618759626644,-25.2807496215223</coordinates></Point>
  </Placemark>
  <Placemark id="censo_infona_2022.237">
	<ExtendedData><SchemaData schemaUrl="#censo_infona_2022">
		<SimpleData name="Nº">237</SimpleData>
		<SimpleData name="Nombre_Com">Lluvia de oro</SimpleData>
		<SimpleData name="X">437722</SimpleData>
		<SimpleData name="Y">7203812</SimpleData>
	</SchemaData></ExtendedData>
      <Point><coordinates>-57.6185713316122,-25.2808316847127</coordinates></Point>
  </Placemark>
  <Placemark id="censo_infona_2022.238">
	<ExtendedData><SchemaData schemaUrl="#censo_infona_2022">
		<SimpleData name="Nº">238</SimpleData>
		<SimpleData name="Nombre_Com">Yvyra pyta</SimpleData>
		<SimpleData name="X">437731</SimpleData>
		<SimpleData name="Y">7203821</SimpleData>
	</SchemaData></ExtendedData>
      <Point><coordinates>-57.6184815318612,-25.2807507874139</coordinates></Point>
  </Placemark>
  <Placemark id="censo_infona_2022.239">
	<ExtendedData><SchemaData schemaUrl="#censo_infona_2022">
		<SimpleData name="Nº">239</SimpleData>
		<SimpleData name="Nombre_Com">Yvyra ju</SimpleData>
		<SimpleData name="X">437741</SimpleData>
		<SimpleData name="Y">7203822</SimpleData>
	</SchemaData></ExtendedData>
      <Point><coordinates>-57.6183821665125,-25.2807421734549</coordinates></Point>
  </Placemark>
  <Placemark id="censo_infona_2022.240">
	<ExtendedData><SchemaData schemaUrl="#censo_infona_2022">
		<SimpleData name="Nº">240</SimpleData>
		<SimpleData name="Nombre_Com">Yvyra pyta</SimpleData>
		<SimpleData name="X">437741</SimpleData>
		<SimpleData name="Y">7203821</SimpleData>
	</SchemaData></ExtendedData>
      <Point><coordinates>-57.6183822122918,-25.2807512036767</coordinates></Point>
  </Placemark>
  <Placemark id="censo_infona_2022.241">
	<ExtendedData><SchemaData schemaUrl="#censo_infona_2022">
		<SimpleData name="Nº">241</SimpleData>
		<SimpleData name="Nombre_Com">Samu'u</SimpleData>
		<SimpleData name="X">437748</SimpleData>
		<SimpleData name="Y">7203823</SimpleData>
	</SchemaData></ExtendedData>
      <Point><coordinates>-57.6183125970436,-25.2807334345771</coordinates></Point>
  </Placemark>
  <Placemark id="censo_infona_2022.242">
	<ExtendedData><SchemaData schemaUrl="#censo_infona_2022">
		<SimpleData name="Nº">242</SimpleData>
		<SimpleData name="Nombre_Com">Samu'u</SimpleData>
		<SimpleData name="X">437748</SimpleData>
		<SimpleData name="Y">7203812</SimpleData>
	</SchemaData></ExtendedData>
      <Point><coordinates>-57.6183131005601,-25.2808327670175</coordinates></Point>
  </Placemark>
  <Placemark id="censo_infona_2022.243">
	<ExtendedData><SchemaData schemaUrl="#censo_infona_2022">
		<SimpleData name="Nº">243</SimpleData>
		<SimpleData name="Nombre_Com">Yvyra ro</SimpleData>
		<SimpleData name="X">437742</SimpleData>
		<SimpleData name="Y">7203827</SimpleData>
	</SchemaData></ExtendedData>
      <Point><coordinates>-57.6183720056637,-25.2806970639684</coordinates></Point>
  </Placemark>
  <Placemark id="censo_infona_2022.244">
	<ExtendedData><SchemaData schemaUrl="#censo_infona_2022">
		<SimpleData name="Nº">244</SimpleData>
		<SimpleData name="Nombre_Com">Yvyra ro</SimpleData>
		<SimpleData name="X">437751</SimpleData>
		<SimpleData name="Y">7203821</SimpleData>
	</SchemaData></ExtendedData>
      <Point><coordinates>-57.6182828927201,-25.2807516198727</coordinates></Point>
  </Placemark>
  <Placemark id="censo_infona_2022.245">
	<ExtendedData><SchemaData schemaUrl="#censo_infona_2022">
		<SimpleData name="Nº">245</SimpleData>
		<SimpleData name="Nombre_Com">Yvyra ro</SimpleData>
		<SimpleData name="X">437751</SimpleData>
		<SimpleData name="Y">7203821</SimpleData>
	</SchemaData></ExtendedData>
      <Point><coordinates>-57.6182828927201,-25.2807516198727</coordinates></Point>
  </Placemark>
  <Placemark id="censo_infona_2022.246">
	<ExtendedData><SchemaData schemaUrl="#censo_infona_2022">
		<SimpleData name="Nº">246</SimpleData>
		<SimpleData name="Nombre_Com">Chivato</SimpleData>
		<SimpleData name="X">437754</SimpleData>
		<SimpleData name="Y">7203835</SimpleData>
	</SchemaData></ExtendedData>
      <Point><coordinates>-57.6182524560739,-25.2806253216095</coordinates></Point>
  </Placemark>
  <Placemark id="censo_infona_2022.247">
	<ExtendedData><SchemaData schemaUrl="#censo_infona_2022">
		<SimpleData name="Nº">247</SimpleData>
		<SimpleData name="Nombre_Com">Chivato</SimpleData>
		<SimpleData name="X">437748</SimpleData>
		<SimpleData name="Y">7203831</SimpleData>
	</SchemaData></ExtendedData>
      <Point><coordinates>-57.6183122308514,-25.2806611928015</coordinates></Point>
  </Placemark>
  <Placemark id="censo_infona_2022.248">
	<ExtendedData><SchemaData schemaUrl="#censo_infona_2022">
		<SimpleData name="Nº">248</SimpleData>
		<SimpleData name="Nombre_Com">Jambolana</SimpleData>
		<SimpleData name="X">437728</SimpleData>
		<SimpleData name="Y">7203841</SimpleData>
	</SchemaData></ExtendedData>
      <Point><coordinates>-57.6185104119589,-25.2805700580888</coordinates></Point>
  </Placemark>
  <Placemark id="censo_infona_2022.249">
	<ExtendedData><SchemaData schemaUrl="#censo_infona_2022">
		<SimpleData name="Nº">249</SimpleData>
		<SimpleData name="Nombre_Com">Chivato</SimpleData>
		<SimpleData name="X">437730</SimpleData>
		<SimpleData name="Y">7203849</SimpleData>
	</SchemaData></ExtendedData>
      <Point><coordinates>-57.6184901817798,-25.2804978995752</coordinates></Point>
  </Placemark>
  <Placemark id="censo_infona_2022.250">
	<ExtendedData><SchemaData schemaUrl="#censo_infona_2022">
		<SimpleData name="Nº">250</SimpleData>
		<SimpleData name="Nombre_Com">Chivato</SimpleData>
		<SimpleData name="X">437707</SimpleData>
		<SimpleData name="Y">7203863</SimpleData>
	</SchemaData></ExtendedData>
      <Point><coordinates>-57.6187179750579,-25.2803705188104</coordinates></Point>
  </Placemark>
  <Placemark id="censo_infona_2022.251">
	<ExtendedData><SchemaData schemaUrl="#censo_infona_2022">
		<SimpleData name="Nº">251</SimpleData>
		<SimpleData name="Nombre_Com">Chivato</SimpleData>
		<SimpleData name="X">437701</SimpleData>
		<SimpleData name="Y">7203862</SimpleData>
	</SchemaData></ExtendedData>
      <Point><coordinates>-57.6187776124179,-25.2803792991502</coordinates></Point>
  </Placemark>
  <Placemark id="censo_infona_2022.252">
	<ExtendedData><SchemaData schemaUrl="#censo_infona_2022">
		<SimpleData name="Nº">252</SimpleData>
		<SimpleData name="Nombre_Com">Yvyra ju</SimpleData>
		<SimpleData name="X">437692</SimpleData>
		<SimpleData name="Y">7203862</SimpleData>
	</SchemaData></ExtendedData>
      <Point><coordinates>-57.6188669997513,-25.2803789242822</coordinates></Point>
  </Placemark>
  <Placemark id="censo_infona_2022.253">
	<ExtendedData><SchemaData schemaUrl="#censo_infona_2022">
		<SimpleData name="Nº">253</SimpleData>
		<SimpleData name="Nombre_Com">Chivato</SimpleData>
		<SimpleData name="X">437690</SimpleData>
		<SimpleData name="Y">7203859</SimpleData>
	</SchemaData></ExtendedData>
      <Point><coordinates>-57.6188870010507,-25.2804059316349</coordinates></Point>
  </Placemark>
  <Placemark id="censo_infona_2022.254">
	<ExtendedData><SchemaData schemaUrl="#censo_infona_2022">
		<SimpleData name="Nº">254</SimpleData>
		<SimpleData name="Nombre_Com">Chivato</SimpleData>
		<SimpleData name="X">437690</SimpleData>
		<SimpleData name="Y">7203862</SimpleData>
	</SchemaData></ExtendedData>
      <Point><coordinates>-57.6188868636029,-25.2803788409709</coordinates></Point>
  </Placemark>
  <Placemark id="censo_infona_2022.255">
	<ExtendedData><SchemaData schemaUrl="#censo_infona_2022">
		<SimpleData name="Nº">255</SimpleData>
		<SimpleData name="Nombre_Com">Yvyra ro</SimpleData>
		<SimpleData name="X">437682</SimpleData>
		<SimpleData name="Y">7203853</SimpleData>
	</SchemaData></ExtendedData>
      <Point><coordinates>-57.6189667314054,-25.2804597796894</coordinates></Point>
  </Placemark>
  <Placemark id="censo_infona_2022.256">
	<ExtendedData><SchemaData schemaUrl="#censo_infona_2022">
		<SimpleData name="Nº">256</SimpleData>
		<SimpleData name="Nombre_Com">Yvyra pyta</SimpleData>
		<SimpleData name="X">437677</SimpleData>
		<SimpleData name="Y">7203865</SimpleData>
	</SchemaData></ExtendedData>
      <Point><coordinates>-57.61901584116,-25.2803512087186</coordinates></Point>
  </Placemark>
  <Placemark id="censo_infona_2022.257">
	<ExtendedData><SchemaData schemaUrl="#censo_infona_2022">
		<SimpleData name="Nº">257</SimpleData>
		<SimpleData name="Nombre_Com">Lapacho amarillo</SimpleData>
		<SimpleData name="X">437655</SimpleData>
		<SimpleData name="Y">7203877</SimpleData>
	</SchemaData></ExtendedData>
      <Point><coordinates>-57.6192337933702,-25.2802419292769</coordinates></Point>
  </Placemark>
  <Placemark id="censo_infona_2022.258">
	<ExtendedData><SchemaData schemaUrl="#censo_infona_2022">
		<SimpleData name="Nº">258</SimpleData>
		<SimpleData name="Nombre_Com">Palma</SimpleData>
		<SimpleData name="X">437666</SimpleData>
		<SimpleData name="Y">7203883</SimpleData>
	</SchemaData></ExtendedData>
      <Point><coordinates>-57.6191242673161,-25.2801882063838</coordinates></Point>
  </Placemark>
  <Placemark id="censo_infona_2022.259">
	<ExtendedData><SchemaData schemaUrl="#censo_infona_2022">
		<SimpleData name="Nº">259</SimpleData>
		<SimpleData name="Nombre_Com">Palma</SimpleData>
		<SimpleData name="X">437664</SimpleData>
		<SimpleData name="Y">7203870</SimpleData>
	</SchemaData></ExtendedData>
      <Point><coordinates>-57.6191447269867,-25.2803055159125</coordinates></Point>
  </Placemark>
  <Placemark id="censo_infona_2022.260">
	<ExtendedData><SchemaData schemaUrl="#censo_infona_2022">
		<SimpleData name="Nº">260</SimpleData>
		<SimpleData name="Nombre_Com">Yvapovo</SimpleData>
		<SimpleData name="X">437641</SimpleData>
		<SimpleData name="Y">7203848</SimpleData>
	</SchemaData></ExtendedData>
      <Point><coordinates>-57.6193741698691,-25.2805032220943</coordinates></Point>
  </Placemark>
  <Placemark id="censo_infona_2022.261">
	<ExtendedData><SchemaData schemaUrl="#censo_infona_2022">
		<SimpleData name="Nº">261</SimpleData>
		<SimpleData name="Nombre_Com">Tajy hu</SimpleData>
		<SimpleData name="X">437638</SimpleData>
		<SimpleData name="Y">7203853</SimpleData>
	</SchemaData></ExtendedData>
      <Point><coordinates>-57.6194037364021,-25.2804579459216</coordinates></Point>
  </Placemark>
  <Placemark id="censo_infona_2022.262">
	<ExtendedData><SchemaData schemaUrl="#censo_infona_2022">
		<SimpleData name="Nº">262</SimpleData>
		<SimpleData name="Nombre_Com">Yvyra ju</SimpleData>
		<SimpleData name="X">437640</SimpleData>
		<SimpleData name="Y">7203856</SimpleData>
	</SchemaData></ExtendedData>
      <Point><coordinates>-57.6193837349811,-25.2804309386414</coordinates></Point>
  </Placemark>
  <Placemark id="censo_infona_2022.263">
	<ExtendedData><SchemaData schemaUrl="#censo_infona_2022">
		<SimpleData name="Nº">263</SimpleData>
		<SimpleData name="Nombre_Com">Palma</SimpleData>
		<SimpleData name="X">437640</SimpleData>
		<SimpleData name="Y">7203856</SimpleData>
	</SchemaData></ExtendedData>
      <Point><coordinates>-57.6193837349811,-25.2804309386414</coordinates></Point>
  </Placemark>
  <Placemark id="censo_infona_2022.264">
	<ExtendedData><SchemaData schemaUrl="#censo_infona_2022">
		<SimpleData name="Nº">264</SimpleData>
		<SimpleData name="Nombre_Com">Villetana</SimpleData>
		<SimpleData name="X">437628</SimpleData>
		<SimpleData name="Y">7203881</SimpleData>
	</SchemaData></ExtendedData>
      <Point><coordinates>-57.6195017715955,-25.2802046828054</coordinates></Point>
  </Placemark>
  <Placemark id="censo_infona_2022.265">
	<ExtendedData><SchemaData schemaUrl="#censo_infona_2022">
		<SimpleData name="Nº">265</SimpleData>
		<SimpleData name="Nombre_Com">Yvyra pyta</SimpleData>
		<SimpleData name="X">437751</SimpleData>
		<SimpleData name="Y">7203805</SimpleData>
	</SchemaData></ExtendedData>
      <Point><coordinates>-57.6182836250742,-25.2808961034223</coordinates></Point>
  </Placemark>
  <Placemark id="censo_infona_2022.266">
	<ExtendedData><SchemaData schemaUrl="#censo_infona_2022">
		<SimpleData name="Nº">266</SimpleData>
		<SimpleData name="Nombre_Com">Yvyra ju</SimpleData>
		<SimpleData name="X">437746</SimpleData>
		<SimpleData name="Y">7203792</SimpleData>
	</SchemaData></ExtendedData>
      <Point><coordinates>-57.6183338800087,-25.2810132882121</coordinates></Point>
  </Placemark>
  <Placemark id="censo_infona_2022.267">
	<ExtendedData><SchemaData schemaUrl="#censo_infona_2022">
		<SimpleData name="Nº">267</SimpleData>
		<SimpleData name="Nombre_Com">Yvyra ju</SimpleData>
		<SimpleData name="X">437740</SimpleData>
		<SimpleData name="Y">7203800</SimpleData>
	</SchemaData></ExtendedData>
      <Point><coordinates>-57.6183931056345,-25.2809407967078</coordinates></Point>
  </Placemark>
  <Placemark id="censo_infona_2022.268">
	<ExtendedData><SchemaData schemaUrl="#censo_infona_2022">
		<SimpleData name="Nº">268</SimpleData>
		<SimpleData name="Nombre_Com">Yvyra pyta</SimpleData>
		<SimpleData name="X">437736</SimpleData>
		<SimpleData name="Y">7203794</SimpleData>
	</SchemaData></ExtendedData>
      <Point><coordinates>-57.6184331082253,-25.2809948115351</coordinates></Point>
  </Placemark>
  <Placemark id="censo_infona_2022.269">
	<ExtendedData><SchemaData schemaUrl="#censo_infona_2022">
		<SimpleData name="Nº">269</SimpleData>
		<SimpleData name="Nombre_Com">Yvyra pyta</SimpleData>
		<SimpleData name="X">437734</SimpleData>
		<SimpleData name="Y">7203783</SimpleData>
	</SchemaData></ExtendedData>
      <Point><coordinates>-57.6184534758157,-25.2810940607144</coordinates></Point>
  </Placemark>
  <Placemark id="censo_infona_2022.270">
	<ExtendedData><SchemaData schemaUrl="#censo_infona_2022">
		<SimpleData name="Nº">270</SimpleData>
		<SimpleData name="Nombre_Com">Yvyra pyta</SimpleData>
		<SimpleData name="X">437723</SimpleData>
		<SimpleData name="Y">7203783</SimpleData>
	</SchemaData></ExtendedData>
      <Point><coordinates>-57.6185627276476,-25.2810936027631</coordinates></Point>
  </Placemark>
  <Placemark id="censo_infona_2022.271">
	<ExtendedData><SchemaData schemaUrl="#censo_infona_2022">
		<SimpleData name="Nº">271</SimpleData>
		<SimpleData name="Nombre_Com">Yvyra ju</SimpleData>
		<SimpleData name="X">437727</SimpleData>
		<SimpleData name="Y">7203781</SimpleData>
	</SchemaData></ExtendedData>
      <Point><coordinates>-57.6185230912899,-25.2811118297424</coordinates></Point>
  </Placemark>
  <Placemark id="censo_infona_2022.272">
	<ExtendedData><SchemaData schemaUrl="#censo_infona_2022">
		<SimpleData name="Nº">272</SimpleData>
		<SimpleData name="Nombre_Com">Yvyra ro</SimpleData>
		<SimpleData name="X">437720</SimpleData>
		<SimpleData name="Y">7203783</SimpleData>
	</SchemaData></ExtendedData>
      <Point><coordinates>-57.6185925236013,-25.2810934778532</coordinates></Point>
  </Placemark>
  <Placemark id="censo_infona_2022.273">
	<ExtendedData><SchemaData schemaUrl="#censo_infona_2022">
		<SimpleData name="Nº">273</SimpleData>
		<SimpleData name="Nombre_Com">Samu'u</SimpleData>
		<SimpleData name="X">437708</SimpleData>
		<SimpleData name="Y">7203775</SimpleData>
	</SchemaData></ExtendedData>
      <Point><coordinates>-57.61871207385,-25.2811652199196</coordinates></Point>
  </Placemark>
  <Placemark id="censo_infona_2022.274">
	<ExtendedData><SchemaData schemaUrl="#censo_infona_2022">
		<SimpleData name="Nº">274</SimpleData>
		<SimpleData name="Nombre_Com">Tajy hu</SimpleData>
		<SimpleData name="X">437707</SimpleData>
		<SimpleData name="Y">7203775</SimpleData>
	</SchemaData></ExtendedData>
      <Point><coordinates>-57.6187220058401,-25.2811651782735</coordinates></Point>
  </Placemark>
  <Placemark id="censo_infona_2022.275">
	<ExtendedData><SchemaData schemaUrl="#censo_infona_2022">
		<SimpleData name="Nº">275</SimpleData>
		<SimpleData name="Nombre_Com">Tataré</SimpleData>
		<SimpleData name="X">437694</SimpleData>
		<SimpleData name="Y">7203774</SimpleData>
	</SchemaData></ExtendedData>
      <Point><coordinates>-57.6188511675247,-25.2811736670337</coordinates></Point>
  </Placemark>
  <Placemark id="censo_infona_2022.276">
	<ExtendedData><SchemaData schemaUrl="#censo_infona_2022">
		<SimpleData name="Nº">276</SimpleData>
		<SimpleData name="Nombre_Com">Samu'u</SimpleData>
		<SimpleData name="X">437694</SimpleData>
		<SimpleData name="Y">7203778</SimpleData>
	</SchemaData></ExtendedData>
      <Point><coordinates>-57.6188509842653,-25.2811375461518</coordinates></Point>
  </Placemark>
  <Placemark id="censo_infona_2022.277">
	<ExtendedData><SchemaData schemaUrl="#censo_infona_2022">
		<SimpleData name="Nº">277</SimpleData>
		<SimpleData name="Nombre_Com">Tataré</SimpleData>
		<SimpleData name="X">437687</SimpleData>
		<SimpleData name="Y">7203781</SimpleData>
	</SchemaData></ExtendedData>
      <Point><coordinates>-57.6189203707185,-25.2811101638886</coordinates></Point>
  </Placemark>
  <Placemark id="censo_infona_2022.278">
	<ExtendedData><SchemaData schemaUrl="#censo_infona_2022">
		<SimpleData name="Nº">278</SimpleData>
		<SimpleData name="Nombre_Com">Tajy hu</SimpleData>
		<SimpleData name="X">437687</SimpleData>
		<SimpleData name="Y">7203774</SimpleData>
	</SchemaData></ExtendedData>
      <Point><coordinates>-57.6189206914582,-25.2811733754312</coordinates></Point>
  </Placemark>
  <Placemark id="censo_infona_2022.279">
	<ExtendedData><SchemaData schemaUrl="#censo_infona_2022">
		<SimpleData name="Nº">279</SimpleData>
		<SimpleData name="Nombre_Com">Samu'u</SimpleData>
		<SimpleData name="X">437682</SimpleData>
		<SimpleData name="Y">7203772</SimpleData>
	</SchemaData></ExtendedData>
      <Point><coordinates>-57.6189704430575,-25.2811912275642</coordinates></Point>
  </Placemark>
  <Placemark id="censo_infona_2022.280">
	<ExtendedData><SchemaData schemaUrl="#censo_infona_2022">
		<SimpleData name="Nº">280</SimpleData>
		<SimpleData name="Nombre_Com">Jambolana</SimpleData>
		<SimpleData name="X">437689</SimpleData>
		<SimpleData name="Y">7203755</SimpleData>
	</SchemaData></ExtendedData>
      <Point><coordinates>-57.6189016980341,-25.2813450329345</coordinates></Point>
  </Placemark>
  <Placemark id="censo_infona_2022.281">
	<ExtendedData><SchemaData schemaUrl="#censo_infona_2022">
		<SimpleData name="Nº">281</SimpleData>
		<SimpleData name="Nombre_Com">Jambolana</SimpleData>
		<SimpleData name="X">437688</SimpleData>
		<SimpleData name="Y">7203752</SimpleData>
	</SchemaData></ExtendedData>
      <Point><coordinates>-57.6189117674978,-25.2813720819357</coordinates></Point>
  </Placemark>
  <Placemark id="censo_infona_2022.282">
	<ExtendedData><SchemaData schemaUrl="#censo_infona_2022">
		<SimpleData name="Nº">282</SimpleData>
		<SimpleData name="Nombre_Com">Jambolana</SimpleData>
		<SimpleData name="X">437686</SimpleData>
		<SimpleData name="Y">7203752</SimpleData>
	</SchemaData></ExtendedData>
      <Point><coordinates>-57.618931631511,-25.2813719986153</coordinates></Point>
  </Placemark>
  <Placemark id="censo_infona_2022.283">
	<ExtendedData><SchemaData schemaUrl="#censo_infona_2022">
		<SimpleData name="Nº">283</SimpleData>
		<SimpleData name="Nombre_Com">Jambolana</SimpleData>
		<SimpleData name="X">437671</SimpleData>
		<SimpleData name="Y">7203754</SimpleData>
	</SchemaData></ExtendedData>
      <Point><coordinates>-57.6190805199425,-25.2813533131873</coordinates></Point>
  </Placemark>
  <Placemark id="censo_infona_2022.284">
	<ExtendedData><SchemaData schemaUrl="#censo_infona_2022">
		<SimpleData name="Nº">284</SimpleData>
		<SimpleData name="Nombre_Com">Jambolana</SimpleData>
		<SimpleData name="X">437682</SimpleData>
		<SimpleData name="Y">7203745</SimpleData>
	</SchemaData></ExtendedData>
      <Point><coordinates>-57.6189716803071,-25.2814350435062</coordinates></Point>
  </Placemark>
  <Placemark id="censo_infona_2022.285">
	<ExtendedData><SchemaData schemaUrl="#censo_infona_2022">
		<SimpleData name="Nº">285</SimpleData>
		<SimpleData name="Nombre_Com">Jambolana</SimpleData>
		<SimpleData name="X">437670</SimpleData>
		<SimpleData name="Y">7203746</SimpleData>
	</SchemaData></ExtendedData>
      <Point><coordinates>-57.6190908186118,-25.2814255132743</coordinates></Point>
  </Placemark>
  <Placemark id="censo_infona_2022.286">
	<ExtendedData><SchemaData schemaUrl="#censo_infona_2022">
		<SimpleData name="Nº">286</SimpleData>
		<SimpleData name="Nombre_Com">Jambolana</SimpleData>
		<SimpleData name="X">437665</SimpleData>
		<SimpleData name="Y">7203752</SimpleData>
	</SchemaData></ExtendedData>
      <Point><coordinates>-57.6191402036441,-25.2813711235895</coordinates></Point>
  </Placemark>
  <Placemark id="censo_infona_2022.287">
	<ExtendedData><SchemaData schemaUrl="#censo_infona_2022">
		<SimpleData name="Nº">287</SimpleData>
		<SimpleData name="Nombre_Com">Jambolana</SimpleData>
		<SimpleData name="X">437666</SimpleData>
		<SimpleData name="Y">7203751</SimpleData>
	</SchemaData></ExtendedData>
      <Point><coordinates>-57.619130317474,-25.2813801954839</coordinates></Point>
  </Placemark>
  <Placemark id="censo_infona_2022.288">
	<ExtendedData><SchemaData schemaUrl="#censo_infona_2022">
		<SimpleData name="Nº">288</SimpleData>
		<SimpleData name="Nombre_Com">Jambolana</SimpleData>
		<SimpleData name="X">437669</SimpleData>
		<SimpleData name="Y">7203749</SimpleData>
	</SchemaData></ExtendedData>
      <Point><coordinates>-57.6191006131209,-25.2813983809431</coordinates></Point>
  </Placemark>
  <Placemark id="censo_infona_2022.289">
	<ExtendedData><SchemaData schemaUrl="#censo_infona_2022">
		<SimpleData name="Nº">289</SimpleData>
		<SimpleData name="Nombre_Com">Jambolana</SimpleData>
		<SimpleData name="X">437669</SimpleData>
		<SimpleData name="Y">7203734</SimpleData>
	</SchemaData></ExtendedData>
      <Point><coordinates>-57.6191013006307,-25.2815338342381</coordinates></Point>
  </Placemark>
  <Placemark id="censo_infona_2022.290">
	<ExtendedData><SchemaData schemaUrl="#censo_infona_2022">
		<SimpleData name="Nº">290</SimpleData>
		<SimpleData name="Nombre_Com">Jambolana</SimpleData>
		<SimpleData name="X">437656</SimpleData>
		<SimpleData name="Y">7203753</SimpleData>
	</SchemaData></ExtendedData>
      <Point><coordinates>-57.6192295458549,-25.2813617182687</coordinates></Point>
  </Placemark>
  <Placemark id="censo_infona_2022.291">
	<ExtendedData><SchemaData schemaUrl="#censo_infona_2022">
		<SimpleData name="Nº">291</SimpleData>
		<SimpleData name="Nombre_Com">Jambolana</SimpleData>
		<SimpleData name="X">437656</SimpleData>
		<SimpleData name="Y">7203740</SimpleData>
	</SchemaData></ExtendedData>
      <Point><coordinates>-57.6192301418196,-25.2814791111222</coordinates></Point>
  </Placemark>
  <Placemark id="censo_infona_2022.292">
	<ExtendedData><SchemaData schemaUrl="#censo_infona_2022">
		<SimpleData name="Nº">292</SimpleData>
		<SimpleData name="Nombre_Com">Jambolana</SimpleData>
		<SimpleData name="X">437673</SimpleData>
		<SimpleData name="Y">7203731</SimpleData>
	</SchemaData></ExtendedData>
      <Point><coordinates>-57.6190617100466,-25.2815610915819</coordinates></Point>
  </Placemark>
  <Placemark id="censo_infona_2022.293">
	<ExtendedData><SchemaData schemaUrl="#censo_infona_2022">
		<SimpleData name="Nº">293</SimpleData>
		<SimpleData name="Nombre_Com">Casuarina</SimpleData>
		<SimpleData name="X">437648</SimpleData>
		<SimpleData name="Y">7203740</SimpleData>
	</SchemaData></ExtendedData>
      <Point><coordinates>-57.6193095979367,-25.2814787776518</coordinates></Point>
  </Placemark>
  <Placemark id="censo_infona_2022.294">
	<ExtendedData><SchemaData schemaUrl="#censo_infona_2022">
		<SimpleData name="Nº">294</SimpleData>
		<SimpleData name="Nombre_Com">Casuarina</SimpleData>
		<SimpleData name="X">437651</SimpleData>
		<SimpleData name="Y">7203735</SimpleData>
	</SchemaData></ExtendedData>
      <Point><coordinates>-57.6192800311295,-25.2815240538048</coordinates></Point>
  </Placemark>
  <Placemark id="censo_infona_2022.295">
	<ExtendedData><SchemaData schemaUrl="#censo_infona_2022">
		<SimpleData name="Nº">295</SimpleData>
		<SimpleData name="Nombre_Com">Casuarina</SimpleData>
		<SimpleData name="X">437648</SimpleData>
		<SimpleData name="Y">7203737</SimpleData>
	</SchemaData></ExtendedData>
      <Point><coordinates>-57.6193097354852,-25.2815058683096</coordinates></Point>
  </Placemark>
  <Placemark id="censo_infona_2022.296">
	<ExtendedData><SchemaData schemaUrl="#censo_infona_2022">
		<SimpleData name="Nº">296</SimpleData>
		<SimpleData name="Nombre_Com">Jambolana</SimpleData>
		<SimpleData name="X">437655</SimpleData>
		<SimpleData name="Y">7203737</SimpleData>
	</SchemaData></ExtendedData>
      <Point><coordinates>-57.6192402113673,-25.2815061600989</coordinates></Point>
  </Placemark>
  <Placemark id="censo_infona_2022.297">
	<ExtendedData><SchemaData schemaUrl="#censo_infona_2022">
		<SimpleData name="Nº">297</SimpleData>
		<SimpleData name="Nombre_Com">Jambolana</SimpleData>
		<SimpleData name="X">437655</SimpleData>
		<SimpleData name="Y">7203731</SimpleData>
	</SchemaData></ExtendedData>
      <Point><coordinates>-57.619240486434,-25.281560341415</coordinates></Point>
  </Placemark>
  <Placemark id="censo_infona_2022.298">
	<ExtendedData><SchemaData schemaUrl="#censo_infona_2022">
		<SimpleData name="Nº">298</SimpleData>
		<SimpleData name="Nombre_Com">Jambolana</SimpleData>
		<SimpleData name="X">437643</SimpleData>
		<SimpleData name="Y">7203737</SimpleData>
	</SchemaData></ExtendedData>
      <Point><coordinates>-57.6193593955687,-25.2815056598686</coordinates></Point>
  </Placemark>
  <Placemark id="censo_infona_2022.299">
	<ExtendedData><SchemaData schemaUrl="#censo_infona_2022">
		<SimpleData name="Nº">299</SimpleData>
		<SimpleData name="Nombre_Com">Jambolana</SimpleData>
		<SimpleData name="X">437640</SimpleData>
		<SimpleData name="Y">7203727</SimpleData>
	</SchemaData></ExtendedData>
      <Point><coordinates>-57.6193896501738,-25.2815958369867</coordinates></Point>
  </Placemark>
  <Placemark id="censo_infona_2022.300">
	<ExtendedData><SchemaData schemaUrl="#censo_infona_2022">
		<SimpleData name="Nº">300</SimpleData>
		<SimpleData name="Nombre_Com">Jambolana</SimpleData>
		<SimpleData name="X">437649</SimpleData>
		<SimpleData name="Y">7203718</SimpleData>
	</SchemaData></ExtendedData>
      <Point><coordinates>-57.6193006745995,-25.2816774841601</coordinates></Point>
  </Placemark>
  <Placemark id="censo_infona_2022.301">
	<ExtendedData><SchemaData schemaUrl="#censo_infona_2022">
		<SimpleData name="Nº">301</SimpleData>
		<SimpleData name="Nombre_Com">Villetana</SimpleData>
		<SimpleData name="X">437635</SimpleData>
		<SimpleData name="Y">7203722</SimpleData>
	</SchemaData></ExtendedData>
      <Point><coordinates>-57.61943953959,-25.2816407796126</coordinates></Point>
  </Placemark>
  <Placemark id="censo_infona_2022.302">
	<ExtendedData><SchemaData schemaUrl="#censo_infona_2022">
		<SimpleData name="Nº">302</SimpleData>
		<SimpleData name="Nombre_Com">Tajy hu</SimpleData>
		<SimpleData name="X">437634</SimpleData>
		<SimpleData name="Y">7203721</SimpleData>
	</SchemaData></ExtendedData>
      <Point><coordinates>-57.6194495174776,-25.2816497681357</coordinates></Point>
  </Placemark>
  <Placemark id="censo_infona_2022.303">
	<ExtendedData><SchemaData schemaUrl="#censo_infona_2022">
		<SimpleData name="Nº">303</SimpleData>
		<SimpleData name="Nombre_Com">Tajy hu</SimpleData>
		<SimpleData name="X">437644</SimpleData>
		<SimpleData name="Y">7203709</SimpleData>
	</SchemaData></ExtendedData>
      <Point><coordinates>-57.6193507474298,-25.2817585476912</coordinates></Point>
  </Placemark>
  <Placemark id="censo_infona_2022.304">
	<ExtendedData><SchemaData schemaUrl="#censo_infona_2022">
		<SimpleData name="Nº">304</SimpleData>
		<SimpleData name="Nombre_Com">Sivipiruna</SimpleData>
		<SimpleData name="X">437632</SimpleData>
		<SimpleData name="Y">7203719</SimpleData>
	</SchemaData></ExtendedData>
      <Point><coordinates>-57.6194694732573,-25.2816677451796</coordinates></Point>
  </Placemark>
  <Placemark id="censo_infona_2022.305">
	<ExtendedData><SchemaData schemaUrl="#censo_infona_2022">
		<SimpleData name="Nº">305</SimpleData>
		<SimpleData name="Nombre_Com">Sivipiruna</SimpleData>
		<SimpleData name="X">437631</SimpleData>
		<SimpleData name="Y">7203725</SimpleData>
	</SchemaData></ExtendedData>
      <Point><coordinates>-57.6194791301128,-25.2816135221689</coordinates></Point>
  </Placemark>
  <Placemark id="censo_infona_2022.306">
	<ExtendedData><SchemaData schemaUrl="#censo_infona_2022">
		<SimpleData name="Nº">306</SimpleData>
		<SimpleData name="Nombre_Com">Yvyra ju</SimpleData>
		<SimpleData name="X">437637</SimpleData>
		<SimpleData name="Y">7203748</SimpleData>
	</SchemaData></ExtendedData>
      <Point><coordinates>-57.6194184832358,-25.2814060773069</coordinates></Point>
  </Placemark>
  <Placemark id="censo_infona_2022.307">
	<ExtendedData><SchemaData schemaUrl="#censo_infona_2022">
		<SimpleData name="Nº">307</SimpleData>
		<SimpleData name="Nombre_Com">Sivipiruna</SimpleData>
		<SimpleData name="X">437637</SimpleData>
		<SimpleData name="Y">7203743</SimpleData>
	</SchemaData></ExtendedData>
      <Point><coordinates>-57.6194187125229,-25.2814512284027</coordinates></Point>
  </Placemark>
  <Placemark id="censo_infona_2022.308">
	<ExtendedData><SchemaData schemaUrl="#censo_infona_2022">
		<SimpleData name="Nº">308</SimpleData>
		<SimpleData name="Nombre_Com">Sivipiruna</SimpleData>
		<SimpleData name="X">437641</SimpleData>
		<SimpleData name="Y">7203761</SimpleData>
	</SchemaData></ExtendedData>
      <Point><coordinates>-57.6193781590961,-25.281288851225</coordinates></Point>
  </Placemark>
  <Placemark id="censo_infona_2022.309">
	<ExtendedData><SchemaData schemaUrl="#censo_infona_2022">
		<SimpleData name="Nº">309</SimpleData>
		<SimpleData name="Nombre_Com">Sivipiruna</SimpleData>
		<SimpleData name="X">437639</SimpleData>
		<SimpleData name="Y">7203756</SimpleData>
	</SchemaData></ExtendedData>
      <Point><coordinates>-57.6193982523723,-25.2813339189388</coordinates></Point>
  </Placemark>
  <Placemark id="censo_infona_2022.310">
	<ExtendedData><SchemaData schemaUrl="#censo_infona_2022">
		<SimpleData name="Nº">310</SimpleData>
		<SimpleData name="Nombre_Com">Sivipiruna</SimpleData>
		<SimpleData name="X">437637</SimpleData>
		<SimpleData name="Y">7203763</SimpleData>
	</SchemaData></ExtendedData>
      <Point><coordinates>-57.6194177953776,-25.2812706240177</coordinates></Point>
  </Placemark>
  <Placemark id="censo_infona_2022.311">
	<ExtendedData><SchemaData schemaUrl="#censo_infona_2022">
		<SimpleData name="Nº">311</SimpleData>
		<SimpleData name="Nombre_Com">Tajy hu</SimpleData>
		<SimpleData name="X">437641</SimpleData>
		<SimpleData name="Y">7203770</SimpleData>
	</SchemaData></ExtendedData>
      <Point><coordinates>-57.6193777464097,-25.2812075792498</coordinates></Point>
  </Placemark>
  <Placemark id="censo_infona_2022.312">
	<ExtendedData><SchemaData schemaUrl="#censo_infona_2022">
		<SimpleData name="Nº">312</SimpleData>
		<SimpleData name="Nombre_Com">Yvyra ju</SimpleData>
		<SimpleData name="X">437638</SimpleData>
		<SimpleData name="Y">7203775</SimpleData>
	</SchemaData></ExtendedData>
      <Point><coordinates>-57.6194073131062,-25.2811623030775</coordinates></Point>
  </Placemark>
  <Placemark id="censo_infona_2022.313">
	<ExtendedData><SchemaData schemaUrl="#censo_infona_2022">
		<SimpleData name="Nº">313</SimpleData>
		<SimpleData name="Nombre_Com">Yvyra ro</SimpleData>
		<SimpleData name="X">437631</SimpleData>
		<SimpleData name="Y">7203775</SimpleData>
	</SchemaData></ExtendedData>
      <Point><coordinates>-57.6194768370258,-25.2811620112131</coordinates></Point>
  </Placemark>
  <Placemark id="censo_infona_2022.314">
	<ExtendedData><SchemaData schemaUrl="#censo_infona_2022">
		<SimpleData name="Nº">314</SimpleData>
		<SimpleData name="Nombre_Com">yvapovo</SimpleData>
		<SimpleData name="X">437626</SimpleData>
		<SimpleData name="Y">7203786</SimpleData>
	</SchemaData></ExtendedData>
      <Point><coordinates>-57.6195259924556,-25.2810624703054</coordinates></Point>
  </Placemark>
  <Placemark id="censo_infona_2022.315">
	<ExtendedData><SchemaData schemaUrl="#censo_infona_2022">
		<SimpleData name="Nº">315</SimpleData>
		<SimpleData name="Nombre_Com">Yvyra pyta</SimpleData>
		<SimpleData name="X">437660</SimpleData>
		<SimpleData name="Y">7203818</SimpleData>
	</SchemaData></ExtendedData>
      <Point><coordinates>-57.6191868382577,-25.2807749206868</coordinates></Point>
  </Placemark>
  <Placemark id="censo_infona_2022.316">
	<ExtendedData><SchemaData schemaUrl="#censo_infona_2022">
		<SimpleData name="Nº">316</SimpleData>
		<SimpleData name="Nombre_Com">Yvyra ro</SimpleData>
		<SimpleData name="X">437663</SimpleData>
		<SimpleData name="Y">7203822</SimpleData>
	</SchemaData></ExtendedData>
      <Point><coordinates>-57.6191568590385,-25.2807389248335</coordinates></Point>
  </Placemark>
  <Placemark id="censo_infona_2022.317">
	<ExtendedData><SchemaData schemaUrl="#censo_infona_2022">
		<SimpleData name="Nº">317</SimpleData>
		<SimpleData name="Nombre_Com">Yvyra ro</SimpleData>
		<SimpleData name="X">437665</SimpleData>
		<SimpleData name="Y">7203814</SimpleData>
	</SchemaData></ExtendedData>
      <Point><coordinates>-57.6191373618112,-25.2808112499458</coordinates></Point>
  </Placemark>
  <Placemark id="censo_infona_2022.318">
	<ExtendedData><SchemaData schemaUrl="#censo_infona_2022">
		<SimpleData name="Nº">318</SimpleData>
		<SimpleData name="Nombre_Com">Yvyra ro</SimpleData>
		<SimpleData name="X">437661</SimpleData>
		<SimpleData name="Y">7203800</SimpleData>
	</SchemaData></ExtendedData>
      <Point><coordinates>-57.6191777313911,-25.2809375063287</coordinates></Point>
  </Placemark>
  <Placemark id="censo_infona_2022.319">
	<ExtendedData><SchemaData schemaUrl="#censo_infona_2022">
		<SimpleData name="Nº">319</SimpleData>
		<SimpleData name="Nombre_Com">Kurupa'y kuru</SimpleData>
		<SimpleData name="X">437663</SimpleData>
		<SimpleData name="Y">7203794</SimpleData>
	</SchemaData></ExtendedData>
      <Point><coordinates>-57.6191581424726,-25.280991771002</coordinates></Point>
  </Placemark>
  <Placemark id="censo_infona_2022.320">
	<ExtendedData><SchemaData schemaUrl="#censo_infona_2022">
		<SimpleData name="Nº">320</SimpleData>
		<SimpleData name="Nombre_Com">Samu'u</SimpleData>
		<SimpleData name="X">437672</SimpleData>
		<SimpleData name="Y">7203799</SimpleData>
	</SchemaData></ExtendedData>
      <Point><coordinates>-57.6190685255422,-25.2809469949531</coordinates></Point>
  </Placemark>
  <Placemark id="censo_infona_2022.321">
	<ExtendedData><SchemaData schemaUrl="#censo_infona_2022">
		<SimpleData name="Nº">321</SimpleData>
		<SimpleData name="Nombre_Com">Kurupa'y kuru</SimpleData>
		<SimpleData name="X">437672</SimpleData>
		<SimpleData name="Y">7203793</SimpleData>
	</SchemaData></ExtendedData>
      <Point><coordinates>-57.6190688005257,-25.281001176275</coordinates></Point>
  </Placemark>
  <Placemark id="censo_infona_2022.322">
	<ExtendedData><SchemaData schemaUrl="#censo_infona_2022">
		<SimpleData name="Nº">322</SimpleData>
		<SimpleData name="Nombre_Com">Yvyra ro</SimpleData>
		<SimpleData name="X">437672</SimpleData>
		<SimpleData name="Y">7203800</SimpleData>
	</SchemaData></ExtendedData>
      <Point><coordinates>-57.6190684797117,-25.2809379647327</coordinates></Point>
  </Placemark>
  <Placemark id="censo_infona_2022.323">
	<ExtendedData><SchemaData schemaUrl="#censo_infona_2022">
		<SimpleData name="Nº">323</SimpleData>
		<SimpleData name="Nombre_Com">Yvyra pyta</SimpleData>
		<SimpleData name="X">437670</SimpleData>
		<SimpleData name="Y">7203807</SimpleData>
	</SchemaData></ExtendedData>
      <Point><coordinates>-57.6190880228304,-25.2808746698499</coordinates></Point>
  </Placemark>
  <Placemark id="censo_infona_2022.324">
	<ExtendedData><SchemaData schemaUrl="#censo_infona_2022">
		<SimpleData name="Nº">324</SimpleData>
		<SimpleData name="Nombre_Com">Yvyra ju</SimpleData>
		<SimpleData name="X">437672</SimpleData>
		<SimpleData name="Y">7203801</SimpleData>
	</SchemaData></ExtendedData>
      <Point><coordinates>-57.6190684338812,-25.2809289345124</coordinates></Point>
  </Placemark>
  <Placemark id="censo_infona_2022.325">
	<ExtendedData><SchemaData schemaUrl="#censo_infona_2022">
		<SimpleData name="Nº">325</SimpleData>
		<SimpleData name="Nombre_Com">Ñangapiry</SimpleData>
		<SimpleData name="X">437676</SimpleData>
		<SimpleData name="Y">7203794</SimpleData>
	</SchemaData></ExtendedData>
      <Point><coordinates>-57.6190290267934,-25.2809923127275</coordinates></Point>
  </Placemark>
  <Placemark id="censo_infona_2022.326">
	<ExtendedData><SchemaData schemaUrl="#censo_infona_2022">
		<SimpleData name="Nº">326</SimpleData>
		<SimpleData name="Nombre_Com">Kurupa'y kuru</SimpleData>
		<SimpleData name="X">437672</SimpleData>
		<SimpleData name="Y">7203788</SimpleData>
	</SchemaData></ExtendedData>
      <Point><coordinates>-57.6190690296792,-25.2810463273763</coordinates></Point>
  </Placemark>
  <Placemark id="censo_infona_2022.327">
	<ExtendedData><SchemaData schemaUrl="#censo_infona_2022">
		<SimpleData name="Nº">327</SimpleData>
		<SimpleData name="Nombre_Com">Jambolana</SimpleData>
		<SimpleData name="X">437658</SimpleData>
		<SimpleData name="Y">7203760</SimpleData>
	</SchemaData></ExtendedData>
      <Point><coordinates>-57.6192093609523,-25.2812985900917</coordinates></Point>
  </Placemark>
  <Placemark id="censo_infona_2022.328">
	<ExtendedData><SchemaData schemaUrl="#censo_infona_2022">
		<SimpleData name="Nº">328</SimpleData>
		<SimpleData name="Nombre_Com">Samu'u</SimpleData>
		<SimpleData name="X">437681</SimpleData>
		<SimpleData name="Y">7203779</SimpleData>
	</SchemaData></ExtendedData>
      <Point><coordinates>-57.6189800542783,-25.2811279743589</coordinates></Point>
  </Placemark>
  <Placemark id="censo_infona_2022.329">
	<ExtendedData><SchemaData schemaUrl="#censo_infona_2022">
		<SimpleData name="Nº">329</SimpleData>
		<SimpleData name="Nombre_Com">Jambolana</SimpleData>
		<SimpleData name="X">437680</SimpleData>
		<SimpleData name="Y">7203773</SimpleData>
	</SchemaData></ExtendedData>
      <Point><coordinates>-57.6189902612158,-25.2811821140162</coordinates></Point>
  </Placemark>
  <Placemark id="censo_infona_2022.330">
	<ExtendedData><SchemaData schemaUrl="#censo_infona_2022">
		<SimpleData name="Nº">330</SimpleData>
		<SimpleData name="Nombre_Com">Tajy hu</SimpleData>
		<SimpleData name="X">437682</SimpleData>
		<SimpleData name="Y">7203794</SimpleData>
	</SchemaData></ExtendedData>
      <Point><coordinates>-57.6189694349401,-25.2809925627165</coordinates></Point>
  </Placemark>
  <Placemark id="censo_infona_2022.331">
	<ExtendedData><SchemaData schemaUrl="#censo_infona_2022">
		<SimpleData name="Nº">331</SimpleData>
		<SimpleData name="Nombre_Com">Yvyra ju</SimpleData>
		<SimpleData name="X">437681</SimpleData>
		<SimpleData name="Y">7203798</SimpleData>
	</SchemaData></ExtendedData>
      <Point><coordinates>-57.6189791836198,-25.2809564001714</coordinates></Point>
  </Placemark>
  <Placemark id="censo_infona_2022.332">
	<ExtendedData><SchemaData schemaUrl="#censo_infona_2022">
		<SimpleData name="Nº">332</SimpleData>
		<SimpleData name="Nombre_Com">Yvyra ju</SimpleData>
		<SimpleData name="X">437673</SimpleData>
		<SimpleData name="Y">7203797</SimpleData>
	</SchemaData></ExtendedData>
      <Point><coordinates>-57.6190586852301,-25.2809650970629</coordinates></Point>
  </Placemark>
  <Placemark id="censo_infona_2022.333">
	<ExtendedData><SchemaData schemaUrl="#censo_infona_2022">
		<SimpleData name="Nº">333</SimpleData>
		<SimpleData name="Nombre_Com">Samu'u</SimpleData>
		<SimpleData name="X">437683</SimpleData>
		<SimpleData name="Y">7203797</SimpleData>
	</SchemaData></ExtendedData>
      <Point><coordinates>-57.618959365497,-25.2809655137175</coordinates></Point>
  </Placemark>
  <Placemark id="censo_infona_2022.334">
	<ExtendedData><SchemaData schemaUrl="#censo_infona_2022">
		<SimpleData name="Nº">334</SimpleData>
		<SimpleData name="Nombre_Com">Yvyra ju</SimpleData>
		<SimpleData name="X">437689</SimpleData>
		<SimpleData name="Y">7203802</SimpleData>
	</SchemaData></ExtendedData>
      <Point><coordinates>-57.618899544566,-25.2809206125749</coordinates></Point>
  </Placemark>
  <Placemark id="censo_infona_2022.335">
	<ExtendedData><SchemaData schemaUrl="#censo_infona_2022">
		<SimpleData name="Nº">335</SimpleData>
		<SimpleData name="Nombre_Com">Yvyra ro</SimpleData>
		<SimpleData name="X">437693</SimpleData>
		<SimpleData name="Y">7203807</SimpleData>
	</SchemaData></ExtendedData>
      <Point><coordinates>-57.6188595876116,-25.2808756280978</coordinates></Point>
  </Placemark>
  <Placemark id="censo_infona_2022.336">
	<ExtendedData><SchemaData schemaUrl="#censo_infona_2022">
		<SimpleData name="Nº">336</SimpleData>
		<SimpleData name="Nombre_Com">Villetana</SimpleData>
		<SimpleData name="X">437698</SimpleData>
		<SimpleData name="Y">7203788</SimpleData>
	</SchemaData></ExtendedData>
      <Point><coordinates>-57.6188107981971,-25.2810474105606</coordinates></Point>
  </Placemark>
  <Placemark id="censo_infona_2022.337">
	<ExtendedData><SchemaData schemaUrl="#censo_infona_2022">
		<SimpleData name="Nº">337</SimpleData>
		<SimpleData name="Nombre_Com">Tajy hu</SimpleData>
		<SimpleData name="X">437711</SimpleData>
		<SimpleData name="Y">7203789</SimpleData>
	</SchemaData></ExtendedData>
      <Point><coordinates>-57.6186816366483,-25.2810389217623</coordinates></Point>
  </Placemark>
  <Placemark id="censo_infona_2022.338">
	<ExtendedData><SchemaData schemaUrl="#censo_infona_2022">
		<SimpleData name="Nº">338</SimpleData>
		<SimpleData name="Nombre_Com">Yvyra ju</SimpleData>
		<SimpleData name="X">437703</SimpleData>
		<SimpleData name="Y">7203800</SimpleData>
	</SchemaData></ExtendedData>
      <Point><coordinates>-57.6187605886009,-25.2809392561635</coordinates></Point>
  </Placemark>
  <Placemark id="censo_infona_2022.339">
	<ExtendedData><SchemaData schemaUrl="#censo_infona_2022">
		<SimpleData name="Nº">339</SimpleData>
		<SimpleData name="Nombre_Com">Jambolana</SimpleData>
		<SimpleData name="X">437708</SimpleData>
		<SimpleData name="Y">7203814</SimpleData>
	</SchemaData></ExtendedData>
      <Point><coordinates>-57.6187102874881,-25.2808130413039</coordinates></Point>
  </Placemark>
  <Placemark id="censo_infona_2022.340">
	<ExtendedData><SchemaData schemaUrl="#censo_infona_2022">
		<SimpleData name="Nº">340</SimpleData>
		<SimpleData name="Nombre_Com">Jambolana</SimpleData>
		<SimpleData name="X">437700</SimpleData>
		<SimpleData name="Y">7203815</SimpleData>
	</SchemaData></ExtendedData>
      <Point><coordinates>-57.6187896973696,-25.2808036779005</coordinates></Point>
  </Placemark>
  <Placemark id="censo_infona_2022.341">
	<ExtendedData><SchemaData schemaUrl="#censo_infona_2022">
		<SimpleData name="Nº">341</SimpleData>
		<SimpleData name="Nombre_Com">Jambolana</SimpleData>
		<SimpleData name="X">437713</SimpleData>
		<SimpleData name="Y">7203806</SimpleData>
	</SchemaData></ExtendedData>
      <Point><coordinates>-57.6186609940815,-25.2808854912905</coordinates></Point>
  </Placemark>
  <Placemark id="censo_infona_2022.342">
	<ExtendedData><SchemaData schemaUrl="#censo_infona_2022">
		<SimpleData name="Nº">342</SimpleData>
		<SimpleData name="Nombre_Com">Yvyra ju</SimpleData>
		<SimpleData name="X">437711</SimpleData>
		<SimpleData name="Y">7203806</SimpleData>
	</SchemaData></ExtendedData>
      <Point><coordinates>-57.6186808580164,-25.2808854080053</coordinates></Point>
  </Placemark>
  <Placemark id="censo_infona_2022.343">
	<ExtendedData><SchemaData schemaUrl="#censo_infona_2022">
		<SimpleData name="Nº">343</SimpleData>
		<SimpleData name="Nombre_Com">Laurel</SimpleData>
		<SimpleData name="X">437716</SimpleData>
		<SimpleData name="Y">7203809</SimpleData>
	</SchemaData></ExtendedData>
      <Point><coordinates>-57.6186310607851,-25.2808585255496</coordinates></Point>
  </Placemark>
  <Placemark id="censo_infona_2022.344">
	<ExtendedData><SchemaData schemaUrl="#censo_infona_2022">
		<SimpleData name="Nº">344</SimpleData>
		<SimpleData name="Nombre_Com">Jambolana</SimpleData>
		<SimpleData name="X">437718</SimpleData>
		<SimpleData name="Y">7203806</SimpleData>
	</SchemaData></ExtendedData>
      <Point><coordinates>-57.6186113342439,-25.2808856994917</coordinates></Point>
  </Placemark>
  <Placemark id="censo_infona_2022.345">
	<ExtendedData><SchemaData schemaUrl="#censo_infona_2022">
		<SimpleData name="Nº">345</SimpleData>
		<SimpleData name="Nombre_Com">Jambolana</SimpleData>
		<SimpleData name="X">437722</SimpleData>
		<SimpleData name="Y">7203812</SimpleData>
	</SchemaData></ExtendedData>
      <Point><coordinates>-57.6185713316122,-25.2808316847127</coordinates></Point>
  </Placemark>
  <Placemark id="censo_infona_2022.346">
	<ExtendedData><SchemaData schemaUrl="#censo_infona_2022">
		<SimpleData name="Nº">346</SimpleData>
		<SimpleData name="Nombre_Com">Tajy hu</SimpleData>
		<SimpleData name="X">437738</SimpleData>
		<SimpleData name="Y">7203811</SimpleData>
	</SchemaData></ExtendedData>
      <Point><coordinates>-57.618412465979,-25.2808413810215</coordinates></Point>
  </Placemark>
  <Placemark id="censo_infona_2022.347">
	<ExtendedData><SchemaData schemaUrl="#censo_infona_2022">
		<SimpleData name="Nº">347</SimpleData>
		<SimpleData name="Nombre_Com">Tajy hu</SimpleData>
		<SimpleData name="X">437746</SimpleData>
		<SimpleData name="Y">7203818</SimpleData>
	</SchemaData></ExtendedData>
      <Point><coordinates>-57.6183326898332,-25.2807785024486</coordinates></Point>
  </Placemark>
  <Placemark id="censo_infona_2022.348">
	<ExtendedData><SchemaData schemaUrl="#censo_infona_2022">
		<SimpleData name="Nº">348</SimpleData>
		<SimpleData name="Nombre_Com">Yvyra ju</SimpleData>
		<SimpleData name="X">437749</SimpleData>
		<SimpleData name="Y">7203816</SimpleData>
	</SchemaData></ExtendedData>
      <Point><coordinates>-57.618302985502,-25.2807966877482</coordinates></Point>
  </Placemark>
  <Placemark id="censo_infona_2022.349">
	<ExtendedData><SchemaData schemaUrl="#censo_infona_2022">
		<SimpleData name="Nº">349</SimpleData>
		<SimpleData name="Nombre_Com">Sapirangy</SimpleData>
		<SimpleData name="X">437761</SimpleData>
		<SimpleData name="Y">7203819</SimpleData>
	</SchemaData></ExtendedData>
      <Point><coordinates>-57.6181836646755,-25.280770096446</coordinates></Point>
  </Placemark>
  <Placemark id="censo_infona_2022.350">
	<ExtendedData><SchemaData schemaUrl="#censo_infona_2022">
		<SimpleData name="Nº">350</SimpleData>
		<SimpleData name="Nombre_Com">Yvyra pyta</SimpleData>
		<SimpleData name="X">437763</SimpleData>
		<SimpleData name="Y">7203820</SimpleData>
	</SchemaData></ExtendedData>
      <Point><coordinates>-57.6181637549943,-25.2807611494418</coordinates></Point>
  </Placemark>
  <Placemark id="censo_infona_2022.351">
	<ExtendedData><SchemaData schemaUrl="#censo_infona_2022">
		<SimpleData name="Nº">351</SimpleData>
		<SimpleData name="Nombre_Com">Chivato</SimpleData>
		<SimpleData name="X">437762</SimpleData>
		<SimpleData name="Y">7203819</SimpleData>
	</SchemaData></ExtendedData>
      <Point><coordinates>-57.6181737327165,-25.2807701380553</coordinates></Point>
  </Placemark>
  <Placemark id="censo_infona_2022.352">
	<ExtendedData><SchemaData schemaUrl="#censo_infona_2022">
		<SimpleData name="Nº">352</SimpleData>
		<SimpleData name="Nombre_Com">Chivato</SimpleData>
		<SimpleData name="X">437760</SimpleData>
		<SimpleData name="Y">7203824</SimpleData>
	</SchemaData></ExtendedData>
      <Point><coordinates>-57.6181933678078,-25.2807249037256</coordinates></Point>
  </Placemark>
  <Placemark id="censo_infona_2022.353">
	<ExtendedData><SchemaData schemaUrl="#censo_infona_2022">
		<SimpleData name="Nº">353</SimpleData>
		<SimpleData name="Nombre_Com">Tarumá</SimpleData>
		<SimpleData name="X">437755</SimpleData>
		<SimpleData name="Y">7203828</SimpleData>
	</SchemaData></ExtendedData>
      <Point><coordinates>-57.6182428445083,-25.2806885747781</coordinates></Point>
  </Placemark>
  <Placemark id="censo_infona_2022.354">
	<ExtendedData><SchemaData schemaUrl="#censo_infona_2022">
		<SimpleData name="Nº">354</SimpleData>
		<SimpleData name="Nombre_Com">Jambolana</SimpleData>
		<SimpleData name="X">437722</SimpleData>
		<SimpleData name="Y">7203832</SimpleData>
	</SchemaData></ExtendedData>
      <Point><coordinates>-57.6185704157472,-25.2806510802836</coordinates></Point>
  </Placemark>
  <Placemark id="censo_infona_2022.355">
	<ExtendedData><SchemaData schemaUrl="#censo_infona_2022">
		<SimpleData name="Nº">355</SimpleData>
		<SimpleData name="Nombre_Com">Eucalipto</SimpleData>
		<SimpleData name="X">437718</SimpleData>
		<SimpleData name="Y">7203827</SimpleData>
	</SchemaData></ExtendedData>
      <Point><coordinates>-57.6186103725214,-25.2806960648438</coordinates></Point>
  </Placemark>
  <Placemark id="censo_infona_2022.356">
	<ExtendedData><SchemaData schemaUrl="#censo_infona_2022">
		<SimpleData name="Nº">356</SimpleData>
		<SimpleData name="Nombre_Com">Yvyra pyta</SimpleData>
		<SimpleData name="X">437720</SimpleData>
		<SimpleData name="Y">7203819</SimpleData>
	</SchemaData></ExtendedData>
      <Point><coordinates>-57.6185908749746,-25.2807683898903</coordinates></Point>
  </Placemark>
  <Placemark id="censo_infona_2022.357">
	<ExtendedData><SchemaData schemaUrl="#censo_infona_2022">
		<SimpleData name="Nº">357</SimpleData>
		<SimpleData name="Nombre_Com">Eucalipto</SimpleData>
		<SimpleData name="X">437709</SimpleData>
		<SimpleData name="Y">7203821</SimpleData>
	</SchemaData></ExtendedData>
      <Point><coordinates>-57.6187000349063,-25.2807498714003</coordinates></Point>
  </Placemark>
  <Placemark id="censo_infona_2022.358">
	<ExtendedData><SchemaData schemaUrl="#censo_infona_2022">
		<SimpleData name="Nº">358</SimpleData>
		<SimpleData name="Nombre_Com">Eucalipto</SimpleData>
		<SimpleData name="X">437709</SimpleData>
		<SimpleData name="Y">7203832</SimpleData>
	</SchemaData></ExtendedData>
      <Point><coordinates>-57.6186995310765,-25.2806505389662</coordinates></Point>
  </Placemark>
  <Placemark id="censo_infona_2022.359">
	<ExtendedData><SchemaData schemaUrl="#censo_infona_2022">
		<SimpleData name="Nº">359</SimpleData>
		<SimpleData name="Nombre_Com">Jambolana</SimpleData>
		<SimpleData name="X">437702</SimpleData>
		<SimpleData name="Y">7203837</SimpleData>
	</SchemaData></ExtendedData>
      <Point><coordinates>-57.6187688256755,-25.2806050963345</coordinates></Point>
  </Placemark>
  <Placemark id="censo_infona_2022.360">
	<ExtendedData><SchemaData schemaUrl="#censo_infona_2022">
		<SimpleData name="Nº">360</SimpleData>
		<SimpleData name="Nombre_Com">Jambolana</SimpleData>
		<SimpleData name="X">437714</SimpleData>
		<SimpleData name="Y">7203841</SimpleData>
	</SchemaData></ExtendedData>
      <Point><coordinates>-57.6186494591456,-25.2805694751852</coordinates></Point>
  </Placemark>
  <Placemark id="censo_infona_2022.361">
	<ExtendedData><SchemaData schemaUrl="#censo_infona_2022">
		<SimpleData name="Nº">361</SimpleData>
		<SimpleData name="Nombre_Com">Yvyra ju</SimpleData>
		<SimpleData name="X">437700</SimpleData>
		<SimpleData name="Y">7203842</SimpleData>
	</SchemaData></ExtendedData>
      <Point><coordinates>-57.6187884605191,-25.2805598619293</coordinates></Point>
  </Placemark>
  <Placemark id="censo_infona_2022.362">
	<ExtendedData><SchemaData schemaUrl="#censo_infona_2022">
		<SimpleData name="Nº">362</SimpleData>
		<SimpleData name="Nombre_Com">Yvyra ju</SimpleData>
		<SimpleData name="X">437694</SimpleData>
		<SimpleData name="Y">7203842</SimpleData>
	</SchemaData></ExtendedData>
      <Point><coordinates>-57.618848052163,-25.2805596120173</coordinates></Point>
  </Placemark>
  <Placemark id="censo_infona_2022.363">
	<ExtendedData><SchemaData schemaUrl="#censo_infona_2022">
		<SimpleData name="Nº">363</SimpleData>
		<SimpleData name="Nombre_Com">Yvyra pyta</SimpleData>
		<SimpleData name="X">437682</SimpleData>
		<SimpleData name="Y">7203814</SimpleData>
	</SchemaData></ExtendedData>
      <Point><coordinates>-57.618968518479,-25.2808119583049</coordinates></Point>
  </Placemark>
  <Placemark id="censo_infona_2022.364">
	<ExtendedData><SchemaData schemaUrl="#censo_infona_2022">
		<SimpleData name="Nº">364</SimpleData>
		<SimpleData name="Nombre_Com">Tajy hu</SimpleData>
		<SimpleData name="X">437679</SimpleData>
		<SimpleData name="Y">7203842</SimpleData>
	</SchemaData></ExtendedData>
      <Point><coordinates>-57.6189970312692,-25.280558987132</coordinates></Point>
  </Placemark>
  <Placemark id="censo_infona_2022.365">
	<ExtendedData><SchemaData schemaUrl="#censo_infona_2022">
		<SimpleData name="Nº">365</SimpleData>
		<SimpleData name="Nombre_Com">Yvyra pyta</SimpleData>
		<SimpleData name="X">437682</SimpleData>
		<SimpleData name="Y">7203849</SimpleData>
	</SchemaData></ExtendedData>
      <Point><coordinates>-57.6189669146934,-25.2804959005738</coordinates></Point>
  </Placemark>
  <Placemark id="censo_infona_2022.366">
	<ExtendedData><SchemaData schemaUrl="#censo_infona_2022">
		<SimpleData name="Nº">366</SimpleData>
		<SimpleData name="Nombre_Com">Pindó</SimpleData>
		<SimpleData name="X">437674</SimpleData>
		<SimpleData name="Y">7203851</SimpleData>
	</SchemaData></ExtendedData>
      <Point><coordinates>-57.6190462785182,-25.2804775068153</coordinates></Point>
  </Placemark>
  <Placemark id="censo_infona_2022.367">
	<ExtendedData><SchemaData schemaUrl="#censo_infona_2022">
		<SimpleData name="Nº">367</SimpleData>
		<SimpleData name="Nombre_Com">Tajy hu</SimpleData>
		<SimpleData name="X">437679</SimpleData>
		<SimpleData name="Y">7203857</SimpleData>
	</SchemaData></ExtendedData>
      <Point><coordinates>-57.6189963439054,-25.2804235338165</coordinates></Point>
  </Placemark>
  <Placemark id="censo_infona_2022.368">
	<ExtendedData><SchemaData schemaUrl="#censo_infona_2022">
		<SimpleData name="Nº">368</SimpleData>
		<SimpleData name="Nombre_Com">Tarumá</SimpleData>
		<SimpleData name="X">437670</SimpleData>
		<SimpleData name="Y">7203856</SimpleData>
	</SchemaData></ExtendedData>
      <Point><coordinates>-57.6190857770983,-25.2804321890364</coordinates></Point>
  </Placemark>
  <Placemark id="censo_infona_2022.369">
	<ExtendedData><SchemaData schemaUrl="#censo_infona_2022">
		<SimpleData name="Nº">369</SimpleData>
		<SimpleData name="Nombre_Com">Palma</SimpleData>
		<SimpleData name="X">437673</SimpleData>
		<SimpleData name="Y">7203859</SimpleData>
	</SchemaData></ExtendedData>
      <Point><coordinates>-57.6190558438234,-25.2804052233798</coordinates></Point>
  </Placemark>
  <Placemark id="censo_infona_2022.370">
	<ExtendedData><SchemaData schemaUrl="#censo_infona_2022">
		<SimpleData name="Nº">370</SimpleData>
		<SimpleData name="Nombre_Com">Yvyra ro</SimpleData>
		<SimpleData name="X">437672</SimpleData>
		<SimpleData name="Y">7203858</SimpleData>
	</SchemaData></ExtendedData>
      <Point><coordinates>-57.6190658215802,-25.2804142119327</coordinates></Point>
  </Placemark>
  <Placemark id="censo_infona_2022.371">
	<ExtendedData><SchemaData schemaUrl="#censo_infona_2022">
		<SimpleData name="Nº">371</SimpleData>
		<SimpleData name="Nombre_Com">Palma</SimpleData>
		<SimpleData name="X">437673</SimpleData>
		<SimpleData name="Y">7203863</SimpleData>
	</SchemaData></ExtendedData>
      <Point><coordinates>-57.6190556605098,-25.2803691024955</coordinates></Point>
  </Placemark>
  <Placemark id="censo_infona_2022.372">
	<ExtendedData><SchemaData schemaUrl="#censo_infona_2022">
		<SimpleData name="Nº">372</SimpleData>
		<SimpleData name="Nombre_Com">Palma</SimpleData>
		<SimpleData name="X">437663</SimpleData>
		<SimpleData name="Y">7203863</SimpleData>
	</SchemaData></ExtendedData>
      <Point><coordinates>-57.6191549797555,-25.2803686857853</coordinates></Point>
  </Placemark>
  <Placemark id="censo_infona_2022.373">
	<ExtendedData><SchemaData schemaUrl="#censo_infona_2022">
		<SimpleData name="Nº">373</SimpleData>
		<SimpleData name="Nombre_Com">Pindó</SimpleData>
		<SimpleData name="X">437669</SimpleData>
		<SimpleData name="Y">7203866</SimpleData>
	</SchemaData></ExtendedData>
      <Point><coordinates>-57.6190952507145,-25.2803418451563</coordinates></Point>
  </Placemark>
  <Placemark id="censo_infona_2022.374">
	<ExtendedData><SchemaData schemaUrl="#censo_infona_2022">
		<SimpleData name="Nº">374</SimpleData>
		<SimpleData name="Nombre_Com">Tarumá</SimpleData>
		<SimpleData name="X">437671</SimpleData>
		<SimpleData name="Y">7203865</SimpleData>
	</SchemaData></ExtendedData>
      <Point><coordinates>-57.6190754326994,-25.2803509587167</coordinates></Point>
  </Placemark>
  <Placemark id="censo_infona_2022.375">
	<ExtendedData><SchemaData schemaUrl="#censo_infona_2022">
		<SimpleData name="Nº">375</SimpleData>
		<SimpleData name="Nombre_Com">Amba'y</SimpleData>
		<SimpleData name="X">437671</SimpleData>
		<SimpleData name="Y">7203840</SimpleData>
	</SchemaData></ExtendedData>
      <Point><coordinates>-57.6190765784512,-25.28057671424</coordinates></Point>
  </Placemark>
  <Placemark id="censo_infona_2022.376">
	<ExtendedData><SchemaData schemaUrl="#censo_infona_2022">
		<SimpleData name="Nº">376</SimpleData>
		<SimpleData name="Nombre_Com">Yvyra pyta</SimpleData>
		<SimpleData name="X">437624</SimpleData>
		<SimpleData name="Y">7203855</SimpleData>
	</SchemaData></ExtendedData>
      <Point><coordinates>-57.6195426917084,-25.2804393017383</coordinates></Point>
  </Placemark>
  <Placemark id="censo_infona_2022.377">
	<ExtendedData><SchemaData schemaUrl="#censo_infona_2022">
		<SimpleData name="Nº">377</SimpleData>
		<SimpleData name="Nombre_Com">Tajy rosado</SimpleData>
		<SimpleData name="X">437625</SimpleData>
		<SimpleData name="Y">7203872</SimpleData>
	</SchemaData></ExtendedData>
      <Point><coordinates>-57.619531980097,-25.2802858296938</coordinates></Point>
  </Placemark>
  <Placemark id="censo_infona_2022.378">
	<ExtendedData><SchemaData schemaUrl="#censo_infona_2022">
		<SimpleData name="Nº">378</SimpleData>
		<SimpleData name="Nombre_Com">Yvyra ro</SimpleData>
		<SimpleData name="X">437623</SimpleData>
		<SimpleData name="Y">7203838</SimpleData>
	</SchemaData></ExtendedData>
      <Point><coordinates>-57.6195534033512,-25.2805927737783</coordinates></Point>
  </Placemark>
  <Placemark id="censo_infona_2022.379">
	<ExtendedData><SchemaData schemaUrl="#censo_infona_2022">
		<SimpleData name="Nº">379</SimpleData>
		<SimpleData name="Nombre_Com">Sivipiruna</SimpleData>
		<SimpleData name="X">437632</SimpleData>
		<SimpleData name="Y">7203839</SimpleData>
	</SchemaData></ExtendedData>
      <Point><coordinates>-57.6194639700137,-25.2805841188449</coordinates></Point>
  </Placemark>
  <Placemark id="censo_infona_2022.380">
	<ExtendedData><SchemaData schemaUrl="#censo_infona_2022">
		<SimpleData name="Nº">380</SimpleData>
		<SimpleData name="Nombre_Com">Yvyra pyta</SimpleData>
		<SimpleData name="X">437616</SimpleData>
		<SimpleData name="Y">7203833</SimpleData>
	</SchemaData></ExtendedData>
      <Point><coordinates>-57.6196231562987,-25.2806376329503</coordinates></Point>
  </Placemark>
  <Placemark id="censo_infona_2022.381">
	<ExtendedData><SchemaData schemaUrl="#censo_infona_2022">
		<SimpleData name="Nº">381</SimpleData>
		<SimpleData name="Nombre_Com">Sivipiruna</SimpleData>
		<SimpleData name="X">437624</SimpleData>
		<SimpleData name="Y">7203826</SimpleData>
	</SchemaData></ExtendedData>
      <Point><coordinates>-57.6195440217901,-25.2807011781184</coordinates></Point>
  </Placemark>
  <Placemark id="censo_infona_2022.382">
	<ExtendedData><SchemaData schemaUrl="#censo_infona_2022">
		<SimpleData name="Nº">382</SimpleData>
		<SimpleData name="Nombre_Com">Yvyra pyta</SimpleData>
		<SimpleData name="X">437618</SimpleData>
		<SimpleData name="Y">7203820</SimpleData>
	</SchemaData></ExtendedData>
      <Point><coordinates>-57.6196038887126,-25.2807551092183</coordinates></Point>
  </Placemark>
  <Placemark id="censo_infona_2022.383">
	<ExtendedData><SchemaData schemaUrl="#censo_infona_2022">
		<SimpleData name="Nº">383</SimpleData>
		<SimpleData name="Nombre_Com">Chivato</SimpleData>
		<SimpleData name="X">437623</SimpleData>
		<SimpleData name="Y">7203809</SimpleData>
	</SchemaData></ExtendedData>
      <Point><coordinates>-57.6195547334651,-25.2808546501525</coordinates></Point>
  </Placemark>
  <Placemark id="censo_infona_2022.384">
	<ExtendedData><SchemaData schemaUrl="#censo_infona_2022">
		<SimpleData name="Nº">384</SimpleData>
		<SimpleData name="Nombre_Com">Chivato</SimpleData>
		<SimpleData name="X">437628</SimpleData>
		<SimpleData name="Y">7203807</SimpleData>
	</SchemaData></ExtendedData>
      <Point><coordinates>-57.6195051653738,-25.2808729190936</coordinates></Point>
  </Placemark>
  <Placemark id="censo_infona_2022.385">
	<ExtendedData><SchemaData schemaUrl="#censo_infona_2022">
		<SimpleData name="Nº">385</SimpleData>
		<SimpleData name="Nombre_Com">Yvyra pyta</SimpleData>
		<SimpleData name="X">437628</SimpleData>
		<SimpleData name="Y">7203788</SimpleData>
	</SchemaData></ExtendedData>
      <Point><coordinates>-57.6195060367688,-25.2810444932659</coordinates></Point>
  </Placemark>
  <Placemark id="censo_infona_2022.386">
	<ExtendedData><SchemaData schemaUrl="#censo_infona_2022">
		<SimpleData name="Nº">386</SimpleData>
		<SimpleData name="Nombre_Com">Chivato</SimpleData>
		<SimpleData name="X">437619</SimpleData>
		<SimpleData name="Y">7203804</SimpleData>
	</SchemaData></ExtendedData>
      <Point><coordinates>-57.6195946906646,-25.2808996344368</coordinates></Point>
  </Placemark>
  <Placemark id="censo_infona_2022.387">
	<ExtendedData><SchemaData schemaUrl="#censo_infona_2022">
		<SimpleData name="Nº">387</SimpleData>
		<SimpleData name="Nombre_Com">Chivato</SimpleData>
		<SimpleData name="X">437621</SimpleData>
		<SimpleData name="Y">7203807</SimpleData>
	</SchemaData></ExtendedData>
      <Point><coordinates>-57.6195746891272,-25.2808726271863</coordinates></Point>
  </Placemark>
  <Placemark id="censo_infona_2022.388">
	<ExtendedData><SchemaData schemaUrl="#censo_infona_2022">
		<SimpleData name="Nº">388</SimpleData>
		<SimpleData name="Nombre_Com">Guavira sa'yju</SimpleData>
		<SimpleData name="X">437614</SimpleData>
		<SimpleData name="Y">7203803</SimpleData>
	</SchemaData></ExtendedData>
      <Point><coordinates>-57.6196443963717,-25.2809084561239</coordinates></Point>
  </Placemark>
  <Placemark id="censo_infona_2022.389">
	<ExtendedData><SchemaData schemaUrl="#censo_infona_2022">
		<SimpleData name="Nº">389</SimpleData>
		<SimpleData name="Nombre_Com">Sivipiruna</SimpleData>
		<SimpleData name="X">437615</SimpleData>
		<SimpleData name="Y">7203815</SimpleData>
	</SchemaData></ExtendedData>
      <Point><coordinates>-57.6196339139378,-25.2808001351977</coordinates></Point>
  </Placemark>
  <Placemark id="censo_infona_2022.390">
	<ExtendedData><SchemaData schemaUrl="#censo_infona_2022">
		<SimpleData name="Nº">390</SimpleData>
		<SimpleData name="Nombre_Com">Sivipiruna</SimpleData>
		<SimpleData name="X">437611</SimpleData>
		<SimpleData name="Y">7203809</SimpleData>
	</SchemaData></ExtendedData>
      <Point><coordinates>-57.6196739170228,-25.2808541496801</coordinates></Point>
  </Placemark>
  <Placemark id="censo_infona_2022.391">
	<ExtendedData><SchemaData schemaUrl="#censo_infona_2022">
		<SimpleData name="Nº">391</SimpleData>
		<SimpleData name="Nombre_Com">Sivipiruna</SimpleData>
		<SimpleData name="X">437606</SimpleData>
		<SimpleData name="Y">7203812</SimpleData>
	</SchemaData></ExtendedData>
      <Point><coordinates>-57.6197234392012,-25.2808268504635</coordinates></Point>
  </Placemark>
  <Placemark id="censo_infona_2022.392">
	<ExtendedData><SchemaData schemaUrl="#censo_infona_2022">
		<SimpleData name="Nº">392</SimpleData>
		<SimpleData name="Nombre_Com">Sivipiruna</SimpleData>
		<SimpleData name="X">437606</SimpleData>
		<SimpleData name="Y">7203800</SimpleData>
	</SchemaData></ExtendedData>
      <Point><coordinates>-57.6197239897478,-25.2809352130953</coordinates></Point>
  </Placemark>
  <Placemark id="censo_infona_2022.393">
	<ExtendedData><SchemaData schemaUrl="#censo_infona_2022">
		<SimpleData name="Nº">393</SimpleData>
		<SimpleData name="Nombre_Com">Yvyra pyta</SimpleData>
		<SimpleData name="X">437615</SimpleData>
		<SimpleData name="Y">7203792</SimpleData>
	</SchemaData></ExtendedData>
      <Point><coordinates>-57.6196349690012,-25.2810078302449</coordinates></Point>
  </Placemark>
  <Placemark id="censo_infona_2022.394">
	<ExtendedData><SchemaData schemaUrl="#censo_infona_2022">
		<SimpleData name="Nº">394</SimpleData>
		<SimpleData name="Nombre_Com">Sivipiruna</SimpleData>
		<SimpleData name="X">437611</SimpleData>
		<SimpleData name="Y">7203793</SimpleData>
	</SchemaData></ExtendedData>
      <Point><coordinates>-57.6196746510279,-25.2809986331897</coordinates></Point>
  </Placemark>
  <Placemark id="censo_infona_2022.395">
	<ExtendedData><SchemaData schemaUrl="#censo_infona_2022">
		<SimpleData name="Nº">395</SimpleData>
		<SimpleData name="Nombre_Com">Ficus</SimpleData>
		<SimpleData name="X">437608</SimpleData>
		<SimpleData name="Y">7203796</SimpleData>
	</SchemaData></ExtendedData>
      <Point><coordinates>-57.6197043093191,-25.280971417398</coordinates></Point>
  </Placemark>
  <Placemark id="censo_infona_2022.396">
	<ExtendedData><SchemaData schemaUrl="#censo_infona_2022">
		<SimpleData name="Nº">396</SimpleData>
		<SimpleData name="Nombre_Com">Sivipiruna</SimpleData>
		<SimpleData name="X">437602</SimpleData>
		<SimpleData name="Y">7203787</SimpleData>
	</SchemaData></ExtendedData>
      <Point><coordinates>-57.619764314093,-25.2810524390842</coordinates></Point>
  </Placemark>
  <Placemark id="censo_infona_2022.397">
	<ExtendedData><SchemaData schemaUrl="#censo_infona_2022">
		<SimpleData name="Nº">397</SimpleData>
		<SimpleData name="Nombre_Com">Tajy hu</SimpleData>
		<SimpleData name="X">437602</SimpleData>
		<SimpleData name="Y">7203778</SimpleData>
	</SchemaData></ExtendedData>
      <Point><coordinates>-57.6197647270341,-25.2811337110551</coordinates></Point>
  </Placemark>
  <Placemark id="censo_infona_2022.398">
	<ExtendedData><SchemaData schemaUrl="#censo_infona_2022">
		<SimpleData name="Nº">398</SimpleData>
		<SimpleData name="Nombre_Com">Sivipiruna</SimpleData>
		<SimpleData name="X">437595</SimpleData>
		<SimpleData name="Y">7203775</SimpleData>
	</SchemaData></ExtendedData>
      <Point><coordinates>-57.6198343885956,-25.281160509679</coordinates></Point>
  </Placemark>
  <Placemark id="censo_infona_2022.399">
	<ExtendedData><SchemaData schemaUrl="#censo_infona_2022">
		<SimpleData name="Nº">399</SimpleData>
		<SimpleData name="Nombre_Com">Yvyra ju</SimpleData>
		<SimpleData name="X">437597</SimpleData>
		<SimpleData name="Y">7203780</SimpleData>
	</SchemaData></ExtendedData>
      <Point><coordinates>-57.6198142951896,-25.2811154420261</coordinates></Point>
  </Placemark>
  <Placemark id="censo_infona_2022.400">
	<ExtendedData><SchemaData schemaUrl="#censo_infona_2022">
		<SimpleData name="Nº">400</SimpleData>
		<SimpleData name="Nombre_Com">Yvyra pyta</SimpleData>
		<SimpleData name="X">437591</SimpleData>
		<SimpleData name="Y">7203772</SimpleData>
	</SchemaData></ExtendedData>
      <Point><coordinates>-57.6198742542179,-25.2811874334445</coordinates></Point>
  </Placemark>
  <Placemark id="censo_infona_2022.401">
	<ExtendedData><SchemaData schemaUrl="#censo_infona_2022">
		<SimpleData name="Nº">401</SimpleData>
		<SimpleData name="Nombre_Com">Sivipiruna</SimpleData>
		<SimpleData name="X">437587</SimpleData>
		<SimpleData name="Y">7203769</SimpleData>
	</SchemaData></ExtendedData>
      <Point><coordinates>-57.6199141198577,-25.2812143571988</coordinates></Point>
  </Placemark>
  <Placemark id="censo_infona_2022.402">
	<ExtendedData><SchemaData schemaUrl="#censo_infona_2022">
		<SimpleData name="Nº">402</SimpleData>
		<SimpleData name="Nombre_Com">Yvyra ju</SimpleData>
		<SimpleData name="X">437581</SimpleData>
		<SimpleData name="Y">7203769</SimpleData>
	</SchemaData></ExtendedData>
      <Point><coordinates>-57.6199737118086,-25.2812141068262</coordinates></Point>
  </Placemark>
  <Placemark id="censo_infona_2022.403">
	<ExtendedData><SchemaData schemaUrl="#censo_infona_2022">
		<SimpleData name="Nº">403</SimpleData>
		<SimpleData name="Nombre_Com">Leucaena</SimpleData>
		<SimpleData name="X">437585</SimpleData>
		<SimpleData name="Y">7203772</SimpleData>
	</SchemaData></ExtendedData>
      <Point><coordinates>-57.6199338461561,-25.2811871830883</coordinates></Point>
  </Placemark>
  <Placemark id="censo_infona_2022.404">
	<ExtendedData><SchemaData schemaUrl="#censo_infona_2022">
		<SimpleData name="Nº">404</SimpleData>
		<SimpleData name="Nombre_Com">Kurupa'y kuru</SimpleData>
		<SimpleData name="X">437584</SimpleData>
		<SimpleData name="Y">7203766</SimpleData>
	</SchemaData></ExtendedData>
      <Point><coordinates>-57.619944053521,-25.2812413226711</coordinates></Point>
  </Placemark>
  <Placemark id="censo_infona_2022.405">
	<ExtendedData><SchemaData schemaUrl="#censo_infona_2022">
		<SimpleData name="Nº">405</SimpleData>
		<SimpleData name="Nombre_Com">Petereby</SimpleData>
		<SimpleData name="X">437577</SimpleData>
		<SimpleData name="Y">7203772</SimpleData>
	</SchemaData></ExtendedData>
      <Point><coordinates>-57.6200133020725,-25.2811868492425</coordinates></Point>
  </Placemark>
  <Placemark id="censo_infona_2022.406">
	<ExtendedData><SchemaData schemaUrl="#censo_infona_2022">
		<SimpleData name="Nº">406</SimpleData>
		<SimpleData name="Nombre_Com">Mbokaja</SimpleData>
		<SimpleData name="X">437575</SimpleData>
		<SimpleData name="Y">7203773</SimpleData>
	</SchemaData></ExtendedData>
      <Point><coordinates>-57.6200331201489,-25.281177735556</coordinates></Point>
  </Placemark>
  <Placemark id="censo_infona_2022.407">
	<ExtendedData><SchemaData schemaUrl="#censo_infona_2022">
		<SimpleData name="Nº">407</SimpleData>
		<SimpleData name="Nombre_Com">Petereby</SimpleData>
		<SimpleData name="X">437571</SimpleData>
		<SimpleData name="Y">7203768</SimpleData>
	</SchemaData></ExtendedData>
      <Point><coordinates>-57.6200730776305,-25.2812227197034</coordinates></Point>
  </Placemark>
  <Placemark id="censo_infona_2022.408">
	<ExtendedData><SchemaData schemaUrl="#censo_infona_2022">
		<SimpleData name="Nº">408</SimpleData>
		<SimpleData name="Nombre_Com">Ficus</SimpleData>
		<SimpleData name="X">437568</SimpleData>
		<SimpleData name="Y">7203767</SimpleData>
	</SchemaData></ExtendedData>
      <Point><coordinates>-57.6201029195148,-25.2812316247062</coordinates></Point>
  </Placemark>
  <Placemark id="censo_infona_2022.409">
	<ExtendedData><SchemaData schemaUrl="#censo_infona_2022">
		<SimpleData name="Nº">409</SimpleData>
		<SimpleData name="Nombre_Com">Tajy hu</SimpleData>
		<SimpleData name="X">437565</SimpleData>
		<SimpleData name="Y">7203756</SimpleData>
	</SchemaData></ExtendedData>
      <Point><coordinates>-57.6201332205036,-25.2813308318841</coordinates></Point>
  </Placemark>
  <Placemark id="censo_infona_2022.410">
	<ExtendedData><SchemaData schemaUrl="#censo_infona_2022">
		<SimpleData name="Nº">410</SimpleData>
		<SimpleData name="Nombre_Com">Tataré</SimpleData>
		<SimpleData name="X">437564</SimpleData>
		<SimpleData name="Y">7203754</SimpleData>
	</SchemaData></ExtendedData>
      <Point><coordinates>-57.6201432443263,-25.2813488505782</coordinates></Point>
  </Placemark>
  <Placemark id="censo_infona_2022.411">
	<ExtendedData><SchemaData schemaUrl="#censo_infona_2022">
		<SimpleData name="Nº">411</SimpleData>
		<SimpleData name="Nombre_Com">Tajy hu</SimpleData>
		<SimpleData name="X">437562</SimpleData>
		<SimpleData name="Y">7203770</SimpleData>
	</SchemaData></ExtendedData>
      <Point><coordinates>-57.6201623737359,-25.2812042836028</coordinates></Point>
  </Placemark>
  <Placemark id="censo_infona_2022.412">
	<ExtendedData><SchemaData schemaUrl="#censo_infona_2022">
		<SimpleData name="Nº">412</SimpleData>
		<SimpleData name="Nombre_Com">Tajy hu</SimpleData>
		<SimpleData name="X">437561</SimpleData>
		<SimpleData name="Y">7203766</SimpleData>
	</SchemaData></ExtendedData>
      <Point><coordinates>-57.6201724893777,-25.2812403627315</coordinates></Point>
  </Placemark>
  <Placemark id="censo_infona_2022.413">
	<ExtendedData><SchemaData schemaUrl="#censo_infona_2022">
		<SimpleData name="Nº">413</SimpleData>
		<SimpleData name="Nombre_Com">Pindó</SimpleData>
		<SimpleData name="X">437560</SimpleData>
		<SimpleData name="Y">7203777</SimpleData>
	</SchemaData></ExtendedData>
      <Point><coordinates>-57.6201819163231,-25.2811409885873</coordinates></Point>
  </Placemark>
  <Placemark id="censo_infona_2022.414">
	<ExtendedData><SchemaData schemaUrl="#censo_infona_2022">
		<SimpleData name="Nº">414</SimpleData>
		<SimpleData name="Nombre_Com">Pindó</SimpleData>
		<SimpleData name="X">437564</SimpleData>
		<SimpleData name="Y">7203774</SimpleData>
	</SchemaData></ExtendedData>
      <Point><coordinates>-57.6201423261126,-25.2811682462154</coordinates></Point>
  </Placemark>
  <Placemark id="censo_infona_2022.415">
	<ExtendedData><SchemaData schemaUrl="#censo_infona_2022">
		<SimpleData name="Nº">415</SimpleData>
		<SimpleData name="Nombre_Com">Pindó</SimpleData>
		<SimpleData name="X">437565</SimpleData>
		<SimpleData name="Y">7203770</SimpleData>
	</SchemaData></ExtendedData>
      <Point><coordinates>-57.620132577764,-25.2812044088301</coordinates></Point>
  </Placemark>
  <Placemark id="censo_infona_2022.416">
	<ExtendedData><SchemaData schemaUrl="#censo_infona_2022">
		<SimpleData name="Nº">416</SimpleData>
		<SimpleData name="Nombre_Com">Pindó</SimpleData>
		<SimpleData name="X">437573</SimpleData>
		<SimpleData name="Y">7203774</SimpleData>
	</SchemaData></ExtendedData>
      <Point><coordinates>-57.6200529382224,-25.2811686218668</coordinates></Point>
  </Placemark>
  <Placemark id="censo_infona_2022.417">
	<ExtendedData><SchemaData schemaUrl="#censo_infona_2022">
		<SimpleData name="Nº">417</SimpleData>
		<SimpleData name="Nombre_Com">Pindó</SimpleData>
		<SimpleData name="X">437577</SimpleData>
		<SimpleData name="Y">7203774</SimpleData>
	</SchemaData></ExtendedData>
      <Point><coordinates>-57.6200132102706,-25.2811687888056</coordinates></Point>
  </Placemark>
  <Placemark id="censo_infona_2022.418">
	<ExtendedData><SchemaData schemaUrl="#censo_infona_2022">
		<SimpleData name="Nº">418</SimpleData>
		<SimpleData name="Nombre_Com">Tajy hu</SimpleData>
		<SimpleData name="X">437573</SimpleData>
		<SimpleData name="Y">7203757</SimpleData>
	</SchemaData></ExtendedData>
      <Point><coordinates>-57.620053718591,-25.281322135578</coordinates></Point>
  </Placemark>
  <Placemark id="censo_infona_2022.419">
	<ExtendedData><SchemaData schemaUrl="#censo_infona_2022">
		<SimpleData name="Nº">419</SimpleData>
		<SimpleData name="Nombre_Com">Yvyra ro</SimpleData>
		<SimpleData name="X">437574</SimpleData>
		<SimpleData name="Y">7203757</SimpleData>
	</SchemaData></ExtendedData>
      <Point><coordinates>-57.6200437865906,-25.281322177314</coordinates></Point>
  </Placemark>
  <Placemark id="censo_infona_2022.420">
	<ExtendedData><SchemaData schemaUrl="#censo_infona_2022">
		<SimpleData name="Nº">420</SimpleData>
		<SimpleData name="Nombre_Com">Yvyra ju</SimpleData>
		<SimpleData name="X">437574</SimpleData>
		<SimpleData name="Y">7203753</SimpleData>
	</SchemaData></ExtendedData>
      <Point><coordinates>-57.6200439702048,-25.2813582981868</coordinates></Point>
  </Placemark>
  <Placemark id="censo_infona_2022.421">
	<ExtendedData><SchemaData schemaUrl="#censo_infona_2022">
		<SimpleData name="Nº">421</SimpleData>
		<SimpleData name="Nombre_Com">Tajy hu</SimpleData>
		<SimpleData name="X">437582</SimpleData>
		<SimpleData name="Y">7203751</SimpleData>
	</SchemaData></ExtendedData>
      <Point><coordinates>-57.6199646059726,-25.2813766924878</coordinates></Point>
  </Placemark>
  <Placemark id="censo_infona_2022.422">
	<ExtendedData><SchemaData schemaUrl="#censo_infona_2022">
		<SimpleData name="Nº">422</SimpleData>
		<SimpleData name="Nombre_Com">Yvyra pyta</SimpleData>
		<SimpleData name="X">437595</SimpleData>
		<SimpleData name="Y">7203747</SimpleData>
	</SchemaData></ExtendedData>
      <Point><coordinates>-57.6198356734585,-25.2814133558006</coordinates></Point>
  </Placemark>
  <Placemark id="censo_infona_2022.423">
	<ExtendedData><SchemaData schemaUrl="#censo_infona_2022">
		<SimpleData name="Nº">423</SimpleData>
		<SimpleData name="Nombre_Com">Tajy hu</SimpleData>
		<SimpleData name="X">437591</SimpleData>
		<SimpleData name="Y">7203740</SimpleData>
	</SchemaData></ExtendedData>
      <Point><coordinates>-57.6198757227303,-25.2814764004367</coordinates></Point>
  </Placemark>
  <Placemark id="censo_infona_2022.424">
	<ExtendedData><SchemaData schemaUrl="#censo_infona_2022">
		<SimpleData name="Nº">424</SimpleData>
		<SimpleData name="Nombre_Com">Yvyra ju</SimpleData>
		<SimpleData name="X">437590</SimpleData>
		<SimpleData name="Y">7203740</SimpleData>
	</SchemaData></ExtendedData>
      <Point><coordinates>-57.6198856547436,-25.2814763587118</coordinates></Point>
  </Placemark>
  <Placemark id="censo_infona_2022.425">
	<ExtendedData><SchemaData schemaUrl="#censo_infona_2022">
		<SimpleData name="Nº">425</SimpleData>
		<SimpleData name="Nombre_Com">Yvyra ju</SimpleData>
		<SimpleData name="X">437589</SimpleData>
		<SimpleData name="Y">7203741</SimpleData>
	</SchemaData></ExtendedData>
      <Point><coordinates>-57.6198955408641,-25.2814672867679</coordinates></Point>
  </Placemark>
  <Placemark id="censo_infona_2022.426">
	<ExtendedData><SchemaData schemaUrl="#censo_infona_2022">
		<SimpleData name="Nº">426</SimpleData>
		<SimpleData name="Nombre_Com">Laurel canela</SimpleData>
		<SimpleData name="X">437600</SimpleData>
		<SimpleData name="Y">7203737</SimpleData>
	</SchemaData></ExtendedData>
      <Point><coordinates>-57.6197864722642,-25.2815038665862</coordinates></Point>
  </Placemark>
  <Placemark id="censo_infona_2022.427">
	<ExtendedData><SchemaData schemaUrl="#censo_infona_2022">
		<SimpleData name="Nº">427</SimpleData>
		<SimpleData name="Nombre_Com">Leucaena</SimpleData>
		<SimpleData name="X">437589</SimpleData>
		<SimpleData name="Y">7203736</SimpleData>
	</SchemaData></ExtendedData>
      <Point><coordinates>-57.6198957703284,-25.2815124378593</coordinates></Point>
  </Placemark>
  <Placemark id="censo_infona_2022.428">
	<ExtendedData><SchemaData schemaUrl="#censo_infona_2022">
		<SimpleData name="Nº">428</SimpleData>
		<SimpleData name="Nombre_Com">Leucaena</SimpleData>
		<SimpleData name="X">437591</SimpleData>
		<SimpleData name="Y">7203738</SimpleData>
	</SchemaData></ExtendedData>
      <Point><coordinates>-57.6198758145131,-25.2814944608733</coordinates></Point>
  </Placemark>
  <Placemark id="censo_infona_2022.429">
	<ExtendedData><SchemaData schemaUrl="#censo_infona_2022">
		<SimpleData name="Nº">429</SimpleData>
		<SimpleData name="Nombre_Com">Mora</SimpleData>
		<SimpleData name="X">437578</SimpleData>
		<SimpleData name="Y">7203746</SimpleData>
	</SchemaData></ExtendedData>
      <Point><coordinates>-57.6200045634961,-25.2814216766518</coordinates></Point>
  </Placemark>
  <Placemark id="censo_infona_2022.430">
	<ExtendedData><SchemaData schemaUrl="#censo_infona_2022">
		<SimpleData name="Nº">430</SimpleData>
		<SimpleData name="Nombre_Com">Yvyra ju</SimpleData>
		<SimpleData name="X">437571</SimpleData>
		<SimpleData name="Y">7203743</SimpleData>
	</SchemaData></ExtendedData>
      <Point><coordinates>-57.6200742252737,-25.2814484751574</coordinates></Point>
  </Placemark>
  <Placemark id="censo_infona_2022.431">
	<ExtendedData><SchemaData schemaUrl="#censo_infona_2022">
		<SimpleData name="Nº">431</SimpleData>
		<SimpleData name="Nombre_Com">Naranja hai</SimpleData>
		<SimpleData name="X">437572</SimpleData>
		<SimpleData name="Y">7203746</SimpleData>
	</SchemaData></ExtendedData>
      <Point><coordinates>-57.6200641555473,-25.2814214262408</coordinates></Point>
  </Placemark>
  <Placemark id="censo_infona_2022.432">
	<ExtendedData><SchemaData schemaUrl="#censo_infona_2022">
		<SimpleData name="Nº">432</SimpleData>
		<SimpleData name="Nombre_Com">Yvyra pyta</SimpleData>
		<SimpleData name="X">437571</SimpleData>
		<SimpleData name="Y">7203736</SimpleData>
	</SchemaData></ExtendedData>
      <Point><coordinates>-57.6200745466163,-25.2815116866833</coordinates></Point>
  </Placemark>
  <Placemark id="censo_infona_2022.433">
	<ExtendedData><SchemaData schemaUrl="#censo_infona_2022">
		<SimpleData name="Nº">433</SimpleData>
		<SimpleData name="Nombre_Com">Tajy hu</SimpleData>
		<SimpleData name="X">437569</SimpleData>
		<SimpleData name="Y">7203742</SimpleData>
	</SchemaData></ExtendedData>
      <Point><coordinates>-57.6200941352024,-25.2814574218983</coordinates></Point>
  </Placemark>
  <Placemark id="censo_infona_2022.434">
	<ExtendedData><SchemaData schemaUrl="#censo_infona_2022">
		<SimpleData name="Nº">434</SimpleData>
		<SimpleData name="Nombre_Com">Tajy hu</SimpleData>
		<SimpleData name="X">437559</SimpleData>
		<SimpleData name="Y">7203744</SimpleData>
	</SchemaData></ExtendedData>
      <Point><coordinates>-57.620193363485,-25.2814389440367</coordinates></Point>
  </Placemark>
  <Placemark id="censo_infona_2022.435">
	<ExtendedData><SchemaData schemaUrl="#censo_infona_2022">
		<SimpleData name="Nº">435</SimpleData>
		<SimpleData name="Nombre_Com">Tajy hu</SimpleData>
		<SimpleData name="X">437571</SimpleData>
		<SimpleData name="Y">7203738</SimpleData>
	</SchemaData></ExtendedData>
      <Point><coordinates>-57.620074454804,-25.2814936262474</coordinates></Point>
  </Placemark>
  <Placemark id="censo_infona_2022.436">
	<ExtendedData><SchemaData schemaUrl="#censo_infona_2022">
		<SimpleData name="Nº">436</SimpleData>
		<SimpleData name="Nombre_Com">Yvyra ju</SimpleData>
		<SimpleData name="X">437567</SimpleData>
		<SimpleData name="Y">7203734</SimpleData>
	</SchemaData></ExtendedData>
      <Point><coordinates>-57.6201143664975,-25.2815295801616</coordinates></Point>
  </Placemark>
  <Placemark id="censo_infona_2022.437">
	<ExtendedData><SchemaData schemaUrl="#censo_infona_2022">
		<SimpleData name="Nº">437</SimpleData>
		<SimpleData name="Nombre_Com">Yvyra ju</SimpleData>
		<SimpleData name="X">437568</SimpleData>
		<SimpleData name="Y">7203735</SimpleData>
	</SchemaData></ExtendedData>
      <Point><coordinates>-57.6201043885719,-25.2815205916841</coordinates></Point>
  </Placemark>
  <Placemark id="censo_infona_2022.438">
	<ExtendedData><SchemaData schemaUrl="#censo_infona_2022">
		<SimpleData name="Nº">438</SimpleData>
		<SimpleData name="Nombre_Com">Yvyra ro</SimpleData>
		<SimpleData name="X">437567</SimpleData>
		<SimpleData name="Y">7203728</SimpleData>
	</SchemaData></ExtendedData>
      <Point><coordinates>-57.6201146419528,-25.2815837614685</coordinates></Point>
  </Placemark>
  <Placemark id="censo_infona_2022.439">
	<ExtendedData><SchemaData schemaUrl="#censo_infona_2022">
		<SimpleData name="Nº">439</SimpleData>
		<SimpleData name="Nombre_Com">Yvyra ju</SimpleData>
		<SimpleData name="X">437566</SimpleData>
		<SimpleData name="Y">7203727</SimpleData>
	</SchemaData></ExtendedData>
      <Point><coordinates>-57.6201246198844,-25.2815927499451</coordinates></Point>
  </Placemark>
  <Placemark id="censo_infona_2022.440">
	<ExtendedData><SchemaData schemaUrl="#censo_infona_2022">
		<SimpleData name="Nº">440</SimpleData>
		<SimpleData name="Nombre_Com">Guajaybi</SimpleData>
		<SimpleData name="X">437572</SimpleData>
		<SimpleData name="Y">7203735</SimpleData>
	</SchemaData></ExtendedData>
      <Point><coordinates>-57.6200646605059,-25.2815207586389</coordinates></Point>
  </Placemark>
  <Placemark id="censo_infona_2022.441">
	<ExtendedData><SchemaData schemaUrl="#censo_infona_2022">
		<SimpleData name="Nº">441</SimpleData>
		<SimpleData name="Nombre_Com">Yvyra pyta</SimpleData>
		<SimpleData name="X">437575</SimpleData>
		<SimpleData name="Y">7203729</SimpleData>
	</SchemaData></ExtendedData>
      <Point><coordinates>-57.620035139876,-25.2815750651558</coordinates></Point>
  </Placemark>
  <Placemark id="censo_infona_2022.442">
	<ExtendedData><SchemaData schemaUrl="#censo_infona_2022">
		<SimpleData name="Nº">442</SimpleData>
		<SimpleData name="Nombre_Com">Yvyra ju</SimpleData>
		<SimpleData name="X">437581</SimpleData>
		<SimpleData name="Y">7203728</SimpleData>
	</SchemaData></ExtendedData>
      <Point><coordinates>-57.6199755936484,-25.2815843457746</coordinates></Point>
  </Placemark>
  <Placemark id="censo_infona_2022.443">
	<ExtendedData><SchemaData schemaUrl="#censo_infona_2022">
		<SimpleData name="Nº">443</SimpleData>
		<SimpleData name="Nombre_Com">Yvyra ju</SimpleData>
		<SimpleData name="X">437582</SimpleData>
		<SimpleData name="Y">7203727</SimpleData>
	</SchemaData></ExtendedData>
      <Point><coordinates>-57.6199657075248,-25.2815934177237</coordinates></Point>
  </Placemark>
  <Placemark id="censo_infona_2022.444">
	<ExtendedData><SchemaData schemaUrl="#censo_infona_2022">
		<SimpleData name="Nº">444</SimpleData>
		<SimpleData name="Nombre_Com">Tajy hu</SimpleData>
		<SimpleData name="X">437580</SimpleData>
		<SimpleData name="Y">7203720</SimpleData>
	</SchemaData></ExtendedData>
      <Point><coordinates>-57.6199858928688,-25.2816565457865</coordinates></Point>
  </Placemark>
  <Placemark id="censo_infona_2022.445">
	<ExtendedData><SchemaData schemaUrl="#censo_infona_2022">
		<SimpleData name="Nº">445</SimpleData>
		<SimpleData name="Nombre_Com">Yvyra ju</SimpleData>
		<SimpleData name="X">437581</SimpleData>
		<SimpleData name="Y">7203720</SimpleData>
	</SchemaData></ExtendedData>
      <Point><coordinates>-57.619975960841,-25.2816565875184</coordinates></Point>
  </Placemark>
  <Placemark id="censo_infona_2022.446">
	<ExtendedData><SchemaData schemaUrl="#censo_infona_2022">
		<SimpleData name="Nº">446</SimpleData>
		<SimpleData name="Nombre_Com">Tajy hu</SimpleData>
		<SimpleData name="X">437585</SimpleData>
		<SimpleData name="Y">7203726</SimpleData>
	</SchemaData></ExtendedData>
      <Point><coordinates>-57.6199359573528,-25.2816025731312</coordinates></Point>
  </Placemark>
  <Placemark id="censo_infona_2022.447">
	<ExtendedData><SchemaData schemaUrl="#censo_infona_2022">
		<SimpleData name="Nº">447</SimpleData>
		<SimpleData name="Nombre_Com">No identificado 4</SimpleData>
		<SimpleData name="X">437584</SimpleData>
		<SimpleData name="Y">7203724</SimpleData>
	</SchemaData></ExtendedData>
      <Point><coordinates>-57.6199459811699,-25.2816205918382</coordinates></Point>
  </Placemark>
  <Placemark id="censo_infona_2022.448">
	<ExtendedData><SchemaData schemaUrl="#censo_infona_2022">
		<SimpleData name="Nº">448</SimpleData>
		<SimpleData name="Nombre_Com">Yvyra ju</SimpleData>
		<SimpleData name="X">437591</SimpleData>
		<SimpleData name="Y">7203719</SimpleData>
	</SchemaData></ExtendedData>
      <Point><coordinates>-57.6198766864539,-25.2816660350191</coordinates></Point>
  </Placemark>
  <Placemark id="censo_infona_2022.449">
	<ExtendedData><SchemaData schemaUrl="#censo_infona_2022">
		<SimpleData name="Nº">449</SimpleData>
		<SimpleData name="Nombre_Com">Yvyra ju</SimpleData>
		<SimpleData name="X">437602</SimpleData>
		<SimpleData name="Y">7203725</SimpleData>
	</SchemaData></ExtendedData>
      <Point><coordinates>-57.6197671588345,-25.2816123126431</coordinates></Point>
  </Placemark>
  <Placemark id="censo_infona_2022.450">
	<ExtendedData><SchemaData schemaUrl="#censo_infona_2022">
		<SimpleData name="Nº">450</SimpleData>
		<SimpleData name="Nombre_Com">Guatambú</SimpleData>
		<SimpleData name="X">437601</SimpleData>
		<SimpleData name="Y">7203725</SimpleData>
	</SchemaData></ExtendedData>
      <Point><coordinates>-57.619777090859,-25.2816122709252</coordinates></Point>
  </Placemark>
  <Placemark id="censo_infona_2022.451">
	<ExtendedData><SchemaData schemaUrl="#censo_infona_2022">
		<SimpleData name="Nº">451</SimpleData>
		<SimpleData name="Nombre_Com">Laurel canela</SimpleData>
		<SimpleData name="X">437597</SimpleData>
		<SimpleData name="Y">7203725</SimpleData>
	</SchemaData></ExtendedData>
      <Point><coordinates>-57.619816818957,-25.2816121040473</coordinates></Point>
  </Placemark>
  <Placemark id="censo_infona_2022.452">
	<ExtendedData><SchemaData schemaUrl="#censo_infona_2022">
		<SimpleData name="Nº">452</SimpleData>
		<SimpleData name="Nombre_Com">Yvyra ju</SimpleData>
		<SimpleData name="X">437600</SimpleData>
		<SimpleData name="Y">7203715</SimpleData>
	</SchemaData></ExtendedData>
      <Point><coordinates>-57.6197874817355,-25.2817025313893</coordinates></Point>
  </Placemark>
  <Placemark id="censo_infona_2022.453">
	<ExtendedData><SchemaData schemaUrl="#censo_infona_2022">
		<SimpleData name="Nº">453</SimpleData>
		<SimpleData name="Nombre_Com">Yvyra ju</SimpleData>
		<SimpleData name="X">437603</SimpleData>
		<SimpleData name="Y">7203716</SimpleData>
	</SchemaData></ExtendedData>
      <Point><coordinates>-57.6197576397567,-25.281693626325</coordinates></Point>
  </Placemark>
  <Placemark id="censo_infona_2022.454">
	<ExtendedData><SchemaData schemaUrl="#censo_infona_2022">
		<SimpleData name="Nº">454</SimpleData>
		<SimpleData name="Nombre_Com">Sombrilla playa</SimpleData>
		<SimpleData name="X">437605</SimpleData>
		<SimpleData name="Y">7203720</SimpleData>
	</SchemaData></ExtendedData>
      <Point><coordinates>-57.619737592168,-25.2816575888843</coordinates></Point>
  </Placemark>
  <Placemark id="censo_infona_2022.455">
	<ExtendedData><SchemaData schemaUrl="#censo_infona_2022">
		<SimpleData name="Nº">455</SimpleData>
		<SimpleData name="Nombre_Com">Jambolana</SimpleData>
		<SimpleData name="X">437608</SimpleData>
		<SimpleData name="Y">7203719</SimpleData>
	</SchemaData></ExtendedData>
      <Point><coordinates>-57.6197078419623,-25.2816667442464</coordinates></Point>
  </Placemark>
  <Placemark id="censo_infona_2022.456">
	<ExtendedData><SchemaData schemaUrl="#censo_infona_2022">
		<SimpleData name="Nº">456</SimpleData>
		<SimpleData name="Nombre_Com">Jambolana</SimpleData>
		<SimpleData name="X">437614</SimpleData>
		<SimpleData name="Y">7203713</SimpleData>
	</SchemaData></ExtendedData>
      <Point><coordinates>-57.6196485250372,-25.2817211758265</coordinates></Point>
  </Placemark>
  <Placemark id="censo_infona_2022.457">
	<ExtendedData><SchemaData schemaUrl="#censo_infona_2022">
		<SimpleData name="Nº">457</SimpleData>
		<SimpleData name="Nombre_Com">Laurel hu</SimpleData>
		<SimpleData name="X">437606</SimpleData>
		<SimpleData name="Y">7203714</SimpleData>
	</SchemaData></ExtendedData>
      <Point><coordinates>-57.6197279354248,-25.2817118119095</coordinates></Point>
  </Placemark>
  <Placemark id="censo_infona_2022.458">
	<ExtendedData><SchemaData schemaUrl="#censo_infona_2022">
		<SimpleData name="Nº">458</SimpleData>
		<SimpleData name="Nombre_Com">Yvyra ju</SimpleData>
		<SimpleData name="X">437618</SimpleData>
		<SimpleData name="Y">7203709</SimpleData>
	</SchemaData></ExtendedData>
      <Point><coordinates>-57.619608980391,-25.2817574635337</coordinates></Point>
  </Placemark>
  <Placemark id="censo_infona_2022.459">
	<ExtendedData><SchemaData schemaUrl="#censo_infona_2022">
		<SimpleData name="Nº">459</SimpleData>
		<SimpleData name="Nombre_Com">Yvyra ro</SimpleData>
		<SimpleData name="X">437620</SimpleData>
		<SimpleData name="Y">7203717</SimpleData>
	</SchemaData></ExtendedData>
      <Point><coordinates>-57.6195887493525,-25.2816853051983</coordinates></Point>
  </Placemark>
  <Placemark id="censo_infona_2022.460">
	<ExtendedData><SchemaData schemaUrl="#censo_infona_2022">
		<SimpleData name="Nº">460</SimpleData>
		<SimpleData name="Nombre_Com">Yvyra ro</SimpleData>
		<SimpleData name="X">437626</SimpleData>
		<SimpleData name="Y">7203717</SimpleData>
	</SchemaData></ExtendedData>
      <Point><coordinates>-57.619529157167,-25.2816855554198</coordinates></Point>
  </Placemark>
  <Placemark id="censo_infona_2022.461">
	<ExtendedData><SchemaData schemaUrl="#censo_infona_2022">
		<SimpleData name="Nº">461</SimpleData>
		<SimpleData name="Nombre_Com">Laurel</SimpleData>
		<SimpleData name="X">437618</SimpleData>
		<SimpleData name="Y">7203707</SimpleData>
	</SchemaData></ExtendedData>
      <Point><coordinates>-57.6196090721355,-25.2817755239705</coordinates></Point>
  </Placemark>
  <Placemark id="censo_infona_2022.462">
	<ExtendedData><SchemaData schemaUrl="#censo_infona_2022">
		<SimpleData name="Nº">462</SimpleData>
		<SimpleData name="Nombre_Com">Laurel</SimpleData>
		<SimpleData name="X">437598</SimpleData>
		<SimpleData name="Y">7203717</SimpleData>
	</SchemaData></ExtendedData>
      <Point><coordinates>-57.6198072540257,-25.2816843875137</coordinates></Point>
  </Placemark>
  <Placemark id="censo_infona_2022.463">
	<ExtendedData><SchemaData schemaUrl="#censo_infona_2022">
		<SimpleData name="Nº">463</SimpleData>
		<SimpleData name="Nombre_Com">Naranja hai</SimpleData>
		<SimpleData name="X">437605</SimpleData>
		<SimpleData name="Y">7203711</SimpleData>
	</SchemaData></ExtendedData>
      <Point><coordinates>-57.6197380051025,-25.281738860849</coordinates></Point>
  </Placemark>
  <Placemark id="censo_infona_2022.464">
	<ExtendedData><SchemaData schemaUrl="#censo_infona_2022">
		<SimpleData name="Nº">464</SimpleData>
		<SimpleData name="Nombre_Com">Tataré</SimpleData>
		<SimpleData name="X">437549</SimpleData>
		<SimpleData name="Y">7203748</SimpleData>
	</SchemaData></ExtendedData>
      <Point><coordinates>-57.6202924998919,-25.2814024056735</coordinates></Point>
  </Placemark>
  <Placemark id="censo_infona_2022.465">
	<ExtendedData><SchemaData schemaUrl="#censo_infona_2022">
		<SimpleData name="Nº">465</SimpleData>
		<SimpleData name="Nombre_Com">Tataré</SimpleData>
		<SimpleData name="X">437553</SimpleData>
		<SimpleData name="Y">7203738</SimpleData>
	</SchemaData></ExtendedData>
      <Point><coordinates>-57.6202532310582,-25.2814928748554</coordinates></Point>
  </Placemark>
  <Placemark id="censo_infona_2022.466">
	<ExtendedData><SchemaData schemaUrl="#censo_infona_2022">
		<SimpleData name="Nº">466</SimpleData>
		<SimpleData name="Nombre_Com">Tataré</SimpleData>
		<SimpleData name="X">437553</SimpleData>
		<SimpleData name="Y">7203737</SimpleData>
	</SchemaData></ExtendedData>
      <Point><coordinates>-57.6202532769776,-25.2815019050731</coordinates></Point>
  </Placemark>
  <Placemark id="censo_infona_2022.467">
	<ExtendedData><SchemaData schemaUrl="#censo_infona_2022">
		<SimpleData name="Nº">467</SimpleData>
		<SimpleData name="Nombre_Com">Tataré</SimpleData>
		<SimpleData name="X">437550</SimpleData>
		<SimpleData name="Y">7203740</SimpleData>
	</SchemaData></ExtendedData>
      <Point><coordinates>-57.6202829352568,-25.2814746891671</coordinates></Point>
  </Placemark>
  <Placemark id="censo_infona_2022.468">
	<ExtendedData><SchemaData schemaUrl="#censo_infona_2022">
		<SimpleData name="Nº">468</SimpleData>
		<SimpleData name="Nombre_Com">Tajy hu</SimpleData>
		<SimpleData name="X">437554</SimpleData>
		<SimpleData name="Y">7203746</SimpleData>
	</SchemaData></ExtendedData>
      <Point><coordinates>-57.6202429316961,-25.2814206748633</coordinates></Point>
  </Placemark>
  <Placemark id="censo_infona_2022.469">
	<ExtendedData><SchemaData schemaUrl="#censo_infona_2022">
		<SimpleData name="Nº">469</SimpleData>
		<SimpleData name="Nombre_Com">Tajy hu</SimpleData>
		<SimpleData name="X">437552</SimpleData>
		<SimpleData name="Y">7203746</SimpleData>
	</SchemaData></ExtendedData>
      <Point><coordinates>-57.6202627957121,-25.2814205913636</coordinates></Point>
  </Placemark>
  <Placemark id="censo_infona_2022.470">
	<ExtendedData><SchemaData schemaUrl="#censo_infona_2022">
		<SimpleData name="Nº">470</SimpleData>
		<SimpleData name="Nombre_Com">Tajy hu</SimpleData>
		<SimpleData name="X">437547</SimpleData>
		<SimpleData name="Y">7203745</SimpleData>
	</SchemaData></ExtendedData>
      <Point><coordinates>-57.6203125016756,-25.2814294128201</coordinates></Point>
  </Placemark>
  <Placemark id="censo_infona_2022.471">
	<ExtendedData><SchemaData schemaUrl="#censo_infona_2022">
		<SimpleData name="Nº">471</SimpleData>
		<SimpleData name="Nombre_Com">Tajy hu</SimpleData>
		<SimpleData name="X">437545</SimpleData>
		<SimpleData name="Y">7203751</SimpleData>
	</SchemaData></ExtendedData>
      <Point><coordinates>-57.6203320901428,-25.2813751480052</coordinates></Point>
  </Placemark>
  <Placemark id="censo_infona_2022.472">
	<ExtendedData><SchemaData schemaUrl="#censo_infona_2022">
		<SimpleData name="Nº">472</SimpleData>
		<SimpleData name="Nombre_Com">Laurel</SimpleData>
		<SimpleData name="X">437543</SimpleData>
		<SimpleData name="Y">7203745</SimpleData>
	</SchemaData></ExtendedData>
      <Point><coordinates>-57.62035222971,-25.2814292457991</coordinates></Point>
  </Placemark>
  <Placemark id="censo_infona_2022.473">
	<ExtendedData><SchemaData schemaUrl="#censo_infona_2022">
		<SimpleData name="Nº">473</SimpleData>
		<SimpleData name="Nombre_Com">Tataré</SimpleData>
		<SimpleData name="X">437568</SimpleData>
		<SimpleData name="Y">7203749</SimpleData>
	</SchemaData></ExtendedData>
      <Point><coordinates>-57.6201037458567,-25.2813941686327</coordinates></Point>
  </Placemark>
  <Placemark id="censo_infona_2022.474">
	<ExtendedData><SchemaData schemaUrl="#censo_infona_2022">
		<SimpleData name="Nº">474</SimpleData>
		<SimpleData name="Nombre_Com">Yvyra pyta</SimpleData>
		<SimpleData name="X">437539</SimpleData>
		<SimpleData name="Y">7203767</SimpleData>
	</SchemaData></ExtendedData>
      <Point><coordinates>-57.6203909473006,-25.2812304139798</coordinates></Point>
  </Placemark>
  <Placemark id="censo_infona_2022.475">
	<ExtendedData><SchemaData schemaUrl="#censo_infona_2022">
		<SimpleData name="Nº">475</SimpleData>
		<SimpleData name="Nombre_Com">Yvyra ju</SimpleData>
		<SimpleData name="X">437540</SimpleData>
		<SimpleData name="Y">7203767</SimpleData>
	</SchemaData></ExtendedData>
      <Point><coordinates>-57.6203810153083,-25.2812304557383</coordinates></Point>
  </Placemark>
  <Placemark id="censo_infona_2022.476">
	<ExtendedData><SchemaData schemaUrl="#censo_infona_2022">
		<SimpleData name="Nº">476</SimpleData>
		<SimpleData name="Nombre_Com">Pindó</SimpleData>
		<SimpleData name="X">437540</SimpleData>
		<SimpleData name="Y">7203774</SimpleData>
	</SchemaData></ExtendedData>
      <Point><coordinates>-57.620380693811,-25.2811672442137</coordinates></Point>
  </Placemark>
  <Placemark id="censo_infona_2022.477">
	<ExtendedData><SchemaData schemaUrl="#censo_infona_2022">
		<SimpleData name="Nº">477</SimpleData>
		<SimpleData name="Nombre_Com">Mani de guinea</SimpleData>
		<SimpleData name="X">437535</SimpleData>
		<SimpleData name="Y">7203725</SimpleData>
	</SchemaData></ExtendedData>
      <Point><coordinates>-57.6204326044307,-25.2816095160715</coordinates></Point>
  </Placemark>
  <Placemark id="censo_infona_2022.478">
	<ExtendedData><SchemaData schemaUrl="#censo_infona_2022">
		<SimpleData name="Nº">478</SimpleData>
		<SimpleData name="Nombre_Com">Tajy rosado</SimpleData>
		<SimpleData name="X">437554</SimpleData>
		<SimpleData name="Y">7203718</SimpleData>
	</SchemaData></ExtendedData>
      <Point><coordinates>-57.620244217421,-25.2816735209564</coordinates></Point>
  </Placemark>
  <Placemark id="censo_infona_2022.479">
	<ExtendedData><SchemaData schemaUrl="#censo_infona_2022">
		<SimpleData name="Nº">479</SimpleData>
		<SimpleData name="Nombre_Com">Arbol de siris</SimpleData>
		<SimpleData name="X">437548</SimpleData>
		<SimpleData name="Y">7203719</SimpleData>
	</SchemaData></ExtendedData>
      <Point><coordinates>-57.620303763669,-25.2816642402289</coordinates></Point>
  </Placemark>
  <Placemark id="censo_infona_2022.480">
	<ExtendedData><SchemaData schemaUrl="#censo_infona_2022">
		<SimpleData name="Nº">480</SimpleData>
		<SimpleData name="Nombre_Com">Inga</SimpleData>
		<SimpleData name="X">437554</SimpleData>
		<SimpleData name="Y">7203708</SimpleData>
	</SchemaData></ExtendedData>
      <Point><coordinates>-57.6202446766126,-25.2817638231304</coordinates></Point>
  </Placemark>
  <Placemark id="censo_infona_2022.481">
	<ExtendedData><SchemaData schemaUrl="#censo_infona_2022">
		<SimpleData name="Nº">481</SimpleData>
		<SimpleData name="Nombre_Com">Yvyra ju</SimpleData>
		<SimpleData name="X">437558</SimpleData>
		<SimpleData name="Y">7203713</SimpleData>
	</SchemaData></ExtendedData>
      <Point><coordinates>-57.6202047188871,-25.2817188390373</coordinates></Point>
  </Placemark>
  <Placemark id="censo_infona_2022.482">
	<ExtendedData><SchemaData schemaUrl="#censo_infona_2022">
		<SimpleData name="Nº">482</SimpleData>
		<SimpleData name="Nombre_Com">Tajy hu</SimpleData>
		<SimpleData name="X">437570</SimpleData>
		<SimpleData name="Y">7203705</SimpleData>
	</SchemaData></ExtendedData>
      <Point><coordinates>-57.6200859017564,-25.2817915816953</coordinates></Point>
  </Placemark>
  <Placemark id="censo_infona_2022.483">
	<ExtendedData><SchemaData schemaUrl="#censo_infona_2022">
		<SimpleData name="Nº">483</SimpleData>
		<SimpleData name="Nombre_Com">Samu'u</SimpleData>
		<SimpleData name="X">437575</SimpleData>
		<SimpleData name="Y">7203707</SimpleData>
	</SchemaData></ExtendedData>
      <Point><coordinates>-57.6200361497556,-25.2817737299476</coordinates></Point>
  </Placemark>
  <Placemark id="censo_infona_2022.484">
	<ExtendedData><SchemaData schemaUrl="#censo_infona_2022">
		<SimpleData name="Nº">484</SimpleData>
		<SimpleData name="Nombre_Com">Samu'u</SimpleData>
		<SimpleData name="X">437581</SimpleData>
		<SimpleData name="Y">7203698</SimpleData>
	</SchemaData></ExtendedData>
      <Point><coordinates>-57.6199769706279,-25.2818552523103</coordinates></Point>
  </Placemark>
  <Placemark id="censo_infona_2022.485">
	<ExtendedData><SchemaData schemaUrl="#censo_infona_2022">
		<SimpleData name="Nº">485</SimpleData>
		<SimpleData name="Nombre_Com">Samu'u</SimpleData>
		<SimpleData name="X">437576</SimpleData>
		<SimpleData name="Y">7203693</SimpleData>
	</SchemaData></ExtendedData>
      <Point><coordinates>-57.6200268603643,-25.2819001947299</coordinates></Point>
  </Placemark>
  <Placemark id="censo_infona_2022.486">
	<ExtendedData><SchemaData schemaUrl="#censo_infona_2022">
		<SimpleData name="Nº">486</SimpleData>
		<SimpleData name="Nombre_Com">Samu'u</SimpleData>
		<SimpleData name="X">437575</SimpleData>
		<SimpleData name="Y">7203697</SimpleData>
	</SchemaData></ExtendedData>
      <Point><coordinates>-57.6200366087953,-25.281864032124</coordinates></Point>
  </Placemark>
  <Placemark id="censo_infona_2022.487">
	<ExtendedData><SchemaData schemaUrl="#censo_infona_2022">
		<SimpleData name="Nº">487</SimpleData>
		<SimpleData name="Nombre_Com">Guajaybi</SimpleData>
		<SimpleData name="X">437570</SimpleData>
		<SimpleData name="Y">7203688</SimpleData>
	</SchemaData></ExtendedData>
      <Point><coordinates>-57.6200866821885,-25.2819450953926</coordinates></Point>
  </Placemark>
  <Placemark id="censo_infona_2022.488">
	<ExtendedData><SchemaData schemaUrl="#censo_infona_2022">
		<SimpleData name="Nº">488</SimpleData>
		<SimpleData name="Nombre_Com">Villetana</SimpleData>
		<SimpleData name="X">437561</SimpleData>
		<SimpleData name="Y">7203699</SimpleData>
	</SchemaData></ExtendedData>
      <Point><coordinates>-57.6201755655882,-25.2818453873197</coordinates></Point>
  </Placemark>
  <Placemark id="censo_infona_2022.489">
	<ExtendedData><SchemaData schemaUrl="#censo_infona_2022">
		<SimpleData name="Nº">489</SimpleData>
		<SimpleData name="Nombre_Com">Villetana</SimpleData>
		<SimpleData name="X">437558</SimpleData>
		<SimpleData name="Y">7203706</SimpleData>
	</SchemaData></ExtendedData>
      <Point><coordinates>-57.6202050403012,-25.2817820505593</coordinates></Point>
  </Placemark>
  <Placemark id="censo_infona_2022.490">
	<ExtendedData><SchemaData schemaUrl="#censo_infona_2022">
		<SimpleData name="Nº">490</SimpleData>
		<SimpleData name="Nombre_Com">Laurel hu</SimpleData>
		<SimpleData name="X">437590</SimpleData>
		<SimpleData name="Y">7203704</SimpleData>
	</SchemaData></ExtendedData>
      <Point><coordinates>-57.6198873068737,-25.2818014465637</coordinates></Point>
  </Placemark>
  <Placemark id="censo_infona_2022.491">
	<ExtendedData><SchemaData schemaUrl="#censo_infona_2022">
		<SimpleData name="Nº">491</SimpleData>
		<SimpleData name="Nombre_Com">Yvyra ro</SimpleData>
		<SimpleData name="X">437596</SimpleData>
		<SimpleData name="Y">7203703</SimpleData>
	</SchemaData></ExtendedData>
      <Point><coordinates>-57.6198277605233,-25.2818107271248</coordinates></Point>
  </Placemark>
  <Placemark id="censo_infona_2022.492">
	<ExtendedData><SchemaData schemaUrl="#censo_infona_2022">
		<SimpleData name="Nº">492</SimpleData>
		<SimpleData name="Nombre_Com">Tajy hu</SimpleData>
		<SimpleData name="X">437612</SimpleData>
		<SimpleData name="Y">7203708</SimpleData>
	</SchemaData></ExtendedData>
      <Point><coordinates>-57.6196686184874,-25.2817662434976</coordinates></Point>
  </Placemark>
  <Placemark id="censo_infona_2022.493">
	<ExtendedData><SchemaData schemaUrl="#censo_infona_2022">
		<SimpleData name="Nº">493</SimpleData>
		<SimpleData name="Nombre_Com">Pindó</SimpleData>
		<SimpleData name="X">437621</SimpleData>
		<SimpleData name="Y">7203698</SimpleData>
	</SchemaData></ExtendedData>
      <Point><coordinates>-57.6195796888522,-25.2818569210545</coordinates></Point>
  </Placemark>
  <Placemark id="censo_infona_2022.494">
	<ExtendedData><SchemaData schemaUrl="#censo_infona_2022">
		<SimpleData name="Nº">494</SimpleData>
		<SimpleData name="Nombre_Com">Yvyra pyta</SimpleData>
		<SimpleData name="X">437627</SimpleData>
		<SimpleData name="Y">7203703</SimpleData>
	</SchemaData></ExtendedData>
      <Point><coordinates>-57.6195198672539,-25.2818120201814</coordinates></Point>
  </Placemark>
  <Placemark id="censo_infona_2022.495">
	<ExtendedData><SchemaData schemaUrl="#censo_infona_2022">
		<SimpleData name="Nº">495</SimpleData>
		<SimpleData name="Nombre_Com">Yvyra pyta</SimpleData>
		<SimpleData name="X">437623</SimpleData>
		<SimpleData name="Y">7203698</SimpleData>
	</SchemaData></ExtendedData>
      <Point><coordinates>-57.6195598247625,-25.2818570044637</coordinates></Point>
  </Placemark>
  <Placemark id="censo_infona_2022.496">
	<ExtendedData><SchemaData schemaUrl="#censo_infona_2022">
		<SimpleData name="Nº">496</SimpleData>
		<SimpleData name="Nombre_Com">Yvyra pyta</SimpleData>
		<SimpleData name="X">437618</SimpleData>
		<SimpleData name="Y">7203696</SimpleData>
	</SchemaData></ExtendedData>
      <Point><coordinates>-57.6196095767315,-25.2818748563724</coordinates></Point>
  </Placemark>
  <Placemark id="censo_infona_2022.497">
	<ExtendedData><SchemaData schemaUrl="#censo_infona_2022">
		<SimpleData name="Nº">497</SimpleData>
		<SimpleData name="Nombre_Com">Yvyra pyta</SimpleData>
		<SimpleData name="X">437618</SimpleData>
		<SimpleData name="Y">7203690</SimpleData>
	</SchemaData></ExtendedData>
      <Point><coordinates>-57.6196098519669,-25.281929037682</coordinates></Point>
  </Placemark>
  <Placemark id="censo_infona_2022.498">
	<ExtendedData><SchemaData schemaUrl="#censo_infona_2022">
		<SimpleData name="Nº">498</SimpleData>
		<SimpleData name="Nombre_Com">Tajy hu</SimpleData>
		<SimpleData name="X">437610</SimpleData>
		<SimpleData name="Y">7203686</SimpleData>
	</SchemaData></ExtendedData>
      <Point><coordinates>-57.6196894918856,-25.2819648248739</coordinates></Point>
  </Placemark>
  <Placemark id="censo_infona_2022.499">
	<ExtendedData><SchemaData schemaUrl="#censo_infona_2022">
		<SimpleData name="Nº">499</SimpleData>
		<SimpleData name="Nombre_Com">Laurel</SimpleData>
		<SimpleData name="X">437607</SimpleData>
		<SimpleData name="Y">7203695</SimpleData>
	</SchemaData></ExtendedData>
      <Point><coordinates>-57.6197188751194,-25.28188342777</coordinates></Point>
  </Placemark>
  <Placemark id="censo_infona_2022.500">
	<ExtendedData><SchemaData schemaUrl="#censo_infona_2022">
		<SimpleData name="Nº">500</SimpleData>
		<SimpleData name="Nombre_Com">Tajy rosado</SimpleData>
		<SimpleData name="X">437605</SimpleData>
		<SimpleData name="Y">7203679</SimpleData>
	</SchemaData></ExtendedData>
      <Point><coordinates>-57.6197394733288,-25.282027827827</coordinates></Point>
  </Placemark>
  <Placemark id="censo_infona_2022.501">
	<ExtendedData><SchemaData schemaUrl="#censo_infona_2022">
		<SimpleData name="Nº">501</SimpleData>
		<SimpleData name="Nombre_Com">Tajy hu</SimpleData>
		<SimpleData name="X">437601</SimpleData>
		<SimpleData name="Y">7203689</SimpleData>
	</SchemaData></ExtendedData>
      <Point><coordinates>-57.6197787427099,-25.2819373587779</coordinates></Point>
  </Placemark>
  <Placemark id="censo_infona_2022.502">
	<ExtendedData><SchemaData schemaUrl="#censo_infona_2022">
		<SimpleData name="Nº">502</SimpleData>
		<SimpleData name="Nombre_Com">Lapacho amarillo</SimpleData>
		<SimpleData name="X">437597</SimpleData>
		<SimpleData name="Y">7203689</SimpleData>
	</SchemaData></ExtendedData>
      <Point><coordinates>-57.6198184709137,-25.2819371918975</coordinates></Point>
  </Placemark>
  <Placemark id="censo_infona_2022.503">
	<ExtendedData><SchemaData schemaUrl="#censo_infona_2022">
		<SimpleData name="Nº">503</SimpleData>
		<SimpleData name="Nombre_Com">Tajy rosado</SimpleData>
		<SimpleData name="X">437592</SimpleData>
		<SimpleData name="Y">7203688</SimpleData>
	</SchemaData></ExtendedData>
      <Point><coordinates>-57.6198681770598,-25.2819460134998</coordinates></Point>
  </Placemark>
  <Placemark id="censo_infona_2022.504">
	<ExtendedData><SchemaData schemaUrl="#censo_infona_2022">
		<SimpleData name="Nº">504</SimpleData>
		<SimpleData name="Nombre_Com">Tajy hu</SimpleData>
		<SimpleData name="X">437599</SimpleData>
		<SimpleData name="Y">7203678</SimpleData>
	</SchemaData></ExtendedData>
      <Point><coordinates>-57.6197991115659,-25.2820366077352</coordinates></Point>
  </Placemark>
  <Placemark id="censo_infona_2022.505">
	<ExtendedData><SchemaData schemaUrl="#censo_infona_2022">
		<SimpleData name="Nº">505</SimpleData>
		<SimpleData name="Nombre_Com">Tajy hu</SimpleData>
		<SimpleData name="X">437597</SimpleData>
		<SimpleData name="Y">7203679</SimpleData>
	</SchemaData></ExtendedData>
      <Point><coordinates>-57.6198189297957,-25.2820274940756</coordinates></Point>
  </Placemark>
  <Placemark id="censo_infona_2022.506">
	<ExtendedData><SchemaData schemaUrl="#censo_infona_2022">
		<SimpleData name="Nº">506</SimpleData>
		<SimpleData name="Nombre_Com">Yvyra pyta</SimpleData>
		<SimpleData name="X">437590</SimpleData>
		<SimpleData name="Y">7203670</SimpleData>
	</SchemaData></ExtendedData>
      <Point><coordinates>-57.619888867245,-25.2821084739662</coordinates></Point>
  </Placemark>
  <Placemark id="censo_infona_2022.507">
	<ExtendedData><SchemaData schemaUrl="#censo_infona_2022">
		<SimpleData name="Nº">507</SimpleData>
		<SimpleData name="Nombre_Com">Tajy hu</SimpleData>
		<SimpleData name="X">437591</SimpleData>
		<SimpleData name="Y">7203662</SimpleData>
	</SchemaData></ExtendedData>
      <Point><coordinates>-57.6198793023243,-25.2821807574323</coordinates></Point>
  </Placemark>
  <Placemark id="censo_infona_2022.508">
	<ExtendedData><SchemaData schemaUrl="#censo_infona_2022">
		<SimpleData name="Nº">508</SimpleData>
		<SimpleData name="Nombre_Com">Tajy hu</SimpleData>
		<SimpleData name="X">437588</SimpleData>
		<SimpleData name="Y">7203658</SimpleData>
	</SchemaData></ExtendedData>
      <Point><coordinates>-57.6199092821175,-25.2822167531212</coordinates></Point>
  </Placemark>
  <Placemark id="censo_infona_2022.509">
	<ExtendedData><SchemaData schemaUrl="#censo_infona_2022">
		<SimpleData name="Nº">509</SimpleData>
		<SimpleData name="Nombre_Com">Yvyra pyta</SimpleData>
		<SimpleData name="X">437583</SimpleData>
		<SimpleData name="Y">7203653</SimpleData>
	</SchemaData></ExtendedData>
      <Point><coordinates>-57.6199591719804,-25.2822616955592</coordinates></Point>
  </Placemark>
  <Placemark id="censo_infona_2022.510">
	<ExtendedData><SchemaData schemaUrl="#censo_infona_2022">
		<SimpleData name="Nº">510</SimpleData>
		<SimpleData name="Nombre_Com">Tajy hu</SimpleData>
		<SimpleData name="X">437582</SimpleData>
		<SimpleData name="Y">7203646</SimpleData>
	</SchemaData></ExtendedData>
      <Point><coordinates>-57.6199694253574,-25.2823248653476</coordinates></Point>
  </Placemark>
  <Placemark id="censo_infona_2022.511">
	<ExtendedData><SchemaData schemaUrl="#censo_infona_2022">
		<SimpleData name="Nº">511</SimpleData>
		<SimpleData name="Nombre_Com">Guajaybi</SimpleData>
		<SimpleData name="X">437579</SimpleData>
		<SimpleData name="Y">7203652</SimpleData>
	</SchemaData></ExtendedData>
      <Point><coordinates>-57.6199989461906,-25.2822705588454</coordinates></Point>
  </Placemark>
  <Placemark id="censo_infona_2022.512">
	<ExtendedData><SchemaData schemaUrl="#censo_infona_2022">
		<SimpleData name="Nº">512</SimpleData>
		<SimpleData name="Nombre_Com">Tajy rosado</SimpleData>
		<SimpleData name="X">437572</SimpleData>
		<SimpleData name="Y">7203659</SimpleData>
	</SchemaData></ExtendedData>
      <Point><coordinates>-57.6200681493837,-25.2822070551709</coordinates></Point>
  </Placemark>
  <Placemark id="censo_infona_2022.513">
	<ExtendedData><SchemaData schemaUrl="#censo_infona_2022">
		<SimpleData name="Nº">513</SimpleData>
		<SimpleData name="Nombre_Com">Guajaybi</SimpleData>
		<SimpleData name="X">437568</SimpleData>
		<SimpleData name="Y">7203660</SimpleData>
	</SchemaData></ExtendedData>
      <Point><coordinates>-57.6201078317632,-25.2821978579939</coordinates></Point>
  </Placemark>
  <Placemark id="censo_infona_2022.514">
	<ExtendedData><SchemaData schemaUrl="#censo_infona_2022">
		<SimpleData name="Nº">514</SimpleData>
		<SimpleData name="Nombre_Com">Guajaybi</SimpleData>
		<SimpleData name="X">437569</SimpleData>
		<SimpleData name="Y">7203670</SimpleData>
	</SchemaData></ExtendedData>
      <Point><coordinates>-57.6200974405996,-25.2821075975637</coordinates></Point>
  </Placemark>
  <Placemark id="censo_infona_2022.515">
	<ExtendedData><SchemaData schemaUrl="#censo_infona_2022">
		<SimpleData name="Nº">515</SimpleData>
		<SimpleData name="Nombre_Com">Guajaybi</SimpleData>
		<SimpleData name="X">437561</SimpleData>
		<SimpleData name="Y">7203674</SimpleData>
	</SchemaData></ExtendedData>
      <Point><coordinates>-57.6201767134533,-25.2820711427503</coordinates></Point>
  </Placemark>
  <Placemark id="censo_infona_2022.516">
	<ExtendedData><SchemaData schemaUrl="#censo_infona_2022">
		<SimpleData name="Nº">516</SimpleData>
		<SimpleData name="Nombre_Com">Tajy rosado</SimpleData>
		<SimpleData name="X">437555</SimpleData>
		<SimpleData name="Y">7203685</SimpleData>
	</SchemaData></ExtendedData>
      <Point><coordinates>-57.620235800709,-25.2819715598762</coordinates></Point>
  </Placemark>
  <Placemark id="censo_infona_2022.517">
	<ExtendedData><SchemaData schemaUrl="#censo_infona_2022">
		<SimpleData name="Nº">517</SimpleData>
		<SimpleData name="Nombre_Com">Tajy rosado</SimpleData>
		<SimpleData name="X">437544</SimpleData>
		<SimpleData name="Y">7203678</SimpleData>
	</SchemaData></ExtendedData>
      <Point><coordinates>-57.6203453747804,-25.2820343121086</coordinates></Point>
  </Placemark>
  <Placemark id="censo_infona_2022.518">
	<ExtendedData><SchemaData schemaUrl="#censo_infona_2022">
		<SimpleData name="Nº">518</SimpleData>
		<SimpleData name="Nombre_Com">Lluvia de orquidea</SimpleData>
		<SimpleData name="X">437544</SimpleData>
		<SimpleData name="Y">7203678</SimpleData>
	</SchemaData></ExtendedData>
      <Point><coordinates>-57.6203453747804,-25.2820343121086</coordinates></Point>
  </Placemark>
  <Placemark id="censo_infona_2022.519">
	<ExtendedData><SchemaData schemaUrl="#censo_infona_2022">
		<SimpleData name="Nº">519</SimpleData>
		<SimpleData name="Nombre_Com">Guajaybi</SimpleData>
		<SimpleData name="X">437557</SimpleData>
		<SimpleData name="Y">7203666</SimpleData>
	</SchemaData></ExtendedData>
      <Point><coordinates>-57.6202168090411,-25.2821432174977</coordinates></Point>
  </Placemark>
  <Placemark id="censo_infona_2022.520">
	<ExtendedData><SchemaData schemaUrl="#censo_infona_2022">
		<SimpleData name="Nº">520</SimpleData>
		<SimpleData name="Nombre_Com">Guajaybi</SimpleData>
		<SimpleData name="X">437550</SimpleData>
		<SimpleData name="Y">7203662</SimpleData>
	</SchemaData></ExtendedData>
      <Point><coordinates>-57.6202865172019,-25.2821790461085</coordinates></Point>
  </Placemark>
  <Placemark id="censo_infona_2022.521">
	<ExtendedData><SchemaData schemaUrl="#censo_infona_2022">
		<SimpleData name="Nº">521</SimpleData>
		<SimpleData name="Nombre_Com">Chivato</SimpleData>
		<SimpleData name="X">437553</SimpleData>
		<SimpleData name="Y">7203661</SimpleData>
	</SchemaData></ExtendedData>
      <Point><coordinates>-57.6202567669137,-25.2821882015822</coordinates></Point>
  </Placemark>
  <Placemark id="censo_infona_2022.522">
	<ExtendedData><SchemaData schemaUrl="#censo_infona_2022">
		<SimpleData name="Nº">522</SimpleData>
		<SimpleData name="Nombre_Com">Chivato</SimpleData>
		<SimpleData name="X">437559</SimpleData>
		<SimpleData name="Y">7203655</SimpleData>
	</SchemaData></ExtendedData>
      <Point><coordinates>-57.6201974499903,-25.2822426333794</coordinates></Point>
  </Placemark>
  <Placemark id="censo_infona_2022.523">
	<ExtendedData><SchemaData schemaUrl="#censo_infona_2022">
		<SimpleData name="Nº">523</SimpleData>
		<SimpleData name="Nombre_Com">Chivato</SimpleData>
		<SimpleData name="X">437550</SimpleData>
		<SimpleData name="Y">7203653</SimpleData>
	</SchemaData></ExtendedData>
      <Point><coordinates>-57.620286930512,-25.2822603180589</coordinates></Point>
  </Placemark>
  <Placemark id="censo_infona_2022.524">
	<ExtendedData><SchemaData schemaUrl="#censo_infona_2022">
		<SimpleData name="Nº">524</SimpleData>
		<SimpleData name="Nombre_Com">Chivato</SimpleData>
		<SimpleData name="X">437553</SimpleData>
		<SimpleData name="Y">7203651</SimpleData>
	</SchemaData></ExtendedData>
      <Point><coordinates>-57.6202572261253,-25.2822785037497</coordinates></Point>
  </Placemark>
  <Placemark id="censo_infona_2022.525">
	<ExtendedData><SchemaData schemaUrl="#censo_infona_2022">
		<SimpleData name="Nº">525</SimpleData>
		<SimpleData name="Nombre_Com">Chivato</SimpleData>
		<SimpleData name="X">437542</SimpleData>
		<SimpleData name="Y">7203649</SimpleData>
	</SchemaData></ExtendedData>
      <Point><coordinates>-57.6203665708395,-25.2822961048759</coordinates></Point>
  </Placemark>
  <Placemark id="censo_infona_2022.526">
	<ExtendedData><SchemaData schemaUrl="#censo_infona_2022">
		<SimpleData name="Nº">526</SimpleData>
		<SimpleData name="Nombre_Com">Chivato</SimpleData>
		<SimpleData name="X">437540</SimpleData>
		<SimpleData name="Y">7203646</SimpleData>
	</SchemaData></ExtendedData>
      <Point><coordinates>-57.6203865727904,-25.2823231120061</coordinates></Point>
  </Placemark>
  <Placemark id="censo_infona_2022.527">
	<ExtendedData><SchemaData schemaUrl="#censo_infona_2022">
		<SimpleData name="Nº">527</SimpleData>
		<SimpleData name="Nombre_Com">Chivato</SimpleData>
		<SimpleData name="X">437535</SimpleData>
		<SimpleData name="Y">7203648</SimpleData>
	</SchemaData></ExtendedData>
      <Point><coordinates>-57.6204361413273,-25.2823048427637</coordinates></Point>
  </Placemark>
  <Placemark id="censo_infona_2022.528">
	<ExtendedData><SchemaData schemaUrl="#censo_infona_2022">
		<SimpleData name="Nº">528</SimpleData>
		<SimpleData name="Nombre_Com">Tajy hu</SimpleData>
		<SimpleData name="X">437530</SimpleData>
		<SimpleData name="Y">7203623</SimpleData>
	</SchemaData></ExtendedData>
      <Point><coordinates>-57.6204869501887,-25.2825303893407</coordinates></Point>
  </Placemark>
  <Placemark id="censo_infona_2022.529">
	<ExtendedData><SchemaData schemaUrl="#censo_infona_2022">
		<SimpleData name="Nº">529</SimpleData>
		<SimpleData name="Nombre_Com">Tajy hu</SimpleData>
		<SimpleData name="X">437538</SimpleData>
		<SimpleData name="Y">7203622</SimpleData>
	</SchemaData></ExtendedData>
      <Point><coordinates>-57.6204075393372,-25.2825397536741</coordinates></Point>
  </Placemark>
  <Placemark id="censo_infona_2022.530">
	<ExtendedData><SchemaData schemaUrl="#censo_infona_2022">
		<SimpleData name="Nº">530</SimpleData>
		<SimpleData name="Nombre_Com">Tajy hu</SimpleData>
		<SimpleData name="X">437548</SimpleData>
		<SimpleData name="Y">7203629</SimpleData>
	</SchemaData></ExtendedData>
      <Point><coordinates>-57.6203078968687,-25.2824769597465</coordinates></Point>
  </Placemark>
  <Placemark id="censo_infona_2022.531">
	<ExtendedData><SchemaData schemaUrl="#censo_infona_2022">
		<SimpleData name="Nº">531</SimpleData>
		<SimpleData name="Nombre_Com">Yvyra pyta</SimpleData>
		<SimpleData name="X">437549</SimpleData>
		<SimpleData name="Y">7203629</SimpleData>
	</SchemaData></ExtendedData>
      <Point><coordinates>-57.6202979647748,-25.2824770015014</coordinates></Point>
  </Placemark>
  <Placemark id="censo_infona_2022.532">
	<ExtendedData><SchemaData schemaUrl="#censo_infona_2022">
		<SimpleData name="Nº">532</SimpleData>
		<SimpleData name="Nombre_Com">Gliricidia</SimpleData>
		<SimpleData name="X">437545</SimpleData>
		<SimpleData name="Y">7203641</SimpleData>
	</SchemaData></ExtendedData>
      <Point><coordinates>-57.6203371420204,-25.2823684718814</coordinates></Point>
  </Placemark>
  <Placemark id="censo_infona_2022.533">
	<ExtendedData><SchemaData schemaUrl="#censo_infona_2022">
		<SimpleData name="Nº">533</SimpleData>
		<SimpleData name="Nombre_Com">Yvyra pyta</SimpleData>
		<SimpleData name="X">437552</SimpleData>
		<SimpleData name="Y">7203633</SimpleData>
	</SchemaData></ExtendedData>
      <Point><coordinates>-57.6202679848029,-25.2824410058962</coordinates></Point>
  </Placemark>
  <Placemark id="censo_infona_2022.534">
	<ExtendedData><SchemaData schemaUrl="#censo_infona_2022">
		<SimpleData name="Nº">534</SimpleData>
		<SimpleData name="Nombre_Com">Tajy hu</SimpleData>
		<SimpleData name="X">437552</SimpleData>
		<SimpleData name="Y">7203635</SimpleData>
	</SchemaData></ExtendedData>
      <Point><coordinates>-57.6202678929582,-25.2824229454632</coordinates></Point>
  </Placemark>
  <Placemark id="censo_infona_2022.535">
	<ExtendedData><SchemaData schemaUrl="#censo_infona_2022">
		<SimpleData name="Nº">535</SimpleData>
		<SimpleData name="Nombre_Com">Yvyra pyta</SimpleData>
		<SimpleData name="X">437556</SimpleData>
		<SimpleData name="Y">7203640</SimpleData>
	</SchemaData></ExtendedData>
      <Point><coordinates>-57.6202279350026,-25.2823779613847</coordinates></Point>
  </Placemark>
  <Placemark id="censo_infona_2022.536">
	<ExtendedData><SchemaData schemaUrl="#censo_infona_2022">
		<SimpleData name="Nº">536</SimpleData>
		<SimpleData name="Nombre_Com">Yvyra pyta</SimpleData>
		<SimpleData name="X">437560</SimpleData>
		<SimpleData name="Y">7203637</SimpleData>
	</SchemaData></ExtendedData>
      <Point><coordinates>-57.6201883444075,-25.282405219028</coordinates></Point>
  </Placemark>
  <Placemark id="censo_infona_2022.537">
	<ExtendedData><SchemaData schemaUrl="#censo_infona_2022">
		<SimpleData name="Nº">537</SimpleData>
		<SimpleData name="Nombre_Com">Tajy hu</SimpleData>
		<SimpleData name="X">437566</SimpleData>
		<SimpleData name="Y">7203638</SimpleData>
	</SchemaData></ExtendedData>
      <Point><coordinates>-57.6201287059651,-25.2823964392815</coordinates></Point>
  </Placemark>
  <Placemark id="censo_infona_2022.538">
	<ExtendedData><SchemaData schemaUrl="#censo_infona_2022">
		<SimpleData name="Nº">538</SimpleData>
		<SimpleData name="Nombre_Com">Tajy hu</SimpleData>
		<SimpleData name="X">437570</SimpleData>
		<SimpleData name="Y">7203644</SimpleData>
	</SchemaData></ExtendedData>
      <Point><coordinates>-57.62008870216,-25.282342424947</coordinates></Point>
  </Placemark>
  <Placemark id="censo_infona_2022.539">
	<ExtendedData><SchemaData schemaUrl="#censo_infona_2022">
		<SimpleData name="Nº">539</SimpleData>
		<SimpleData name="Nombre_Com">Yvyra pyta</SimpleData>
		<SimpleData name="X">437566</SimpleData>
		<SimpleData name="Y">7203646</SimpleData>
	</SchemaData></ExtendedData>
      <Point><coordinates>-57.6201283386698,-25.282324197547</coordinates></Point>
  </Placemark>
  <Placemark id="censo_infona_2022.540">
	<ExtendedData><SchemaData schemaUrl="#censo_infona_2022">
		<SimpleData name="Nº">540</SimpleData>
		<SimpleData name="Nombre_Com">Yvyra pyta</SimpleData>
		<SimpleData name="X">437526</SimpleData>
		<SimpleData name="Y">7203625</SimpleData>
	</SchemaData></ExtendedData>
      <Point><coordinates>-57.6205265866969,-25.2825121618341</coordinates></Point>
  </Placemark>
  <Placemark id="censo_infona_2022.541">
	<ExtendedData><SchemaData schemaUrl="#censo_infona_2022">
		<SimpleData name="Nº">541</SimpleData>
		<SimpleData name="Nombre_Com">Tajy hu</SimpleData>
		<SimpleData name="X">437526</SimpleData>
		<SimpleData name="Y">7203612</SimpleData>
	</SchemaData></ExtendedData>
      <Point><coordinates>-57.6205271839409,-25.2826295546404</coordinates></Point>
  </Placemark>
  <Placemark id="censo_infona_2022.542">
	<ExtendedData><SchemaData schemaUrl="#censo_infona_2022">
		<SimpleData name="Nº">542</SimpleData>
		<SimpleData name="Nombre_Com">Tajy hu</SimpleData>
		<SimpleData name="X">437518</SimpleData>
		<SimpleData name="Y">7203618</SimpleData>
	</SchemaData></ExtendedData>
      <Point><coordinates>-57.620606365101,-25.2825750391633</coordinates></Point>
  </Placemark>
  <Placemark id="censo_infona_2022.543">
	<ExtendedData><SchemaData schemaUrl="#censo_infona_2022">
		<SimpleData name="Nº">543</SimpleData>
		<SimpleData name="Nombre_Com">Grevilea</SimpleData>
		<SimpleData name="X">437510</SimpleData>
		<SimpleData name="Y">7203625</SimpleData>
	</SchemaData></ExtendedData>
      <Point><coordinates>-57.6206855002365,-25.2825114934288</coordinates></Point>
  </Placemark>
  <Placemark id="censo_infona_2022.544">
	<ExtendedData><SchemaData schemaUrl="#censo_infona_2022">
		<SimpleData name="Nº">544</SimpleData>
		<SimpleData name="Nombre_Com">Tajy hu</SimpleData>
		<SimpleData name="X">437499</SimpleData>
		<SimpleData name="Y">7203607</SimpleData>
	</SchemaData></ExtendedData>
      <Point><coordinates>-57.6207955806033,-25.2826735776779</coordinates></Point>
  </Placemark>
  <Placemark id="censo_infona_2022.545">
	<ExtendedData><SchemaData schemaUrl="#censo_infona_2022">
		<SimpleData name="Nº">545</SimpleData>
		<SimpleData name="Nombre_Com">Tajy hu</SimpleData>
		<SimpleData name="X">437493</SimpleData>
		<SimpleData name="Y">7203610</SimpleData>
	</SchemaData></ExtendedData>
      <Point><coordinates>-57.6208550353581,-25.2826462362903</coordinates></Point>
  </Placemark>
  <Placemark id="censo_infona_2022.546">
	<ExtendedData><SchemaData schemaUrl="#censo_infona_2022">
		<SimpleData name="Nº">546</SimpleData>
		<SimpleData name="Nombre_Com">Tajy hu</SimpleData>
		<SimpleData name="X">437487</SimpleData>
		<SimpleData name="Y">7203605</SimpleData>
	</SchemaData></ExtendedData>
      <Point><coordinates>-57.6209148578517,-25.2826911365999</coordinates></Point>
  </Placemark>
  <Placemark id="censo_infona_2022.547">
	<ExtendedData><SchemaData schemaUrl="#censo_infona_2022">
		<SimpleData name="Nº">547</SimpleData>
		<SimpleData name="Nombre_Com">Yvyra pyta</SimpleData>
		<SimpleData name="X">437483</SimpleData>
		<SimpleData name="Y">7203611</SimpleData>
	</SchemaData></ExtendedData>
      <Point><coordinates>-57.6209543104504,-25.2826367881188</coordinates></Point>
  </Placemark>
  <Placemark id="censo_infona_2022.548">
	<ExtendedData><SchemaData schemaUrl="#censo_infona_2022">
		<SimpleData name="Nº">548</SimpleData>
		<SimpleData name="Nombre_Com">Yvyra ju</SimpleData>
		<SimpleData name="X">437482</SimpleData>
		<SimpleData name="Y">7203610</SimpleData>
	</SchemaData></ExtendedData>
      <Point><coordinates>-57.6209642885305,-25.2826457765346</coordinates></Point>
  </Placemark>
  <Placemark id="censo_infona_2022.549">
	<ExtendedData><SchemaData schemaUrl="#censo_infona_2022">
		<SimpleData name="Nº">549</SimpleData>
		<SimpleData name="Nombre_Com">Laurel hu</SimpleData>
		<SimpleData name="X">437484</SimpleData>
		<SimpleData name="Y">7203609</SimpleData>
	</SchemaData></ExtendedData>
      <Point><coordinates>-57.6209444702905,-25.2826548903476</coordinates></Point>
  </Placemark>
  <Placemark id="censo_infona_2022.550">
	<ExtendedData><SchemaData schemaUrl="#censo_infona_2022">
		<SimpleData name="Nº">550</SimpleData>
		<SimpleData name="Nombre_Com">Tajy hu</SimpleData>
		<SimpleData name="X">437485</SimpleData>
		<SimpleData name="Y">7203609</SimpleData>
	</SchemaData></ExtendedData>
      <Point><coordinates>-57.6209345381832,-25.2826549321456</coordinates></Point>
  </Placemark>
  <Placemark id="censo_infona_2022.551">
	<ExtendedData><SchemaData schemaUrl="#censo_infona_2022">
		<SimpleData name="Nº">551</SimpleData>
		<SimpleData name="Nombre_Com">Yvyra ju</SimpleData>
		<SimpleData name="X">437476</SimpleData>
		<SimpleData name="Y">7203601</SimpleData>
	</SchemaData></ExtendedData>
      <Point><coordinates>-57.6210242949789,-25.2827267976585</coordinates></Point>
  </Placemark>
  <Placemark id="censo_infona_2022.552">
	<ExtendedData><SchemaData schemaUrl="#censo_infona_2022">
		<SimpleData name="Nº">552</SimpleData>
		<SimpleData name="Nombre_Com">Ñandypa guazu</SimpleData>
		<SimpleData name="X">437490</SimpleData>
		<SimpleData name="Y">7203623</SimpleData>
	</SchemaData></ExtendedData>
      <Point><coordinates>-57.6208842340895,-25.2825287181123</coordinates></Point>
  </Placemark>
  <Placemark id="censo_infona_2022.553">
	<ExtendedData><SchemaData schemaUrl="#censo_infona_2022">
		<SimpleData name="Nº">553</SimpleData>
		<SimpleData name="Nombre_Com">Chivato</SimpleData>
		<SimpleData name="X">437493</SimpleData>
		<SimpleData name="Y">7203628</SimpleData>
	</SchemaData></ExtendedData>
      <Point><coordinates>-57.6208542079684,-25.2824836924146</coordinates></Point>
  </Placemark>
  <Placemark id="censo_infona_2022.554">
	<ExtendedData><SchemaData schemaUrl="#censo_infona_2022">
		<SimpleData name="Nº">554</SimpleData>
		<SimpleData name="Nombre_Com">Inga</SimpleData>
		<SimpleData name="X">437503</SimpleData>
		<SimpleData name="Y">7203645</SimpleData>
	</SchemaData></ExtendedData>
      <Point><coordinates>-57.6207541057406,-25.2823305966344</coordinates></Point>
  </Placemark>
  <Placemark id="censo_infona_2022.555">
	<ExtendedData><SchemaData schemaUrl="#censo_infona_2022">
		<SimpleData name="Nº">555</SimpleData>
		<SimpleData name="Nombre_Com">Tajy hu</SimpleData>
		<SimpleData name="X">437517</SimpleData>
		<SimpleData name="Y">7203648</SimpleData>
	</SchemaData></ExtendedData>
      <Point><coordinates>-57.6206149187582,-25.2823040909111</coordinates></Point>
  </Placemark>
  <Placemark id="censo_infona_2022.556">
	<ExtendedData><SchemaData schemaUrl="#censo_infona_2022">
		<SimpleData name="Nº">556</SimpleData>
		<SimpleData name="Nombre_Com">Inga</SimpleData>
		<SimpleData name="X">437531</SimpleData>
		<SimpleData name="Y">7203662</SimpleData>
	</SchemaData></ExtendedData>
      <Point><coordinates>-57.6204752265229,-25.282178252675</coordinates></Point>
  </Placemark>
  <Placemark id="censo_infona_2022.557">
	<ExtendedData><SchemaData schemaUrl="#censo_infona_2022">
		<SimpleData name="Nº">557</SimpleData>
		<SimpleData name="Nombre_Com">Gleditsia amorfoides</SimpleData>
		<SimpleData name="X">437481</SimpleData>
		<SimpleData name="Y">7203652</SimpleData>
	</SchemaData></ExtendedData>
      <Point><coordinates>-57.6209722897016,-25.2822664656942</coordinates></Point>
  </Placemark>
  <Placemark id="censo_infona_2022.558">
	<ExtendedData><SchemaData schemaUrl="#censo_infona_2022">
		<SimpleData name="Nº">558</SimpleData>
		<SimpleData name="Nombre_Com">Yvyra ju</SimpleData>
		<SimpleData name="X">437479</SimpleData>
		<SimpleData name="Y">7203643</SimpleData>
	</SchemaData></ExtendedData>
      <Point><coordinates>-57.6209925676344,-25.2823476540323</coordinates></Point>
  </Placemark>
  <Placemark id="censo_infona_2022.559">
	<ExtendedData><SchemaData schemaUrl="#censo_infona_2022">
		<SimpleData name="Nº">559</SimpleData>
		<SimpleData name="Nombre_Com">Guajaybi</SimpleData>
		<SimpleData name="X">437474</SimpleData>
		<SimpleData name="Y">7203632</SimpleData>
	</SchemaData></ExtendedData>
      <Point><coordinates>-57.621042733821,-25.2824467773856</coordinates></Point>
  </Placemark>
  <Placemark id="censo_infona_2022.560">
	<ExtendedData><SchemaData schemaUrl="#censo_infona_2022">
		<SimpleData name="Nº">560</SimpleData>
		<SimpleData name="Nombre_Com">Laurel</SimpleData>
		<SimpleData name="X">437474</SimpleData>
		<SimpleData name="Y">7203629</SimpleData>
	</SchemaData></ExtendedData>
      <Point><coordinates>-57.6210428717605,-25.282473868031</coordinates></Point>
  </Placemark>
  <Placemark id="censo_infona_2022.561">
	<ExtendedData><SchemaData schemaUrl="#censo_infona_2022">
		<SimpleData name="Nº">561</SimpleData>
		<SimpleData name="Nombre_Com">Palma</SimpleData>
		<SimpleData name="X">437467</SimpleData>
		<SimpleData name="Y">7203606</SimpleData>
	</SchemaData></ExtendedData>
      <Point><coordinates>-57.6211134540667,-25.2826812703237</coordinates></Point>
  </Placemark>
  <Placemark id="censo_infona_2022.562">
	<ExtendedData><SchemaData schemaUrl="#censo_infona_2022">
		<SimpleData name="Nº">562</SimpleData>
		<SimpleData name="Nombre_Com">Palma</SimpleData>
		<SimpleData name="X">437465</SimpleData>
		<SimpleData name="Y">7203613</SimpleData>
	</SchemaData></ExtendedData>
      <Point><coordinates>-57.6211329963766,-25.2826179751997</coordinates></Point>
  </Placemark>
  <Placemark id="censo_infona_2022.563">
	<ExtendedData><SchemaData schemaUrl="#censo_infona_2022">
		<SimpleData name="Nº">563</SimpleData>
		<SimpleData name="Nombre_Com">Palma</SimpleData>
		<SimpleData name="X">437468</SimpleData>
		<SimpleData name="Y">7203619</SimpleData>
	</SchemaData></ExtendedData>
      <Point><coordinates>-57.6211029241576,-25.2825639193404</coordinates></Point>
  </Placemark>
  <Placemark id="censo_infona_2022.564">
	<ExtendedData><SchemaData schemaUrl="#censo_infona_2022">
		<SimpleData name="Nº">564</SimpleData>
		<SimpleData name="Nombre_Com">Palma</SimpleData>
		<SimpleData name="X">437470</SimpleData>
		<SimpleData name="Y">7203623</SimpleData>
	</SchemaData></ExtendedData>
      <Point><coordinates>-57.6210828760266,-25.282527882097</coordinates></Point>
  </Placemark>
  <Placemark id="censo_infona_2022.565">
	<ExtendedData><SchemaData schemaUrl="#censo_infona_2022">
		<SimpleData name="Nº">565</SimpleData>
		<SimpleData name="Nombre_Com">Palma</SimpleData>
		<SimpleData name="X">437475</SimpleData>
		<SimpleData name="Y">7203625</SimpleData>
	</SchemaData></ExtendedData>
      <Point><coordinates>-57.6210331235847,-25.2825100306957</coordinates></Point>
  </Placemark>
  <Placemark id="censo_infona_2022.566">
	<ExtendedData><SchemaData schemaUrl="#censo_infona_2022">
		<SimpleData name="Nº">566</SimpleData>
		<SimpleData name="Nombre_Com">Palma</SimpleData>
		<SimpleData name="X">437468</SimpleData>
		<SimpleData name="Y">7203634</SimpleData>
	</SchemaData></ExtendedData>
      <Point><coordinates>-57.6211022343929,-25.2824284661158</coordinates></Point>
  </Placemark>
  <Placemark id="censo_infona_2022.567">
	<ExtendedData><SchemaData schemaUrl="#censo_infona_2022">
		<SimpleData name="Nº">567</SimpleData>
		<SimpleData name="Nombre_Com">Palma</SimpleData>
		<SimpleData name="X">437467</SimpleData>
		<SimpleData name="Y">7203641</SimpleData>
	</SchemaData></ExtendedData>
      <Point><coordinates>-57.6211118445878,-25.2823652128013</coordinates></Point>
  </Placemark>
  <Placemark id="censo_infona_2022.568">
	<ExtendedData><SchemaData schemaUrl="#censo_infona_2022">
		<SimpleData name="Nº">568</SimpleData>
		<SimpleData name="Nombre_Com">Palma</SimpleData>
		<SimpleData name="X">437474</SimpleData>
		<SimpleData name="Y">7203640</SimpleData>
	</SchemaData></ExtendedData>
      <Point><coordinates>-57.6210423659835,-25.2823745356642</coordinates></Point>
  </Placemark>
  <Placemark id="censo_infona_2022.569">
	<ExtendedData><SchemaData schemaUrl="#censo_infona_2022">
		<SimpleData name="Nº">569</SimpleData>
		<SimpleData name="Nombre_Com">Palma</SimpleData>
		<SimpleData name="X">437474</SimpleData>
		<SimpleData name="Y">7203644</SimpleData>
	</SchemaData></ExtendedData>
      <Point><coordinates>-57.6210421820653,-25.2823384148032</coordinates></Point>
  </Placemark>
  <Placemark id="censo_infona_2022.570">
	<ExtendedData><SchemaData schemaUrl="#censo_infona_2022">
		<SimpleData name="Nº">570</SimpleData>
		<SimpleData name="Nombre_Com">Palma</SimpleData>
		<SimpleData name="X">437469</SimpleData>
		<SimpleData name="Y">7203649</SimpleData>
	</SchemaData></ExtendedData>
      <Point><coordinates>-57.6210916125558,-25.2822930546966</coordinates></Point>
  </Placemark>
  <Placemark id="censo_infona_2022.571">
	<ExtendedData><SchemaData schemaUrl="#censo_infona_2022">
		<SimpleData name="Nº">571</SimpleData>
		<SimpleData name="Nombre_Com">Palma</SimpleData>
		<SimpleData name="X">437474</SimpleData>
		<SimpleData name="Y">7203650</SimpleData>
	</SchemaData></ExtendedData>
      <Point><coordinates>-57.6210419061886,-25.2822842335113</coordinates></Point>
  </Placemark>
  <Placemark id="censo_infona_2022.572">
	<ExtendedData><SchemaData schemaUrl="#censo_infona_2022">
		<SimpleData name="Nº">572</SimpleData>
		<SimpleData name="Nombre_Com">Palma</SimpleData>
		<SimpleData name="X">437478</SimpleData>
		<SimpleData name="Y">7203653</SimpleData>
	</SchemaData></ExtendedData>
      <Point><coordinates>-57.6210020399517,-25.282257310077</coordinates></Point>
  </Placemark>
  <Placemark id="censo_infona_2022.573">
	<ExtendedData><SchemaData schemaUrl="#censo_infona_2022">
		<SimpleData name="Nº">573</SimpleData>
		<SimpleData name="Nombre_Com">Palma</SimpleData>
		<SimpleData name="X">437469</SimpleData>
		<SimpleData name="Y">7203655</SimpleData>
	</SchemaData></ExtendedData>
      <Point><coordinates>-57.6210913366577,-25.282238873405</coordinates></Point>
  </Placemark>
  <Placemark id="censo_infona_2022.574">
	<ExtendedData><SchemaData schemaUrl="#censo_infona_2022">
		<SimpleData name="Nº">574</SimpleData>
		<SimpleData name="Nombre_Com">Palma</SimpleData>
		<SimpleData name="X">437469</SimpleData>
		<SimpleData name="Y">7203660</SimpleData>
	</SchemaData></ExtendedData>
      <Point><coordinates>-57.6210911067433,-25.2821937223283</coordinates></Point>
  </Placemark>
  <Placemark id="censo_infona_2022.575">
	<ExtendedData><SchemaData schemaUrl="#censo_infona_2022">
		<SimpleData name="Nº">575</SimpleData>
		<SimpleData name="Nombre_Com">Palma</SimpleData>
		<SimpleData name="X">437473</SimpleData>
		<SimpleData name="Y">7203658</SimpleData>
	</SchemaData></ExtendedData>
      <Point><coordinates>-57.6210514704253,-25.2822119499838</coordinates></Point>
  </Placemark>
  <Placemark id="censo_infona_2022.576">
	<ExtendedData><SchemaData schemaUrl="#censo_infona_2022">
		<SimpleData name="Nº">576</SimpleData>
		<SimpleData name="Nombre_Com">Palma</SimpleData>
		<SimpleData name="X">437473</SimpleData>
		<SimpleData name="Y">7203662</SimpleData>
	</SchemaData></ExtendedData>
      <Point><coordinates>-57.6210512865057,-25.282175829122</coordinates></Point>
  </Placemark>
  <Placemark id="censo_infona_2022.577">
	<ExtendedData><SchemaData schemaUrl="#censo_infona_2022">
		<SimpleData name="Nº">577</SimpleData>
		<SimpleData name="Nombre_Com">Palma</SimpleData>
		<SimpleData name="X">437474</SimpleData>
		<SimpleData name="Y">7203670</SimpleData>
	</SchemaData></ExtendedData>
      <Point><coordinates>-57.6210409866055,-25.2821036292023</coordinates></Point>
  </Placemark>
  <Placemark id="censo_infona_2022.578">
	<ExtendedData><SchemaData schemaUrl="#censo_infona_2022">
		<SimpleData name="Nº">578</SimpleData>
		<SimpleData name="Nombre_Com">Palma</SimpleData>
		<SimpleData name="X">437468</SimpleData>
		<SimpleData name="Y">7203670</SimpleData>
	</SchemaData></ExtendedData>
      <Point><coordinates>-57.6211005789781,-25.2821033783665</coordinates></Point>
  </Placemark>
  <Placemark id="censo_infona_2022.579">
	<ExtendedData><SchemaData schemaUrl="#censo_infona_2022">
		<SimpleData name="Nº">579</SimpleData>
		<SimpleData name="Nombre_Com">Palma</SimpleData>
		<SimpleData name="X">437469</SimpleData>
		<SimpleData name="Y">7203674</SimpleData>
	</SchemaData></ExtendedData>
      <Point><coordinates>-57.6210904629858,-25.2820672993121</coordinates></Point>
  </Placemark>
  <Placemark id="censo_infona_2022.580">
	<ExtendedData><SchemaData schemaUrl="#censo_infona_2022">
		<SimpleData name="Nº">580</SimpleData>
		<SimpleData name="Nombre_Com">Palma</SimpleData>
		<SimpleData name="X">437475</SimpleData>
		<SimpleData name="Y">7203676</SimpleData>
	</SchemaData></ExtendedData>
      <Point><coordinates>-57.6210307786745,-25.2820494897123</coordinates></Point>
  </Placemark>
  <Placemark id="censo_infona_2022.581">
	<ExtendedData><SchemaData schemaUrl="#censo_infona_2022">
		<SimpleData name="Nº">581</SimpleData>
		<SimpleData name="Nombre_Com">Palma</SimpleData>
		<SimpleData name="X">437471</SimpleData>
		<SimpleData name="Y">7203679</SimpleData>
	</SchemaData></ExtendedData>
      <Point><coordinates>-57.6210703689625,-25.2820222318474</coordinates></Point>
  </Placemark>
  <Placemark id="censo_infona_2022.582">
	<ExtendedData><SchemaData schemaUrl="#censo_infona_2022">
		<SimpleData name="Nº">582</SimpleData>
		<SimpleData name="Nombre_Com">Palma</SimpleData>
		<SimpleData name="X">437466</SimpleData>
		<SimpleData name="Y">7203678</SimpleData>
	</SchemaData></ExtendedData>
      <Point><coordinates>-57.6211200752243,-25.2820310530254</coordinates></Point>
  </Placemark>
  <Placemark id="censo_infona_2022.583">
	<ExtendedData><SchemaData schemaUrl="#censo_infona_2022">
		<SimpleData name="Nº">583</SimpleData>
		<SimpleData name="Nombre_Com">Palma</SimpleData>
		<SimpleData name="X">437467</SimpleData>
		<SimpleData name="Y">7203686</SimpleData>
	</SchemaData></ExtendedData>
      <Point><coordinates>-57.6211097752977,-25.2819588531096</coordinates></Point>
  </Placemark>
  <Placemark id="censo_infona_2022.584">
	<ExtendedData><SchemaData schemaUrl="#censo_infona_2022">
		<SimpleData name="Nº">584</SimpleData>
		<SimpleData name="Nombre_Com">Palma</SimpleData>
		<SimpleData name="X">437475</SimpleData>
		<SimpleData name="Y">7203689</SimpleData>
	</SchemaData></ExtendedData>
      <Point><coordinates>-57.6210301809615,-25.281932096908</coordinates></Point>
  </Placemark>
  <Placemark id="censo_infona_2022.585">
	<ExtendedData><SchemaData schemaUrl="#censo_infona_2022">
		<SimpleData name="Nº">585</SimpleData>
		<SimpleData name="Nombre_Com">Palma</SimpleData>
		<SimpleData name="X">437473</SimpleData>
		<SimpleData name="Y">7203698</SimpleData>
	</SchemaData></ExtendedData>
      <Point><coordinates>-57.6210496312456,-25.2818507413584</coordinates></Point>
  </Placemark>
  <Placemark id="censo_infona_2022.586">
	<ExtendedData><SchemaData schemaUrl="#censo_infona_2022">
		<SimpleData name="Nº">586</SimpleData>
		<SimpleData name="Nombre_Com">Palma</SimpleData>
		<SimpleData name="X">437473</SimpleData>
		<SimpleData name="Y">7203703</SimpleData>
	</SchemaData></ExtendedData>
      <Point><coordinates>-57.6210494013506,-25.281805590279</coordinates></Point>
  </Placemark>
  <Placemark id="censo_infona_2022.587">
	<ExtendedData><SchemaData schemaUrl="#censo_infona_2022">
		<SimpleData name="Nº">587</SimpleData>
		<SimpleData name="Nombre_Com">Palma</SimpleData>
		<SimpleData name="X">437473</SimpleData>
		<SimpleData name="Y">7203708</SimpleData>
	</SchemaData></ExtendedData>
      <Point><coordinates>-57.6210491714562,-25.2817604391993</coordinates></Point>
  </Placemark>
  <Placemark id="censo_infona_2022.588">
	<ExtendedData><SchemaData schemaUrl="#censo_infona_2022">
		<SimpleData name="Nº">588</SimpleData>
		<SimpleData name="Nombre_Com">Palma</SimpleData>
		<SimpleData name="X">437469</SimpleData>
		<SimpleData name="Y">7203718</SimpleData>
	</SchemaData></ExtendedData>
      <Point><coordinates>-57.6210884397762,-25.2816699698184</coordinates></Point>
  </Placemark>
  <Placemark id="censo_infona_2022.589">
	<ExtendedData><SchemaData schemaUrl="#censo_infona_2022">
		<SimpleData name="Nº">589</SimpleData>
		<SimpleData name="Nombre_Com">Palma</SimpleData>
		<SimpleData name="X">437470</SimpleData>
		<SimpleData name="Y">7203722</SimpleData>
	</SchemaData></ExtendedData>
      <Point><coordinates>-57.6210783238264,-25.2816338907604</coordinates></Point>
  </Placemark>
  <Placemark id="censo_infona_2022.590">
	<ExtendedData><SchemaData schemaUrl="#censo_infona_2022">
		<SimpleData name="Nº">590</SimpleData>
		<SimpleData name="Nombre_Com">Palma</SimpleData>
		<SimpleData name="X">437461</SimpleData>
		<SimpleData name="Y">7203724</SimpleData>
	</SchemaData></ExtendedData>
      <Point><coordinates>-57.6211676200655,-25.2816154540495</coordinates></Point>
  </Placemark>
  <Placemark id="censo_infona_2022.591">
	<ExtendedData><SchemaData schemaUrl="#censo_infona_2022">
		<SimpleData name="Nº">591</SimpleData>
		<SimpleData name="Nombre_Com">Palma</SimpleData>
		<SimpleData name="X">437468</SimpleData>
		<SimpleData name="Y">7203718</SimpleData>
	</SchemaData></ExtendedData>
      <Point><coordinates>-57.621098371803,-25.2816699280116</coordinates></Point>
  </Placemark>
  <Placemark id="censo_infona_2022.592">
	<ExtendedData><SchemaData schemaUrl="#censo_infona_2022">
		<SimpleData name="Nº">592</SimpleData>
		<SimpleData name="Nombre_Com">Palma</SimpleData>
		<SimpleData name="X">437472</SimpleData>
		<SimpleData name="Y">7203729</SimpleData>
	</SchemaData></ExtendedData>
      <Point><coordinates>-57.6210581379244,-25.2815707628576</coordinates></Point>
  </Placemark>
  <Placemark id="censo_infona_2022.593">
	<ExtendedData><SchemaData schemaUrl="#censo_infona_2022">
		<SimpleData name="Nº">593</SimpleData>
		<SimpleData name="Nombre_Com">Palma</SimpleData>
		<SimpleData name="X">437468</SimpleData>
		<SimpleData name="Y">7203734</SimpleData>
	</SchemaData></ExtendedData>
      <Point><coordinates>-57.6210976360893,-25.2815254445542</coordinates></Point>
  </Placemark>
  <Placemark id="censo_infona_2022.594">
	<ExtendedData><SchemaData schemaUrl="#censo_infona_2022">
		<SimpleData name="Nº">594</SimpleData>
		<SimpleData name="Nombre_Com">Palma</SimpleData>
		<SimpleData name="X">437471</SimpleData>
		<SimpleData name="Y">7203735</SimpleData>
	</SchemaData></ExtendedData>
      <Point><coordinates>-57.6210677940645,-25.2815165397557</coordinates></Point>
  </Placemark>
  <Placemark id="censo_infona_2022.595">
	<ExtendedData><SchemaData schemaUrl="#censo_infona_2022">
		<SimpleData name="Nº">595</SimpleData>
		<SimpleData name="Nombre_Com">Palma</SimpleData>
		<SimpleData name="X">437467</SimpleData>
		<SimpleData name="Y">7203740</SimpleData>
	</SchemaData></ExtendedData>
      <Point><coordinates>-57.6211072922087,-25.2814712214499</coordinates></Point>
  </Placemark>
  <Placemark id="censo_infona_2022.596">
	<ExtendedData><SchemaData schemaUrl="#censo_infona_2022">
		<SimpleData name="Nº">596</SimpleData>
		<SimpleData name="Nombre_Com">Palma</SimpleData>
		<SimpleData name="X">437467</SimpleData>
		<SimpleData name="Y">7203746</SimpleData>
	</SchemaData></ExtendedData>
      <Point><coordinates>-57.6211070163139,-25.2814170401524</coordinates></Point>
  </Placemark>
  <Placemark id="censo_infona_2022.597">
	<ExtendedData><SchemaData schemaUrl="#censo_infona_2022">
		<SimpleData name="Nº">597</SimpleData>
		<SimpleData name="Nombre_Com">Palma</SimpleData>
		<SimpleData name="X">437468</SimpleData>
		<SimpleData name="Y">7203747</SimpleData>
	</SchemaData></ExtendedData>
      <Point><coordinates>-57.6210970383261,-25.2814080517431</coordinates></Point>
  </Placemark>
  <Placemark id="censo_infona_2022.598">
	<ExtendedData><SchemaData schemaUrl="#censo_infona_2022">
		<SimpleData name="Nº">598</SimpleData>
		<SimpleData name="Nombre_Com">Palma</SimpleData>
		<SimpleData name="X">437472</SimpleData>
		<SimpleData name="Y">7203749</SimpleData>
	</SchemaData></ExtendedData>
      <Point><coordinates>-57.6210572183469,-25.2813901585316</coordinates></Point>
  </Placemark>
  <Placemark id="censo_infona_2022.599">
	<ExtendedData><SchemaData schemaUrl="#censo_infona_2022">
		<SimpleData name="Nº">599</SimpleData>
		<SimpleData name="Nombre_Com">Palma</SimpleData>
		<SimpleData name="X">437470</SimpleData>
		<SimpleData name="Y">7203757</SimpleData>
	</SchemaData></ExtendedData>
      <Point><coordinates>-57.6210767145146,-25.281317833191</coordinates></Point>
  </Placemark>
  <Placemark id="censo_infona_2022.600">
	<ExtendedData><SchemaData schemaUrl="#censo_infona_2022">
		<SimpleData name="Nº">600</SimpleData>
		<SimpleData name="Nombre_Com">Yvyra ju</SimpleData>
		<SimpleData name="X">437467</SimpleData>
		<SimpleData name="Y">7203736</SimpleData>
	</SchemaData></ExtendedData>
      <Point><coordinates>-57.621107476139,-25.2815073423147</coordinates></Point>
  </Placemark>
  <Placemark id="censo_infona_2022.601">
	<ExtendedData><SchemaData schemaUrl="#censo_infona_2022">
		<SimpleData name="Nº">601</SimpleData>
		<SimpleData name="Nombre_Com">Jacaranda</SimpleData>
		<SimpleData name="X">437488</SimpleData>
		<SimpleData name="Y">7203734</SimpleData>
	</SchemaData></ExtendedData>
      <Point><coordinates>-57.6208989957852,-25.2815262805585</coordinates></Point>
  </Placemark>
  <Placemark id="censo_infona_2022.602">
	<ExtendedData><SchemaData schemaUrl="#censo_infona_2022">
		<SimpleData name="Nº">602</SimpleData>
		<SimpleData name="Nombre_Com">Yvyra ju</SimpleData>
		<SimpleData name="X">437483</SimpleData>
		<SimpleData name="Y">7203719</SimpleData>
	</SchemaData></ExtendedData>
      <Point><coordinates>-57.6209493454281,-25.2816615248277</coordinates></Point>
  </Placemark>
  <Placemark id="censo_infona_2022.603">
	<ExtendedData><SchemaData schemaUrl="#censo_infona_2022">
		<SimpleData name="Nº">603</SimpleData>
		<SimpleData name="Nombre_Com">Yvyra ju</SimpleData>
		<SimpleData name="X">437481</SimpleData>
		<SimpleData name="Y">7203711</SimpleData>
	</SchemaData></ExtendedData>
      <Point><coordinates>-57.620969577263,-25.2817336829615</coordinates></Point>
  </Placemark>
  <Placemark id="censo_infona_2022.604">
	<ExtendedData><SchemaData schemaUrl="#censo_infona_2022">
		<SimpleData name="Nº">604</SimpleData>
		<SimpleData name="Nombre_Com">Guajaybi</SimpleData>
		<SimpleData name="X">437479</SimpleData>
		<SimpleData name="Y">7203702</SimpleData>
	</SchemaData></ExtendedData>
      <Point><coordinates>-57.6209898550974,-25.2818148713075</coordinates></Point>
  </Placemark>
  <Placemark id="censo_infona_2022.605">
	<ExtendedData><SchemaData schemaUrl="#censo_infona_2022">
		<SimpleData name="Nº">605</SimpleData>
		<SimpleData name="Nombre_Com">Casita</SimpleData>
		<SimpleData name="X">437484</SimpleData>
		<SimpleData name="Y">7203704</SimpleData>
	</SchemaData></ExtendedData>
      <Point><coordinates>-57.6209401029617,-25.2817970198674</coordinates></Point>
  </Placemark>
  <Placemark id="censo_infona_2022.606">
	<ExtendedData><SchemaData schemaUrl="#censo_infona_2022">
		<SimpleData name="Nº">606</SimpleData>
		<SimpleData name="Nombre_Com">Guapo'y</SimpleData>
		<SimpleData name="X">437493</SimpleData>
		<SimpleData name="Y">7203715</SimpleData>
	</SchemaData></ExtendedData>
      <Point><coordinates>-57.6208502090192,-25.2816980636312</coordinates></Point>
  </Placemark>
  <Placemark id="censo_infona_2022.607">
	<ExtendedData><SchemaData schemaUrl="#censo_infona_2022">
		<SimpleData name="Nº">607</SimpleData>
		<SimpleData name="Nombre_Com">Mango</SimpleData>
		<SimpleData name="X">437496</SimpleData>
		<SimpleData name="Y">7203719</SimpleData>
	</SchemaData></ExtendedData>
      <Point><coordinates>-57.6208202290837,-25.2816620681339</coordinates></Point>
  </Placemark>
  <Placemark id="censo_infona_2022.608">
	<ExtendedData><SchemaData schemaUrl="#censo_infona_2022">
		<SimpleData name="Nº">608</SimpleData>
		<SimpleData name="Nombre_Com">Arbol de Siris</SimpleData>
		<SimpleData name="X">437506</SimpleData>
		<SimpleData name="Y">7203715</SimpleData>
	</SchemaData></ExtendedData>
      <Point><coordinates>-57.6207210926338,-25.2816986068513</coordinates></Point>
  </Placemark>
  <Placemark id="censo_infona_2022.609">
	<ExtendedData><SchemaData schemaUrl="#censo_infona_2022">
		<SimpleData name="Nº">609</SimpleData>
		<SimpleData name="Nombre_Com">Ficus grandis</SimpleData>
		<SimpleData name="X">437514</SimpleData>
		<SimpleData name="Y">7203703</SimpleData>
	</SchemaData></ExtendedData>
      <Point><coordinates>-57.6206421877787,-25.2818073036846</coordinates></Point>
  </Placemark>
  <Placemark id="censo_infona_2022.610">
	<ExtendedData><SchemaData schemaUrl="#censo_infona_2022">
		<SimpleData name="Nº">610</SimpleData>
		<SimpleData name="Nombre_Com">Villetana</SimpleData>
		<SimpleData name="X">437514</SimpleData>
		<SimpleData name="Y">7203721</SimpleData>
	</SchemaData></ExtendedData>
      <Point><coordinates>-57.620641360704,-25.2816447597839</coordinates></Point>
  </Placemark>
  <Placemark id="censo_infona_2022.611">
	<ExtendedData><SchemaData schemaUrl="#censo_infona_2022">
		<SimpleData name="Nº">611</SimpleData>
		<SimpleData name="Nombre_Com">Ombu</SimpleData>
		<SimpleData name="X">437513</SimpleData>
		<SimpleData name="Y">7203729</SimpleData>
	</SchemaData></ExtendedData>
      <Point><coordinates>-57.6206509251372,-25.2815724762725</coordinates></Point>
  </Placemark>
  <Placemark id="censo_infona_2022.612">
	<ExtendedData><SchemaData schemaUrl="#censo_infona_2022">
		<SimpleData name="Nº">612</SimpleData>
		<SimpleData name="Nombre_Com">Tajy hu</SimpleData>
		<SimpleData name="X">437519</SimpleData>
		<SimpleData name="Y">7203733</SimpleData>
	</SchemaData></ExtendedData>
      <Point><coordinates>-57.6205911492408,-25.2815366060538</coordinates></Point>
  </Placemark>
  <Placemark id="censo_infona_2022.613">
	<ExtendedData><SchemaData schemaUrl="#censo_infona_2022">
		<SimpleData name="Nº">613</SimpleData>
		<SimpleData name="Nombre_Com">Jacaranda</SimpleData>
		<SimpleData name="X">437503</SimpleData>
		<SimpleData name="Y">7203725</SimpleData>
	</SchemaData></ExtendedData>
      <Point><coordinates>-57.620750429158,-25.2816081793368</coordinates></Point>
  </Placemark>
  <Placemark id="censo_infona_2022.614">
	<ExtendedData><SchemaData schemaUrl="#censo_infona_2022">
		<SimpleData name="Nº">614</SimpleData>
		<SimpleData name="Nombre_Com">Jacaranda</SimpleData>
		<SimpleData name="X">437501</SimpleData>
		<SimpleData name="Y">7203732</SimpleData>
	</SchemaData></ExtendedData>
      <Point><coordinates>-57.6207699714982,-25.2815448842514</coordinates></Point>
  </Placemark>
  <Placemark id="censo_infona_2022.615">
	<ExtendedData><SchemaData schemaUrl="#censo_infona_2022">
		<SimpleData name="Nº">615</SimpleData>
		<SimpleData name="Nombre_Com">Jacaranda</SimpleData>
		<SimpleData name="X">437499</SimpleData>
		<SimpleData name="Y">7203740</SimpleData>
	</SchemaData></ExtendedData>
      <Point><coordinates>-57.6207894678598,-25.2814725589466</coordinates></Point>
  </Placemark>
  <Placemark id="censo_infona_2022.616">
	<ExtendedData><SchemaData schemaUrl="#censo_infona_2022">
		<SimpleData name="Nº">616</SimpleData>
		<SimpleData name="Nombre_Com">Yvyra pyta</SimpleData>
		<SimpleData name="X">437497</SimpleData>
		<SimpleData name="Y">7203739</SimpleData>
	</SchemaData></ExtendedData>
      <Point><coordinates>-57.6208093778427,-25.2814815055898</coordinates></Point>
  </Placemark>
  <Placemark id="censo_infona_2022.617">
	<ExtendedData><SchemaData schemaUrl="#censo_infona_2022">
		<SimpleData name="Nº">617</SimpleData>
		<SimpleData name="Nombre_Com">Hovenia</SimpleData>
		<SimpleData name="X">437497</SimpleData>
		<SimpleData name="Y">7203756</SimpleData>
	</SchemaData></ExtendedData>
      <Point><coordinates>-57.6208085965175,-25.2813279919039</coordinates></Point>
  </Placemark>
  <Placemark id="censo_infona_2022.618">
	<ExtendedData><SchemaData schemaUrl="#censo_infona_2022">
		<SimpleData name="Nº">618</SimpleData>
		<SimpleData name="Nombre_Com">Pindó</SimpleData>
		<SimpleData name="X">437497</SimpleData>
		<SimpleData name="Y">7203764</SimpleData>
	</SchemaData></ExtendedData>
      <Point><coordinates>-57.6208082288372,-25.2812557501683</coordinates></Point>
  </Placemark>
  <Placemark id="censo_infona_2022.619">
	<ExtendedData><SchemaData schemaUrl="#censo_infona_2022">
		<SimpleData name="Nº">619</SimpleData>
		<SimpleData name="Nombre_Com">Pindó</SimpleData>
		<SimpleData name="X">437498</SimpleData>
		<SimpleData name="Y">7203765</SimpleData>
	</SchemaData></ExtendedData>
      <Point><coordinates>-57.6207982508844,-25.281246761738</coordinates></Point>
  </Placemark>
  <Placemark id="censo_infona_2022.620">
	<ExtendedData><SchemaData schemaUrl="#censo_infona_2022">
		<SimpleData name="Nº">620</SimpleData>
		<SimpleData name="Nombre_Com">Guajaybi</SimpleData>
		<SimpleData name="X">437505</SimpleData>
		<SimpleData name="Y">7203766</SimpleData>
	</SchemaData></ExtendedData>
      <Point><coordinates>-57.6207286809799,-25.2812380240087</coordinates></Point>
  </Placemark>
  <Placemark id="censo_infona_2022.621">
	<ExtendedData><SchemaData schemaUrl="#censo_infona_2022">
		<SimpleData name="Nº">621</SimpleData>
		<SimpleData name="Nombre_Com">Pindó</SimpleData>
		<SimpleData name="X">437516</SimpleData>
		<SimpleData name="Y">7203770</SimpleData>
	</SchemaData></ExtendedData>
      <Point><coordinates>-57.6206192452799,-25.2812023626966</coordinates></Point>
  </Placemark>
  <Placemark id="censo_infona_2022.622">
	<ExtendedData><SchemaData schemaUrl="#censo_infona_2022">
		<SimpleData name="Nº">622</SimpleData>
		<SimpleData name="Nombre_Com">Guajaybi</SimpleData>
		<SimpleData name="X">437517</SimpleData>
		<SimpleData name="Y">7203759</SimpleData>
	</SchemaData></ExtendedData>
      <Point><coordinates>-57.6206098186879,-25.2813017368613</coordinates></Point>
  </Placemark>
  <Placemark id="censo_infona_2022.623">
	<ExtendedData><SchemaData schemaUrl="#censo_infona_2022">
		<SimpleData name="Nº">623</SimpleData>
		<SimpleData name="Nombre_Com">Guajaybi</SimpleData>
		<SimpleData name="X">437516</SimpleData>
		<SimpleData name="Y">7203761</SimpleData>
	</SchemaData></ExtendedData>
      <Point><coordinates>-57.6206196587934,-25.2812836346527</coordinates></Point>
  </Placemark>
  <Placemark id="censo_infona_2022.624">
	<ExtendedData><SchemaData schemaUrl="#censo_infona_2022">
		<SimpleData name="Nº">624</SimpleData>
		<SimpleData name="Nombre_Com">Yvyra pyta</SimpleData>
		<SimpleData name="X">437461</SimpleData>
		<SimpleData name="Y">7203758</SimpleData>
	</SchemaData></ExtendedData>
      <Point><coordinates>-57.6211660565102,-25.2813084267011</coordinates></Point>
  </Placemark>
  <Placemark id="censo_infona_2022.625">
	<ExtendedData><SchemaData schemaUrl="#censo_infona_2022">
		<SimpleData name="Nº">625</SimpleData>
		<SimpleData name="Nombre_Com">Yvyra ju</SimpleData>
		<SimpleData name="X">437459</SimpleData>
		<SimpleData name="Y">7203757</SimpleData>
	</SchemaData></ExtendedData>
      <Point><coordinates>-57.6211859664926,-25.2813173732937</coordinates></Point>
  </Placemark>
  <Placemark id="censo_infona_2022.626">
	<ExtendedData><SchemaData schemaUrl="#censo_infona_2022">
		<SimpleData name="Nº">626</SimpleData>
		<SimpleData name="Nombre_Com">Yvyra ro</SimpleData>
		<SimpleData name="X">437461</SimpleData>
		<SimpleData name="Y">7203751</SimpleData>
	</SchemaData></ExtendedData>
      <Point><coordinates>-57.6211663784166,-25.2813716382151</coordinates></Point>
  </Placemark>
  <Placemark id="censo_infona_2022.627">
	<ExtendedData><SchemaData schemaUrl="#censo_infona_2022">
		<SimpleData name="Nº">627</SimpleData>
		<SimpleData name="Nombre_Com">Tajy rosado</SimpleData>
		<SimpleData name="X">437460</SimpleData>
		<SimpleData name="Y">7203750</SimpleData>
	</SchemaData></ExtendedData>
      <Point><coordinates>-57.6211763564063,-25.2813806266197</coordinates></Point>
  </Placemark>
  <Placemark id="censo_infona_2022.628">
	<ExtendedData><SchemaData schemaUrl="#censo_infona_2022">
		<SimpleData name="Nº">628</SimpleData>
		<SimpleData name="Nombre_Com">Yvyra ro</SimpleData>
		<SimpleData name="X">437460</SimpleData>
		<SimpleData name="Y">7203751</SimpleData>
	</SchemaData></ExtendedData>
      <Point><coordinates>-57.6211763104189,-25.2813715964034</coordinates></Point>
  </Placemark>
  <Placemark id="censo_infona_2022.629">
	<ExtendedData><SchemaData schemaUrl="#censo_infona_2022">
		<SimpleData name="Nº">629</SimpleData>
		<SimpleData name="Nombre_Com">Yvyra ju</SimpleData>
		<SimpleData name="X">437461</SimpleData>
		<SimpleData name="Y">7203744</SimpleData>
	</SchemaData></ExtendedData>
      <Point><coordinates>-57.621166700324,-25.2814348497285</coordinates></Point>
  </Placemark>
  <Placemark id="censo_infona_2022.630">
	<ExtendedData><SchemaData schemaUrl="#censo_infona_2022">
		<SimpleData name="Nº">630</SimpleData>
		<SimpleData name="Nombre_Com">Yvyra pyta</SimpleData>
		<SimpleData name="X">437454</SimpleData>
		<SimpleData name="Y">7203745</SimpleData>
	</SchemaData></ExtendedData>
      <Point><coordinates>-57.6212361783838,-25.2814255268162</coordinates></Point>
  </Placemark>
  <Placemark id="censo_infona_2022.631">
	<ExtendedData><SchemaData schemaUrl="#censo_infona_2022">
		<SimpleData name="Nº">631</SimpleData>
		<SimpleData name="Nombre_Com">Tajy rosado</SimpleData>
		<SimpleData name="X">437455</SimpleData>
		<SimpleData name="Y">7203744</SimpleData>
	</SchemaData></ExtendedData>
      <Point><coordinates>-57.6212262923685,-25.281434598848</coordinates></Point>
  </Placemark>
  <Placemark id="censo_infona_2022.632">
	<ExtendedData><SchemaData schemaUrl="#censo_infona_2022">
		<SimpleData name="Nº">632</SimpleData>
		<SimpleData name="Nombre_Com">Tajy rosado</SimpleData>
		<SimpleData name="X">437456</SimpleData>
		<SimpleData name="Y">7203745</SimpleData>
	</SchemaData></ExtendedData>
      <Point><coordinates>-57.6212163143706,-25.281425610447</coordinates></Point>
  </Placemark>
  <Placemark id="censo_infona_2022.633">
	<ExtendedData><SchemaData schemaUrl="#censo_infona_2022">
		<SimpleData name="Nº">633</SimpleData>
		<SimpleData name="Nombre_Com">Eucalipto</SimpleData>
		<SimpleData name="X">437430</SimpleData>
		<SimpleData name="Y">7203647</SimpleData>
	</SchemaData></ExtendedData>
      <Point><coordinates>-57.6214790555848,-25.2823094841181</coordinates></Point>
  </Placemark>
  <Placemark id="censo_infona_2022.634">
	<ExtendedData><SchemaData schemaUrl="#censo_infona_2022">
		<SimpleData name="Nº">634</SimpleData>
		<SimpleData name="Nombre_Com">Tajy hu</SimpleData>
		<SimpleData name="X">437429</SimpleData>
		<SimpleData name="Y">7203649</SimpleData>
	</SchemaData></ExtendedData>
      <Point><coordinates>-57.6214888956379,-25.2822913818548</coordinates></Point>
  </Placemark>
  <Placemark id="censo_infona_2022.635">
	<ExtendedData><SchemaData schemaUrl="#censo_infona_2022">
		<SimpleData name="Nº">635</SimpleData>
		<SimpleData name="Nombre_Com">Eucalipto</SimpleData>
		<SimpleData name="X">437425</SimpleData>
		<SimpleData name="Y">7203644</SimpleData>
	</SchemaData></ExtendedData>
      <Point><coordinates>-57.6215288540216,-25.2823363655842</coordinates></Point>
  </Placemark>
  <Placemark id="censo_infona_2022.636">
	<ExtendedData><SchemaData schemaUrl="#censo_infona_2022">
		<SimpleData name="Nº">636</SimpleData>
		<SimpleData name="Nombre_Com">Eucalipto</SimpleData>
		<SimpleData name="X">437425</SimpleData>
		<SimpleData name="Y">7203640</SimpleData>
	</SchemaData></ExtendedData>
      <Point><coordinates>-57.6215290380839,-25.2823724864418</coordinates></Point>
  </Placemark>
  <Placemark id="censo_infona_2022.637">
	<ExtendedData><SchemaData schemaUrl="#censo_infona_2022">
		<SimpleData name="Nº">637</SimpleData>
		<SimpleData name="Nombre_Com">Eucalipto</SimpleData>
		<SimpleData name="X">437425</SimpleData>
		<SimpleData name="Y">7203638</SimpleData>
	</SchemaData></ExtendedData>
      <Point><coordinates>-57.6215291301152,-25.2823905468706</coordinates></Point>
  </Placemark>
  <Placemark id="censo_infona_2022.638">
	<ExtendedData><SchemaData schemaUrl="#censo_infona_2022">
		<SimpleData name="Nº">638</SimpleData>
		<SimpleData name="Nombre_Com">Eucalipto</SimpleData>
		<SimpleData name="X">437428</SimpleData>
		<SimpleData name="Y">7203632</SimpleData>
	</SchemaData></ExtendedData>
      <Point><coordinates>-57.6214996099425,-25.2824448536658</coordinates></Point>
  </Placemark>
  <Placemark id="censo_infona_2022.639">
	<ExtendedData><SchemaData schemaUrl="#censo_infona_2022">
		<SimpleData name="Nº">639</SimpleData>
		<SimpleData name="Nombre_Com">Yvyra ju</SimpleData>
		<SimpleData name="X">437426</SimpleData>
		<SimpleData name="Y">7203627</SimpleData>
	</SchemaData></ExtendedData>
      <Point><coordinates>-57.6215197041962,-25.2824899210651</coordinates></Point>
  </Placemark>
  <Placemark id="censo_infona_2022.640">
	<ExtendedData><SchemaData schemaUrl="#censo_infona_2022">
		<SimpleData name="Nº">640</SimpleData>
		<SimpleData name="Nombre_Com">Eucalipto</SimpleData>
		<SimpleData name="X">437426</SimpleData>
		<SimpleData name="Y">7203620</SimpleData>
	</SchemaData></ExtendedData>
      <Point><coordinates>-57.621520026303,-25.2825531325647</coordinates></Point>
  </Placemark>
  <Placemark id="censo_infona_2022.641">
	<ExtendedData><SchemaData schemaUrl="#censo_infona_2022">
		<SimpleData name="Nº">641</SimpleData>
		<SimpleData name="Nombre_Com">Karanda'y</SimpleData>
		<SimpleData name="X">437434</SimpleData>
		<SimpleData name="Y">7203620</SimpleData>
	</SchemaData></ExtendedData>
      <Point><coordinates>-57.6214405695194,-25.2825534672387</coordinates></Point>
  </Placemark>
  <Placemark id="censo_infona_2022.642">
	<ExtendedData><SchemaData schemaUrl="#censo_infona_2022">
		<SimpleData name="Nº">642</SimpleData>
		<SimpleData name="Nombre_Com">Tajy hu</SimpleData>
		<SimpleData name="X">437444</SimpleData>
		<SimpleData name="Y">7203622</SimpleData>
	</SchemaData></ExtendedData>
      <Point><coordinates>-57.6213411565337,-25.2825358250919</coordinates></Point>
  </Placemark>
  <Placemark id="censo_infona_2022.643">
	<ExtendedData><SchemaData schemaUrl="#censo_infona_2022">
		<SimpleData name="Nº">643</SimpleData>
		<SimpleData name="Nombre_Com">Karanda'y</SimpleData>
		<SimpleData name="X">437458</SimpleData>
		<SimpleData name="Y">7203621</SimpleData>
	</SchemaData></ExtendedData>
      <Point><coordinates>-57.6212021531682,-25.282545440789</coordinates></Point>
  </Placemark>
  <Placemark id="censo_infona_2022.644">
	<ExtendedData><SchemaData schemaUrl="#censo_infona_2022">
		<SimpleData name="Nº">644</SimpleData>
		<SimpleData name="Nombre_Com">Tajy hu</SimpleData>
		<SimpleData name="X">437451</SimpleData>
		<SimpleData name="Y">7203622</SimpleData>
	</SchemaData></ExtendedData>
      <Point><coordinates>-57.6212716318556,-25.2825361178494</coordinates></Point>
  </Placemark>
  <Placemark id="censo_infona_2022.645">
	<ExtendedData><SchemaData schemaUrl="#censo_infona_2022">
		<SimpleData name="Nº">645</SimpleData>
		<SimpleData name="Nombre_Com">Tajy hu</SimpleData>
		<SimpleData name="X">437450</SimpleData>
		<SimpleData name="Y">7203623</SimpleData>
	</SchemaData></ExtendedData>
      <Point><coordinates>-57.6212815179549,-25.2825270458143</coordinates></Point>
  </Placemark>
  <Placemark id="censo_infona_2022.646">
	<ExtendedData><SchemaData schemaUrl="#censo_infona_2022">
		<SimpleData name="Nº">646</SimpleData>
		<SimpleData name="Nombre_Com">Yvyra pyta</SimpleData>
		<SimpleData name="X">437443</SimpleData>
		<SimpleData name="Y">7203632</SimpleData>
	</SchemaData></ExtendedData>
      <Point><coordinates>-57.6213506286037,-25.2824454811211</coordinates></Point>
  </Placemark>
  <Placemark id="censo_infona_2022.647">
	<ExtendedData><SchemaData schemaUrl="#censo_infona_2022">
		<SimpleData name="Nº">647</SimpleData>
		<SimpleData name="Nombre_Com">Tajy hu</SimpleData>
		<SimpleData name="X">437443</SimpleData>
		<SimpleData name="Y">7203637</SimpleData>
	</SchemaData></ExtendedData>
      <Point><coordinates>-57.6213503985911,-25.2824003300479</coordinates></Point>
  </Placemark>
  <Placemark id="censo_infona_2022.648">
	<ExtendedData><SchemaData schemaUrl="#censo_infona_2022">
		<SimpleData name="Nº">648</SimpleData>
		<SimpleData name="Nombre_Com">Tajy hu</SimpleData>
		<SimpleData name="X">437454</SimpleData>
		<SimpleData name="Y">7203637</SimpleData>
	</SchemaData></ExtendedData>
      <Point><coordinates>-57.6212411456466,-25.2824007900854</coordinates></Point>
  </Placemark>
  <Placemark id="censo_infona_2022.649">
	<ExtendedData><SchemaData schemaUrl="#censo_infona_2022">
		<SimpleData name="Nº">649</SimpleData>
		<SimpleData name="Nombre_Com">Tajy hu</SimpleData>
		<SimpleData name="X">437451</SimpleData>
		<SimpleData name="Y">7203640</SimpleData>
	</SchemaData></ExtendedData>
      <Point><coordinates>-57.6212708039148,-25.2823735739842</coordinates></Point>
  </Placemark>
  <Placemark id="censo_infona_2022.650">
	<ExtendedData><SchemaData schemaUrl="#censo_infona_2022">
		<SimpleData name="Nº">650</SimpleData>
		<SimpleData name="Nombre_Com">Tajy hu</SimpleData>
		<SimpleData name="X">437427</SimpleData>
		<SimpleData name="Y">7203606</SimpleData>
	</SchemaData></ExtendedData>
      <Point><coordinates>-57.6215107384117,-25.2826795973991</coordinates></Point>
  </Placemark>
  <Placemark id="censo_infona_2022.651">
	<ExtendedData><SchemaData schemaUrl="#censo_infona_2022">
		<SimpleData name="Nº">651</SimpleData>
		<SimpleData name="Nombre_Com">Tajy hu</SimpleData>
		<SimpleData name="X">437421</SimpleData>
		<SimpleData name="Y">7203598</SimpleData>
	</SchemaData></ExtendedData>
      <Point><coordinates>-57.6215706992156,-25.2827515880794</coordinates></Point>
  </Placemark>
  <Placemark id="censo_infona_2022.652">
	<ExtendedData><SchemaData schemaUrl="#censo_infona_2022">
		<SimpleData name="Nº">652</SimpleData>
		<SimpleData name="Nombre_Com">Chivato</SimpleData>
		<SimpleData name="X">437431</SimpleData>
		<SimpleData name="Y">7203591</SimpleData>
	</SchemaData></ExtendedData>
      <Point><coordinates>-57.6214717001608,-25.2828152179502</coordinates></Point>
  </Placemark>
  <Placemark id="censo_infona_2022.653">
	<ExtendedData><SchemaData schemaUrl="#censo_infona_2022">
		<SimpleData name="Nº">653</SimpleData>
		<SimpleData name="Nombre_Com">Yvyra pyta</SimpleData>
		<SimpleData name="X">437427</SimpleData>
		<SimpleData name="Y">7203582</SimpleData>
	</SchemaData></ExtendedData>
      <Point><coordinates>-57.6215118427759,-25.2828963225331</coordinates></Point>
  </Placemark>
  <Placemark id="censo_infona_2022.654">
	<ExtendedData><SchemaData schemaUrl="#censo_infona_2022">
		<SimpleData name="Nº">654</SimpleData>
		<SimpleData name="Nombre_Com">Tajy hu</SimpleData>
		<SimpleData name="X">437431</SimpleData>
		<SimpleData name="Y">7203582</SimpleData>
	</SchemaData></ExtendedData>
      <Point><coordinates>-57.6214721142724,-25.2828964898753</coordinates></Point>
  </Placemark>
  <Placemark id="censo_infona_2022.655">
	<ExtendedData><SchemaData schemaUrl="#censo_infona_2022">
		<SimpleData name="Nº">655</SimpleData>
		<SimpleData name="Nombre_Com">Yvyra ju</SimpleData>
		<SimpleData name="X">437435</SimpleData>
		<SimpleData name="Y">7203580</SimpleData>
	</SchemaData></ExtendedData>
      <Point><coordinates>-57.6214324777877,-25.2829147176347</coordinates></Point>
  </Placemark>
  <Placemark id="censo_infona_2022.656">
	<ExtendedData><SchemaData schemaUrl="#censo_infona_2022">
		<SimpleData name="Nº">656</SimpleData>
		<SimpleData name="Nombre_Com">Tajy hu</SimpleData>
		<SimpleData name="X">437441</SimpleData>
		<SimpleData name="Y">7203584</SimpleData>
	</SchemaData></ExtendedData>
      <Point><coordinates>-57.6213727010019,-25.282878847756</coordinates></Point>
  </Placemark>
  <Placemark id="censo_infona_2022.657">
	<ExtendedData><SchemaData schemaUrl="#censo_infona_2022">
		<SimpleData name="Nº">657</SimpleData>
		<SimpleData name="Nombre_Com">Yvyra pyta</SimpleData>
		<SimpleData name="X">437446</SimpleData>
		<SimpleData name="Y">7203580</SimpleData>
	</SchemaData></ExtendedData>
      <Point><coordinates>-57.6213232243842,-25.2829151777416</coordinates></Point>
  </Placemark>
  <Placemark id="censo_infona_2022.658">
	<ExtendedData><SchemaData schemaUrl="#censo_infona_2022">
		<SimpleData name="Nº">658</SimpleData>
		<SimpleData name="Nombre_Com">Yvyra ju</SimpleData>
		<SimpleData name="X">437457</SimpleData>
		<SimpleData name="Y">7203587</SimpleData>
	</SchemaData></ExtendedData>
      <Point><coordinates>-57.6212136490245,-25.2828524262674</coordinates></Point>
  </Placemark>
  <Placemark id="censo_infona_2022.659">
	<ExtendedData><SchemaData schemaUrl="#censo_infona_2022">
		<SimpleData name="Nº">659</SimpleData>
		<SimpleData name="Nombre_Com">Grevilea</SimpleData>
		<SimpleData name="X">437457</SimpleData>
		<SimpleData name="Y">7203586</SimpleData>
	</SchemaData></ExtendedData>
      <Point><coordinates>-57.6212136950178,-25.2828614564818</coordinates></Point>
  </Placemark>
  <Placemark id="censo_infona_2022.660">
	<ExtendedData><SchemaData schemaUrl="#censo_infona_2022">
		<SimpleData name="Nº">660</SimpleData>
		<SimpleData name="Nombre_Com">Yvyra pyta</SimpleData>
		<SimpleData name="X">437458</SimpleData>
		<SimpleData name="Y">7203588</SimpleData>
	</SchemaData></ExtendedData>
      <Point><coordinates>-57.6212036709091,-25.2828434378695</coordinates></Point>
  </Placemark>
  <Placemark id="censo_infona_2022.661">
	<ExtendedData><SchemaData schemaUrl="#censo_infona_2022">
		<SimpleData name="Nº">661</SimpleData>
		<SimpleData name="Nombre_Com">Tajy hu</SimpleData>
		<SimpleData name="X">437457</SimpleData>
		<SimpleData name="Y">7203587</SimpleData>
	</SchemaData></ExtendedData>
      <Point><coordinates>-57.6212136490245,-25.2828524262674</coordinates></Point>
  </Placemark>
  <Placemark id="censo_infona_2022.662">
	<ExtendedData><SchemaData schemaUrl="#censo_infona_2022">
		<SimpleData name="Nº">662</SimpleData>
		<SimpleData name="Nombre_Com">Tajy hu</SimpleData>
		<SimpleData name="X">437464</SimpleData>
		<SimpleData name="Y">7203601</SimpleData>
	</SchemaData></ExtendedData>
      <Point><coordinates>-57.6211434803326,-25.2827262959647</coordinates></Point>
  </Placemark>
  <Placemark id="censo_infona_2022.663">
	<ExtendedData><SchemaData schemaUrl="#censo_infona_2022">
		<SimpleData name="Nº">663</SimpleData>
		<SimpleData name="Nombre_Com">Tajy hu</SimpleData>
		<SimpleData name="X">437458</SimpleData>
		<SimpleData name="Y">7203601</SimpleData>
	</SchemaData></ExtendedData>
      <Point><coordinates>-57.6212030730083,-25.2827260450816</coordinates></Point>
  </Placemark>
  <Placemark id="censo_infona_2022.664">
	<ExtendedData><SchemaData schemaUrl="#censo_infona_2022">
		<SimpleData name="Nº">664</SimpleData>
		<SimpleData name="Nombre_Com">Tajy hu</SimpleData>
		<SimpleData name="X">437452</SimpleData>
		<SimpleData name="Y">7203600</SimpleData>
	</SchemaData></ExtendedData>
      <Point><coordinates>-57.6212627116798,-25.2827348243889</coordinates></Point>
  </Placemark>
  <Placemark id="censo_infona_2022.665">
	<ExtendedData><SchemaData schemaUrl="#censo_infona_2022">
		<SimpleData name="Nº">665</SimpleData>
		<SimpleData name="Nombre_Com">Ficus enormis</SimpleData>
		<SimpleData name="X">437443</SimpleData>
		<SimpleData name="Y">7203604</SimpleData>
	</SchemaData></ExtendedData>
      <Point><coordinates>-57.6213519166843,-25.2826983271259</coordinates></Point>
  </Placemark>
  <Placemark id="censo_infona_2022.666">
	<ExtendedData><SchemaData schemaUrl="#censo_infona_2022">
		<SimpleData name="Nº">666</SimpleData>
		<SimpleData name="Nombre_Com">Mora</SimpleData>
		<SimpleData name="X">437426</SimpleData>
		<SimpleData name="Y">7203573</SimpleData>
	</SchemaData></ExtendedData>
      <Point><coordinates>-57.6215221890482,-25.2829775526193</coordinates></Point>
  </Placemark>
  <Placemark id="censo_infona_2022.667">
	<ExtendedData><SchemaData schemaUrl="#censo_infona_2022">
		<SimpleData name="Nº">667</SimpleData>
		<SimpleData name="Nombre_Com">Yvyra ro</SimpleData>
		<SimpleData name="X">437425</SimpleData>
		<SimpleData name="Y">7203572</SimpleData>
	</SchemaData></ExtendedData>
      <Point><coordinates>-57.6215321671977,-25.2829865409949</coordinates></Point>
  </Placemark>
  <Placemark id="censo_infona_2022.668">
	<ExtendedData><SchemaData schemaUrl="#censo_infona_2022">
		<SimpleData name="Nº">668</SimpleData>
		<SimpleData name="Nombre_Com">Tajy rosado</SimpleData>
		<SimpleData name="X">437420</SimpleData>
		<SimpleData name="Y">7203569</SimpleData>
	</SchemaData></ExtendedData>
      <Point><coordinates>-57.6215819659256,-25.2830134224352</coordinates></Point>
  </Placemark>
  <Placemark id="censo_infona_2022.669">
	<ExtendedData><SchemaData schemaUrl="#censo_infona_2022">
		<SimpleData name="Nº">669</SimpleData>
		<SimpleData name="Nombre_Com">Yvyra ro</SimpleData>
		<SimpleData name="X">437421</SimpleData>
		<SimpleData name="Y">7203570</SimpleData>
	</SchemaData></ExtendedData>
      <Point><coordinates>-57.6215719877703,-25.2830044340631</coordinates></Point>
  </Placemark>
  <Placemark id="censo_infona_2022.670">
	<ExtendedData><SchemaData schemaUrl="#censo_infona_2022">
		<SimpleData name="Nº">670</SimpleData>
		<SimpleData name="Nombre_Com">Mango</SimpleData>
		<SimpleData name="X">437415</SimpleData>
		<SimpleData name="Y">7203567</SimpleData>
	</SchemaData></ExtendedData>
      <Point><coordinates>-57.6216317186506,-25.2830312736447</coordinates></Point>
  </Placemark>
  <Placemark id="censo_infona_2022.671">
	<ExtendedData><SchemaData schemaUrl="#censo_infona_2022">
		<SimpleData name="Nº">671</SimpleData>
		<SimpleData name="Nombre_Com">Lluvia de oro</SimpleData>
		<SimpleData name="X">437450</SimpleData>
		<SimpleData name="Y">7203744</SimpleData>
	</SchemaData></ExtendedData>
      <Point><coordinates>-57.6212759524049,-25.2814343897625</coordinates></Point>
  </Placemark>
  <Placemark id="censo_infona_2022.672">
	<ExtendedData><SchemaData schemaUrl="#censo_infona_2022">
		<SimpleData name="Nº">672</SimpleData>
		<SimpleData name="Nombre_Com">Lluvia de oro</SimpleData>
		<SimpleData name="X">437451</SimpleData>
		<SimpleData name="Y">7203744</SimpleData>
	</SchemaData></ExtendedData>
      <Point><coordinates>-57.6212660203977,-25.281434431581</coordinates></Point>
  </Placemark>
  <Placemark id="censo_infona_2022.673">
	<ExtendedData><SchemaData schemaUrl="#censo_infona_2022">
		<SimpleData name="Nº">673</SimpleData>
		<SimpleData name="Nombre_Com">Yvyra ro</SimpleData>
		<SimpleData name="X">437447</SimpleData>
		<SimpleData name="Y">7203747</SimpleData>
	</SchemaData></ExtendedData>
      <Point><coordinates>-57.6213056104352,-25.2814071736554</coordinates></Point>
  </Placemark>
  <Placemark id="censo_infona_2022.674">
	<ExtendedData><SchemaData schemaUrl="#censo_infona_2022">
		<SimpleData name="Nº">674</SimpleData>
		<SimpleData name="Nombre_Com">Yvyra ro</SimpleData>
		<SimpleData name="X">437447</SimpleData>
		<SimpleData name="Y">7203748</SimpleData>
	</SchemaData></ExtendedData>
      <Point><coordinates>-57.6213055644381,-25.2813981434395</coordinates></Point>
  </Placemark>
  <Placemark id="censo_infona_2022.675">
	<ExtendedData><SchemaData schemaUrl="#censo_infona_2022">
		<SimpleData name="Nº">675</SimpleData>
		<SimpleData name="Nombre_Com">Mbokaja</SimpleData>
		<SimpleData name="X">437447</SimpleData>
		<SimpleData name="Y">7203745</SimpleData>
	</SchemaData></ExtendedData>
      <Point><coordinates>-57.6213057024294,-25.2814252340873</coordinates></Point>
  </Placemark>
  <Placemark id="censo_infona_2022.676">
	<ExtendedData><SchemaData schemaUrl="#censo_infona_2022">
		<SimpleData name="Nº">676</SimpleData>
		<SimpleData name="Nombre_Com">Karanda'y</SimpleData>
		<SimpleData name="X">437448</SimpleData>
		<SimpleData name="Y">7203745</SimpleData>
	</SchemaData></ExtendedData>
      <Point><coordinates>-57.6212957704229,-25.2814252759077</coordinates></Point>
  </Placemark>
  <Placemark id="censo_infona_2022.677">
	<ExtendedData><SchemaData schemaUrl="#censo_infona_2022">
		<SimpleData name="Nº">677</SimpleData>
		<SimpleData name="Nombre_Com">Mbokaja</SimpleData>
		<SimpleData name="X">437448</SimpleData>
		<SimpleData name="Y">7203746</SimpleData>
	</SchemaData></ExtendedData>
      <Point><coordinates>-57.6212957244265,-25.2814162456918</coordinates></Point>
  </Placemark>
  <Placemark id="censo_infona_2022.678">
	<ExtendedData><SchemaData schemaUrl="#censo_infona_2022">
		<SimpleData name="Nº">678</SimpleData>
		<SimpleData name="Nombre_Com">Yvyra ju</SimpleData>
		<SimpleData name="X">437449</SimpleData>
		<SimpleData name="Y">7203750</SimpleData>
	</SchemaData></ExtendedData>
      <Point><coordinates>-57.6212856084385,-25.2813801666475</coordinates></Point>
  </Placemark>
  <Placemark id="censo_infona_2022.679">
	<ExtendedData><SchemaData schemaUrl="#censo_infona_2022">
		<SimpleData name="Nº">679</SimpleData>
		<SimpleData name="Nombre_Com">Yvyra pyta</SimpleData>
		<SimpleData name="X">437442</SimpleData>
		<SimpleData name="Y">7203744</SimpleData>
	</SchemaData></ExtendedData>
      <Point><coordinates>-57.621355408462,-25.2814340551911</coordinates></Point>
  </Placemark>
  <Placemark id="censo_infona_2022.680">
	<ExtendedData><SchemaData schemaUrl="#censo_infona_2022">
		<SimpleData name="Nº">680</SimpleData>
		<SimpleData name="Nombre_Com">Eucalipto</SimpleData>
		<SimpleData name="X">437440</SimpleData>
		<SimpleData name="Y">7203740</SimpleData>
	</SchemaData></ExtendedData>
      <Point><coordinates>-57.6213754564855,-25.2814700924046</coordinates></Point>
  </Placemark>
  <Placemark id="censo_infona_2022.681">
	<ExtendedData><SchemaData schemaUrl="#censo_infona_2022">
		<SimpleData name="Nº">681</SimpleData>
		<SimpleData name="Nombre_Com">Yvyra ju</SimpleData>
		<SimpleData name="X">437450</SimpleData>
		<SimpleData name="Y">7203734</SimpleData>
	</SchemaData></ExtendedData>
      <Point><coordinates>-57.6212764123554,-25.2815246919218</coordinates></Point>
  </Placemark>
  <Placemark id="censo_infona_2022.682">
	<ExtendedData><SchemaData schemaUrl="#censo_infona_2022">
		<SimpleData name="Nº">682</SimpleData>
		<SimpleData name="Nombre_Com">Yvyra ju</SimpleData>
		<SimpleData name="X">437448</SimpleData>
		<SimpleData name="Y">7203731</SimpleData>
	</SchemaData></ExtendedData>
      <Point><coordinates>-57.6212964143745,-25.28155169893</coordinates></Point>
  </Placemark>
  <Placemark id="censo_infona_2022.683">
	<ExtendedData><SchemaData schemaUrl="#censo_infona_2022">
		<SimpleData name="Nº">683</SimpleData>
		<SimpleData name="Nombre_Com">Yvyra ju</SimpleData>
		<SimpleData name="X">437447</SimpleData>
		<SimpleData name="Y">7203730</SimpleData>
	</SchemaData></ExtendedData>
      <Point><coordinates>-57.6213063923887,-25.2815606873251</coordinates></Point>
  </Placemark>
  <Placemark id="censo_infona_2022.684">
	<ExtendedData><SchemaData schemaUrl="#censo_infona_2022">
		<SimpleData name="Nº">684</SimpleData>
		<SimpleData name="Nombre_Com">Tajy hu</SimpleData>
		<SimpleData name="X">437451</SimpleData>
		<SimpleData name="Y">7203723</SimpleData>
	</SchemaData></ExtendedData>
      <Point><coordinates>-57.6212669862808,-25.2816240661144</coordinates></Point>
  </Placemark>
  <Placemark id="censo_infona_2022.685">
	<ExtendedData><SchemaData schemaUrl="#censo_infona_2022">
		<SimpleData name="Nº">685</SimpleData>
		<SimpleData name="Nombre_Com">Eucalipto</SimpleData>
		<SimpleData name="X">437454</SimpleData>
		<SimpleData name="Y">7203721</SimpleData>
	</SchemaData></ExtendedData>
      <Point><coordinates>-57.6212372821976,-25.2816422519983</coordinates></Point>
  </Placemark>
  <Placemark id="censo_infona_2022.686">
	<ExtendedData><SchemaData schemaUrl="#censo_infona_2022">
		<SimpleData name="Nº">686</SimpleData>
		<SimpleData name="Nombre_Com">Tajy hu</SimpleData>
		<SimpleData name="X">437453</SimpleData>
		<SimpleData name="Y">7203715</SimpleData>
	</SchemaData></ExtendedData>
      <Point><coordinates>-57.6212474901817,-25.281696391476</coordinates></Point>
  </Placemark>
  <Placemark id="censo_infona_2022.687">
	<ExtendedData><SchemaData schemaUrl="#censo_infona_2022">
		<SimpleData name="Nº">687</SimpleData>
		<SimpleData name="Nombre_Com">Tajy hu</SimpleData>
		<SimpleData name="X">437455</SimpleData>
		<SimpleData name="Y">7203710</SimpleData>
	</SchemaData></ExtendedData>
      <Point><coordinates>-57.6212278560843,-25.2817416261877</coordinates></Point>
  </Placemark>
  <Placemark id="censo_infona_2022.688">
	<ExtendedData><SchemaData schemaUrl="#censo_infona_2022">
		<SimpleData name="Nº">688</SimpleData>
		<SimpleData name="Nombre_Com">Tajy hu</SimpleData>
		<SimpleData name="X">437459</SimpleData>
		<SimpleData name="Y">7203696</SimpleData>
	</SchemaData></ExtendedData>
      <Point><coordinates>-57.621188771804,-25.2818682164658</coordinates></Point>
  </Placemark>
  <Placemark id="censo_infona_2022.689">
	<ExtendedData><SchemaData schemaUrl="#censo_infona_2022">
		<SimpleData name="Nº">689</SimpleData>
		<SimpleData name="Nombre_Com">Eucalipto</SimpleData>
		<SimpleData name="X">437456</SimpleData>
		<SimpleData name="Y">7203687</SimpleData>
	</SchemaData></ExtendedData>
      <Point><coordinates>-57.6212189818573,-25.2819493629615</coordinates></Point>
  </Placemark>
  <Placemark id="censo_infona_2022.690">
	<ExtendedData><SchemaData schemaUrl="#censo_infona_2022">
		<SimpleData name="Nº">690</SimpleData>
		<SimpleData name="Nombre_Com">Tipa</SimpleData>
		<SimpleData name="X">437458</SimpleData>
		<SimpleData name="Y">7203682</SimpleData>
	</SchemaData></ExtendedData>
      <Point><coordinates>-57.6211993477106,-25.2819945976689</coordinates></Point>
  </Placemark>
  <Placemark id="censo_infona_2022.691">
	<ExtendedData><SchemaData schemaUrl="#censo_infona_2022">
		<SimpleData name="Nº">691</SimpleData>
		<SimpleData name="Nombre_Com">Eucalipto</SimpleData>
		<SimpleData name="X">437451</SimpleData>
		<SimpleData name="Y">7203678</SimpleData>
	</SchemaData></ExtendedData>
      <Point><coordinates>-57.6212690560635,-25.2820304258123</coordinates></Point>
  </Placemark>
  <Placemark id="censo_infona_2022.692">
	<ExtendedData><SchemaData schemaUrl="#censo_infona_2022">
		<SimpleData name="Nº">692</SimpleData>
		<SimpleData name="Nombre_Com">Yvyra ju</SimpleData>
		<SimpleData name="X">437472</SimpleData>
		<SimpleData name="Y">7203676</SimpleData>
	</SchemaData></ExtendedData>
      <Point><coordinates>-57.6210605748478,-25.2820493642997</coordinates></Point>
  </Placemark>
  <Placemark id="censo_infona_2022.693">
	<ExtendedData><SchemaData schemaUrl="#censo_infona_2022">
		<SimpleData name="Nº">693</SimpleData>
		<SimpleData name="Nombre_Com">Yvyra ju</SimpleData>
		<SimpleData name="X">437473</SimpleData>
		<SimpleData name="Y">7203674</SimpleData>
	</SchemaData></ExtendedData>
      <Point><coordinates>-57.6210507347491,-25.2820674665358</coordinates></Point>
  </Placemark>
  <Placemark id="censo_infona_2022.694">
	<ExtendedData><SchemaData schemaUrl="#censo_infona_2022">
		<SimpleData name="Nº">694</SimpleData>
		<SimpleData name="Nombre_Com">Yvyra ju</SimpleData>
		<SimpleData name="X">437473</SimpleData>
		<SimpleData name="Y">7203671</SimpleData>
	</SchemaData></ExtendedData>
      <Point><coordinates>-57.621050872688,-25.2820945571825</coordinates></Point>
  </Placemark>
  <Placemark id="censo_infona_2022.695">
	<ExtendedData><SchemaData schemaUrl="#censo_infona_2022">
		<SimpleData name="Nº">695</SimpleData>
		<SimpleData name="Nombre_Com">Tajy rosado</SimpleData>
		<SimpleData name="X">437472</SimpleData>
		<SimpleData name="Y">7203669</SimpleData>
	</SchemaData></ExtendedData>
      <Point><coordinates>-57.6210608967102,-25.2821125758086</coordinates></Point>
  </Placemark>
  <Placemark id="censo_infona_2022.696">
	<ExtendedData><SchemaData schemaUrl="#censo_infona_2022">
		<SimpleData name="Nº">696</SimpleData>
		<SimpleData name="Nombre_Com">Yvyra ju</SimpleData>
		<SimpleData name="X">437467</SimpleData>
		<SimpleData name="Y">7203667</SimpleData>
	</SchemaData></ExtendedData>
      <Point><coordinates>-57.6211106489925,-25.2821304272044</coordinates></Point>
  </Placemark>
  <Placemark id="censo_infona_2022.697">
	<ExtendedData><SchemaData schemaUrl="#censo_infona_2022">
		<SimpleData name="Nº">697</SimpleData>
		<SimpleData name="Nombre_Com">Laurel</SimpleData>
		<SimpleData name="X">437448</SimpleData>
		<SimpleData name="Y">7203670</SimpleData>
	</SchemaData></ExtendedData>
      <Point><coordinates>-57.6212992202144,-25.282102542073</coordinates></Point>
  </Placemark>
  <Placemark id="censo_infona_2022.698">
	<ExtendedData><SchemaData schemaUrl="#censo_infona_2022">
		<SimpleData name="Nº">698</SimpleData>
		<SimpleData name="Nombre_Com">Tajy hu</SimpleData>
		<SimpleData name="X">437451</SimpleData>
		<SimpleData name="Y">7203663</SimpleData>
	</SchemaData></ExtendedData>
      <Point><coordinates>-57.621269746001,-25.28216587904</coordinates></Point>
  </Placemark>
  <Placemark id="censo_infona_2022.699">
	<ExtendedData><SchemaData schemaUrl="#censo_infona_2022">
		<SimpleData name="Nº">699</SimpleData>
		<SimpleData name="Nombre_Com">Eucalipto</SimpleData>
		<SimpleData name="X">437442</SimpleData>
		<SimpleData name="Y">7203671</SimpleData>
	</SchemaData></ExtendedData>
      <Point><coordinates>-57.6213587665811,-25.2820932609178</coordinates></Point>
  </Placemark>
  <Placemark id="censo_infona_2022.700">
	<ExtendedData><SchemaData schemaUrl="#censo_infona_2022">
		<SimpleData name="Nº">700</SimpleData>
		<SimpleData name="Nombre_Com">Yvyra ro</SimpleData>
		<SimpleData name="X">437441</SimpleData>
		<SimpleData name="Y">7203670</SimpleData>
	</SchemaData></ExtendedData>
      <Point><coordinates>-57.621368744645,-25.2821022493071</coordinates></Point>
  </Placemark>
  <Placemark id="censo_infona_2022.701">
	<ExtendedData><SchemaData schemaUrl="#censo_infona_2022">
		<SimpleData name="Nº">701</SimpleData>
		<SimpleData name="Nombre_Com">Tipa</SimpleData>
		<SimpleData name="X">437445</SimpleData>
		<SimpleData name="Y">7203665</SimpleData>
	</SchemaData></ExtendedData>
      <Point><coordinates>-57.6213292464006,-25.2821475676811</coordinates></Point>
  </Placemark>
  <Placemark id="censo_infona_2022.702">
	<ExtendedData><SchemaData schemaUrl="#censo_infona_2022">
		<SimpleData name="Nº">702</SimpleData>
		<SimpleData name="Nombre_Com">Karanda'y</SimpleData>
		<SimpleData name="X">437447</SimpleData>
		<SimpleData name="Y">7203662</SimpleData>
	</SchemaData></ExtendedData>
      <Point><coordinates>-57.621309520267,-25.2821747419718</coordinates></Point>
  </Placemark>
  <Placemark id="censo_infona_2022.703">
	<ExtendedData><SchemaData schemaUrl="#censo_infona_2022">
		<SimpleData name="Nº">703</SimpleData>
		<SimpleData name="Nombre_Com">Yvyra pyta</SimpleData>
		<SimpleData name="X">437459</SimpleData>
		<SimpleData name="Y">7203657</SimpleData>
	</SchemaData></ExtendedData>
      <Point><coordinates>-57.6211905654069,-25.2822203948655</coordinates></Point>
  </Placemark>
  <Placemark id="censo_infona_2022.704">
	<ExtendedData><SchemaData schemaUrl="#censo_infona_2022">
		<SimpleData name="Nº">704</SimpleData>
		<SimpleData name="Nombre_Com">Mango</SimpleData>
		<SimpleData name="X">437430</SimpleData>
		<SimpleData name="Y">7203661</SimpleData>
	</SchemaData></ExtendedData>
      <Point><coordinates>-57.6214784114219,-25.2821830611132</coordinates></Point>
  </Placemark>
  <Placemark id="censo_infona_2022.705">
	<ExtendedData><SchemaData schemaUrl="#censo_infona_2022">
		<SimpleData name="Nº">705</SimpleData>
		<SimpleData name="Nombre_Com">Tajy rosado</SimpleData>
		<SimpleData name="X">437437</SimpleData>
		<SimpleData name="Y">7203658</SimpleData>
	</SchemaData></ExtendedData>
      <Point><coordinates>-57.6214090249658,-25.282210444576</coordinates></Point>
  </Placemark>
  <Placemark id="censo_infona_2022.706">
	<ExtendedData><SchemaData schemaUrl="#censo_infona_2022">
		<SimpleData name="Nº">706</SimpleData>
		<SimpleData name="Nombre_Com">Mango</SimpleData>
		<SimpleData name="X">437436</SimpleData>
		<SimpleData name="Y">7203657</SimpleData>
	</SchemaData></ExtendedData>
      <Point><coordinates>-57.6214190030431,-25.2822194329616</coordinates></Point>
  </Placemark>
  <Placemark id="censo_infona_2022.707">
	<ExtendedData><SchemaData schemaUrl="#censo_infona_2022">
		<SimpleData name="Nº">707</SimpleData>
		<SimpleData name="Nombre_Com">Mango</SimpleData>
		<SimpleData name="X">437435</SimpleData>
		<SimpleData name="Y">7203657</SimpleData>
	</SchemaData></ExtendedData>
      <Point><coordinates>-57.621428935114,-25.2822193911316</coordinates></Point>
  </Placemark>
  <Placemark id="censo_infona_2022.708">
	<ExtendedData><SchemaData schemaUrl="#censo_infona_2022">
		<SimpleData name="Nº">708</SimpleData>
		<SimpleData name="Nombre_Com">Eucalipto</SimpleData>
		<SimpleData name="X">437430</SimpleData>
		<SimpleData name="Y">7203652</SimpleData>
	</SchemaData></ExtendedData>
      <Point><coordinates>-57.6214788255262,-25.2822643330451</coordinates></Point>
  </Placemark>
  <Placemark id="censo_infona_2022.709">
	<ExtendedData><SchemaData schemaUrl="#censo_infona_2022">
		<SimpleData name="Nº">709</SimpleData>
		<SimpleData name="Nombre_Com">Tarumá</SimpleData>
		<SimpleData name="X">437415</SimpleData>
		<SimpleData name="Y">7203566</SimpleData>
	</SchemaData></ExtendedData>
      <Point><coordinates>-57.6216317646752,-25.2830403038581</coordinates></Point>
  </Placemark>
  <Placemark id="censo_infona_2022.710">
	<ExtendedData><SchemaData schemaUrl="#censo_infona_2022">
		<SimpleData name="Nº">710</SimpleData>
		<SimpleData name="Nombre_Com">Yvyra ju</SimpleData>
		<SimpleData name="X">437423</SimpleData>
		<SimpleData name="Y">7203569</SimpleData>
	</SchemaData></ExtendedData>
      <Point><coordinates>-57.6215521695198,-25.2830135479576</coordinates></Point>
  </Placemark>
  <Placemark id="censo_infona_2022.711">
	<ExtendedData><SchemaData schemaUrl="#censo_infona_2022">
		<SimpleData name="Nº">711</SimpleData>
		<SimpleData name="Nombre_Com">Tajy hu</SimpleData>
		<SimpleData name="X">437427</SimpleData>
		<SimpleData name="Y">7203569</SimpleData>
	</SchemaData></ExtendedData>
      <Point><coordinates>-57.6215124409785,-25.2830137153114</coordinates></Point>
  </Placemark>
  <Placemark id="censo_infona_2022.712">
	<ExtendedData><SchemaData schemaUrl="#censo_infona_2022">
		<SimpleData name="Nº">712</SimpleData>
		<SimpleData name="Nombre_Com">Yvyra ju</SimpleData>
		<SimpleData name="X">437442</SimpleData>
		<SimpleData name="Y">7203566</SimpleData>
	</SchemaData></ExtendedData>
      <Point><coordinates>-57.6213635969594,-25.2830414334345</coordinates></Point>
  </Placemark>
  <Placemark id="censo_infona_2022.713">
	<ExtendedData><SchemaData schemaUrl="#censo_infona_2022">
		<SimpleData name="Nº">713</SimpleData>
		<SimpleData name="Nombre_Com">Yvyra ju</SimpleData>
		<SimpleData name="X">437406</SimpleData>
		<SimpleData name="Y">7203546</SimpleData>
	</SchemaData></ExtendedData>
      <Point><coordinates>-57.6217220745394,-25.2832205314871</coordinates></Point>
  </Placemark>
  <Placemark id="censo_infona_2022.714">
	<ExtendedData><SchemaData schemaUrl="#censo_infona_2022">
		<SimpleData name="Nº">714</SimpleData>
		<SimpleData name="Nombre_Com">Pindó</SimpleData>
		<SimpleData name="X">437405</SimpleData>
		<SimpleData name="Y">7203554</SimpleData>
	</SchemaData></ExtendedData>
      <Point><coordinates>-57.6217316384326,-25.2831482479308</coordinates></Point>
  </Placemark>
  <Placemark id="censo_infona_2022.715">
	<ExtendedData><SchemaData schemaUrl="#censo_infona_2022">
		<SimpleData name="Nº">715</SimpleData>
		<SimpleData name="Nombre_Com">Pindó</SimpleData>
		<SimpleData name="X">437403</SimpleData>
		<SimpleData name="Y">7203557</SimpleData>
	</SchemaData></ExtendedData>
      <Point><coordinates>-57.6217513646234,-25.2831210735861</coordinates></Point>
  </Placemark>
  <Placemark id="censo_infona_2022.716">
	<ExtendedData><SchemaData schemaUrl="#censo_infona_2022">
		<SimpleData name="Nº">716</SimpleData>
		<SimpleData name="Nombre_Com">Yvyra ju</SimpleData>
		<SimpleData name="X">437400</SimpleData>
		<SimpleData name="Y">7203553</SimpleData>
	</SchemaData></ExtendedData>
      <Point><coordinates>-57.6217813451979,-25.2831570688751</coordinates></Point>
  </Placemark>
  <Placemark id="censo_infona_2022.717">
	<ExtendedData><SchemaData schemaUrl="#censo_infona_2022">
		<SimpleData name="Nº">717</SimpleData>
		<SimpleData name="Nombre_Com">Mbokaja</SimpleData>
		<SimpleData name="X">437499</SimpleData>
		<SimpleData name="Y">7203556</SimpleData>
	</SchemaData></ExtendedData>
      <Point><coordinates>-57.6207979246915,-25.283134118643</coordinates></Point>
  </Placemark>
  <Placemark id="censo_infona_2022.718">
	<ExtendedData><SchemaData schemaUrl="#censo_infona_2022">
		<SimpleData name="Nº">718</SimpleData>
		<SimpleData name="Nombre_Com">Tajy hu</SimpleData>
		<SimpleData name="X">437398</SimpleData>
		<SimpleData name="Y">7203568</SimpleData>
	</SchemaData></ExtendedData>
      <Point><coordinates>-57.6218005189324,-25.2830215319672</coordinates></Point>
  </Placemark>
  <Placemark id="censo_infona_2022.719">
	<ExtendedData><SchemaData schemaUrl="#censo_infona_2022">
		<SimpleData name="Nº">719</SimpleData>
		<SimpleData name="Nombre_Com">Yvyra ju</SimpleData>
		<SimpleData name="X">437400</SimpleData>
		<SimpleData name="Y">7203575</SimpleData>
	</SchemaData></ExtendedData>
      <Point><coordinates>-57.6217803324127,-25.2829584041864</coordinates></Point>
  </Placemark>
  <Placemark id="censo_infona_2022.720">
	<ExtendedData><SchemaData schemaUrl="#censo_infona_2022">
		<SimpleData name="Nº">720</SimpleData>
		<SimpleData name="Nombre_Com">Yvyra ro</SimpleData>
		<SimpleData name="X">437393</SimpleData>
		<SimpleData name="Y">7203576</SimpleData>
	</SchemaData></ExtendedData>
      <Point><coordinates>-57.6218498112842,-25.2829490809715</coordinates></Point>
  </Placemark>
  <Placemark id="censo_infona_2022.721">
	<ExtendedData><SchemaData schemaUrl="#censo_infona_2022">
		<SimpleData name="Nº">721</SimpleData>
		<SimpleData name="Nombre_Com">Tajy hu</SimpleData>
		<SimpleData name="X">437393</SimpleData>
		<SimpleData name="Y">7203583</SimpleData>
	</SchemaData></ExtendedData>
      <Point><coordinates>-57.6218494890007,-25.2828858694792</coordinates></Point>
  </Placemark>
  <Placemark id="censo_infona_2022.722">
	<ExtendedData><SchemaData schemaUrl="#censo_infona_2022">
		<SimpleData name="Nº">722</SimpleData>
		<SimpleData name="Nombre_Com">Tajy hu</SimpleData>
		<SimpleData name="X">437391</SimpleData>
		<SimpleData name="Y">7203586</SimpleData>
	</SchemaData></ExtendedData>
      <Point><coordinates>-57.6218692151238,-25.2828586951191</coordinates></Point>
  </Placemark>
  <Placemark id="censo_infona_2022.723">
	<ExtendedData><SchemaData schemaUrl="#censo_infona_2022">
		<SimpleData name="Nº">723</SimpleData>
		<SimpleData name="Nombre_Com">Yvyra ro</SimpleData>
		<SimpleData name="X">437390</SimpleData>
		<SimpleData name="Y">7203585</SimpleData>
	</SchemaData></ExtendedData>
      <Point><coordinates>-57.6218791932884,-25.2828676834711</coordinates></Point>
  </Placemark>
  <Placemark id="censo_infona_2022.724">
	<ExtendedData><SchemaData schemaUrl="#censo_infona_2022">
		<SimpleData name="Nº">724</SimpleData>
		<SimpleData name="Nombre_Com">Tajy hu</SimpleData>
		<SimpleData name="X">437392</SimpleData>
		<SimpleData name="Y">7203588</SimpleData>
	</SchemaData></ExtendedData>
      <Point><coordinates>-57.6218591909196,-25.2828406765532</coordinates></Point>
  </Placemark>
  <Placemark id="censo_infona_2022.725">
	<ExtendedData><SchemaData schemaUrl="#censo_infona_2022">
		<SimpleData name="Nº">725</SimpleData>
		<SimpleData name="Nombre_Com">Yvyra ju</SimpleData>
		<SimpleData name="X">437402</SimpleData>
		<SimpleData name="Y">7203580</SimpleData>
	</SchemaData></ExtendedData>
      <Point><coordinates>-57.6217602379823,-25.2829133368286</coordinates></Point>
  </Placemark>
  <Placemark id="censo_infona_2022.726">
	<ExtendedData><SchemaData schemaUrl="#censo_infona_2022">
		<SimpleData name="Nº">726</SimpleData>
		<SimpleData name="Nombre_Com">Pindó</SimpleData>
		<SimpleData name="X">437406</SimpleData>
		<SimpleData name="Y">7203576</SimpleData>
	</SchemaData></ExtendedData>
      <Point><coordinates>-57.621720693599,-25.2829496250914</coordinates></Point>
  </Placemark>
  <Placemark id="censo_infona_2022.727">
	<ExtendedData><SchemaData schemaUrl="#censo_infona_2022">
		<SimpleData name="Nº">727</SimpleData>
		<SimpleData name="Nombre_Com">Pindó</SimpleData>
		<SimpleData name="X">437406</SimpleData>
		<SimpleData name="Y">7203581</SimpleData>
	</SchemaData></ExtendedData>
      <Point><coordinates>-57.6217204634442,-25.2829044740244</coordinates></Point>
  </Placemark>
  <Placemark id="censo_infona_2022.728">
	<ExtendedData><SchemaData schemaUrl="#censo_infona_2022">
		<SimpleData name="Nº">728</SimpleData>
		<SimpleData name="Nombre_Com">Tajy hu</SimpleData>
		<SimpleData name="X">437407</SimpleData>
		<SimpleData name="Y">7203584</SimpleData>
	</SchemaData></ExtendedData>
      <Point><coordinates>-57.6217103932277,-25.2828774252347</coordinates></Point>
  </Placemark>
  <Placemark id="censo_infona_2022.729">
	<ExtendedData><SchemaData schemaUrl="#censo_infona_2022">
		<SimpleData name="Nº">729</SimpleData>
		<SimpleData name="Nombre_Com">Pindó</SimpleData>
		<SimpleData name="X">437409</SimpleData>
		<SimpleData name="Y">7203590</SimpleData>
	</SchemaData></ExtendedData>
      <Point><coordinates>-57.6216902528085,-25.2828233276526</coordinates></Point>
  </Placemark>
  <Placemark id="censo_infona_2022.730">
	<ExtendedData><SchemaData schemaUrl="#censo_infona_2022">
		<SimpleData name="Nº">730</SimpleData>
		<SimpleData name="Nombre_Com">Tajy hu</SimpleData>
		<SimpleData name="X">437411</SimpleData>
		<SimpleData name="Y">7203590</SimpleData>
	</SchemaData></ExtendedData>
      <Point><coordinates>-57.6216703885693,-25.2828234113489</coordinates></Point>
  </Placemark>
  <Placemark id="censo_infona_2022.731">
	<ExtendedData><SchemaData schemaUrl="#censo_infona_2022">
		<SimpleData name="Nº">731</SimpleData>
		<SimpleData name="Nombre_Com">Pindó</SimpleData>
		<SimpleData name="X">437411</SimpleData>
		<SimpleData name="Y">7203592</SimpleData>
	</SchemaData></ExtendedData>
      <Point><coordinates>-57.6216702965153,-25.2828053509216</coordinates></Point>
  </Placemark>
  <Placemark id="censo_infona_2022.732">
	<ExtendedData><SchemaData schemaUrl="#censo_infona_2022">
		<SimpleData name="Nº">732</SimpleData>
		<SimpleData name="Nombre_Com">Yvyra ro</SimpleData>
		<SimpleData name="X">437408</SimpleData>
		<SimpleData name="Y">7203593</SimpleData>
	</SchemaData></ExtendedData>
      <Point><coordinates>-57.6217000468404,-25.2827961951628</coordinates></Point>
  </Placemark>
  <Placemark id="censo_infona_2022.733">
	<ExtendedData><SchemaData schemaUrl="#censo_infona_2022">
		<SimpleData name="Nº">733</SimpleData>
		<SimpleData name="Nombre_Com">Tajy hu</SimpleData>
		<SimpleData name="X">437400</SimpleData>
		<SimpleData name="Y">7203529</SimpleData>
	</SchemaData></ExtendedData>
      <Point><coordinates>-57.6217824500667,-25.2833737939839</coordinates></Point>
  </Placemark>
  <Placemark id="censo_infona_2022.734">
	<ExtendedData><SchemaData schemaUrl="#censo_infona_2022">
		<SimpleData name="Nº">734</SimpleData>
		<SimpleData name="Nombre_Com">Tajy hu</SimpleData>
		<SimpleData name="X">437392</SimpleData>
		<SimpleData name="Y">7203589</SimpleData>
	</SchemaData></ExtendedData>
      <Point><coordinates>-57.6218591448785,-25.2828316463399</coordinates></Point>
  </Placemark>
  <Placemark id="censo_infona_2022.735">
	<ExtendedData><SchemaData schemaUrl="#censo_infona_2022">
		<SimpleData name="Nº">735</SimpleData>
		<SimpleData name="Nombre_Com">Yvyra ju</SimpleData>
		<SimpleData name="X">437389</SimpleData>
		<SimpleData name="Y">7203593</SimpleData>
	</SchemaData></ExtendedData>
      <Point><coordinates>-57.6218887570654,-25.2827953999034</coordinates></Point>
  </Placemark>
  <Placemark id="censo_infona_2022.736">
	<ExtendedData><SchemaData schemaUrl="#censo_infona_2022">
		<SimpleData name="Nº">736</SimpleData>
		<SimpleData name="Nombre_Com">Mango</SimpleData>
		<SimpleData name="X">437393</SimpleData>
		<SimpleData name="Y">7203593</SimpleData>
	</SchemaData></ExtendedData>
      <Point><coordinates>-57.6218490285977,-25.2827955673465</coordinates></Point>
  </Placemark>
  <Placemark id="censo_infona_2022.737">
	<ExtendedData><SchemaData schemaUrl="#censo_infona_2022">
		<SimpleData name="Nº">737</SimpleData>
		<SimpleData name="Nombre_Com">Aguai</SimpleData>
		<SimpleData name="X">437387</SimpleData>
		<SimpleData name="Y">7203607</SimpleData>
	</SchemaData></ExtendedData>
      <Point><coordinates>-57.6219079766769,-25.2826688931917</coordinates></Point>
  </Placemark>
  <Placemark id="censo_infona_2022.738">
	<ExtendedData><SchemaData schemaUrl="#censo_infona_2022">
		<SimpleData name="Nº">738</SimpleData>
		<SimpleData name="Nombre_Com">Yvyra ju</SimpleData>
		<SimpleData name="X">437384</SimpleData>
		<SimpleData name="Y">7203608</SimpleData>
	</SchemaData></ExtendedData>
      <Point><coordinates>-57.62193772695,-25.2826597373857</coordinates></Point>
  </Placemark>
  <Placemark id="censo_infona_2022.739">
	<ExtendedData><SchemaData schemaUrl="#censo_infona_2022">
		<SimpleData name="Nº">739</SimpleData>
		<SimpleData name="Nombre_Com">Yvyra ro</SimpleData>
		<SimpleData name="X">437383</SimpleData>
		<SimpleData name="Y">7203610</SimpleData>
	</SchemaData></ExtendedData>
      <Point><coordinates>-57.6219475669613,-25.2826416350935</coordinates></Point>
  </Placemark>
  <Placemark id="censo_infona_2022.740">
	<ExtendedData><SchemaData schemaUrl="#censo_infona_2022">
		<SimpleData name="Nº">740</SimpleData>
		<SimpleData name="Nombre_Com">Yvyra ju</SimpleData>
		<SimpleData name="X">437384</SimpleData>
		<SimpleData name="Y">7203611</SimpleData>
	</SchemaData></ExtendedData>
      <Point><coordinates>-57.6219375888106,-25.2826326467456</coordinates></Point>
  </Placemark>
  <Placemark id="censo_infona_2022.741">
	<ExtendedData><SchemaData schemaUrl="#censo_infona_2022">
		<SimpleData name="Nº">741</SimpleData>
		<SimpleData name="Nombre_Com">Yvyra ju</SimpleData>
		<SimpleData name="X">437385</SimpleData>
		<SimpleData name="Y">7203611</SimpleData>
	</SchemaData></ExtendedData>
      <Point><coordinates>-57.6219276567071,-25.2826326886104</coordinates></Point>
  </Placemark>
  <Placemark id="censo_infona_2022.742">
	<ExtendedData><SchemaData schemaUrl="#censo_infona_2022">
		<SimpleData name="Nº">742</SimpleData>
		<SimpleData name="Nombre_Com">Guapo'y</SimpleData>
		<SimpleData name="X">437389</SimpleData>
		<SimpleData name="Y">7203628</SimpleData>
	</SchemaData></ExtendedData>
      <Point><coordinates>-57.6218871455693,-25.2824793424326</coordinates></Point>
  </Placemark>
  <Placemark id="censo_infona_2022.743">
	<ExtendedData><SchemaData schemaUrl="#censo_infona_2022">
		<SimpleData name="Nº">743</SimpleData>
		<SimpleData name="Nombre_Com">Laurel hu</SimpleData>
		<SimpleData name="X">437389</SimpleData>
		<SimpleData name="Y">7203632</SimpleData>
	</SchemaData></ExtendedData>
      <Point><coordinates>-57.6218869614,-25.2824432215779</coordinates></Point>
  </Placemark>
  <Placemark id="censo_infona_2022.744">
	<ExtendedData><SchemaData schemaUrl="#censo_infona_2022">
		<SimpleData name="Nº">744</SimpleData>
		<SimpleData name="Nombre_Com">Lapacho amarillo</SimpleData>
		<SimpleData name="X">437386</SimpleData>
		<SimpleData name="Y">7203634</SimpleData>
	</SchemaData></ExtendedData>
      <Point><coordinates>-57.6219166655757,-25.2824250355632</coordinates></Point>
  </Placemark>
  <Placemark id="censo_infona_2022.745">
	<ExtendedData><SchemaData schemaUrl="#censo_infona_2022">
		<SimpleData name="Nº">745</SimpleData>
		<SimpleData name="Nombre_Com">Sisholobium parahyba</SimpleData>
		<SimpleData name="X">437388</SimpleData>
		<SimpleData name="Y">7203652</SimpleData>
	</SchemaData></ExtendedData>
      <Point><coordinates>-57.6218959726325,-25.2822625754403</coordinates></Point>
  </Placemark>
  <Placemark id="censo_infona_2022.746">
	<ExtendedData><SchemaData schemaUrl="#censo_infona_2022">
		<SimpleData name="Nº">746</SimpleData>
		<SimpleData name="Nombre_Com">Cipres Calvo</SimpleData>
		<SimpleData name="X">437389</SimpleData>
		<SimpleData name="Y">7203645</SimpleData>
	</SchemaData></ExtendedData>
      <Point><coordinates>-57.6218863628524,-25.2823258287989</coordinates></Point>
  </Placemark>
  <Placemark id="censo_infona_2022.747">
	<ExtendedData><SchemaData schemaUrl="#censo_infona_2022">
		<SimpleData name="Nº">747</SimpleData>
		<SimpleData name="Nombre_Com">Yvyra ju</SimpleData>
		<SimpleData name="X">437387</SimpleData>
		<SimpleData name="Y">7203655</SimpleData>
	</SchemaData></ExtendedData>
      <Point><coordinates>-57.6219057665762,-25.2822354429365</coordinates></Point>
  </Placemark>
  <Placemark id="censo_infona_2022.748">
	<ExtendedData><SchemaData schemaUrl="#censo_infona_2022">
		<SimpleData name="Nº">748</SimpleData>
		<SimpleData name="Nombre_Com">Sisholobium parahyba</SimpleData>
		<SimpleData name="X">437395</SimpleData>
		<SimpleData name="Y">7203644</SimpleData>
	</SchemaData></ExtendedData>
      <Point><coordinates>-57.6218268164176,-25.2823351101682</coordinates></Point>
  </Placemark>
  <Placemark id="censo_infona_2022.749">
	<ExtendedData><SchemaData schemaUrl="#censo_infona_2022">
		<SimpleData name="Nº">749</SimpleData>
		<SimpleData name="Nombre_Com">Tajy hu</SimpleData>
		<SimpleData name="X">437393</SimpleData>
		<SimpleData name="Y">7203645</SimpleData>
	</SchemaData></ExtendedData>
      <Point><coordinates>-57.6218466345375,-25.2823259962385</coordinates></Point>
  </Placemark>
  <Placemark id="censo_infona_2022.750">
	<ExtendedData><SchemaData schemaUrl="#censo_infona_2022">
		<SimpleData name="Nº">750</SimpleData>
		<SimpleData name="Nombre_Com">Poma rosa</SimpleData>
		<SimpleData name="X">437390</SimpleData>
		<SimpleData name="Y">7203639</SimpleData>
	</SchemaData></ExtendedData>
      <Point><coordinates>-57.6218767070216,-25.2823800519427</coordinates></Point>
  </Placemark>
  <Placemark id="censo_infona_2022.751">
	<ExtendedData><SchemaData schemaUrl="#censo_infona_2022">
		<SimpleData name="Nº">751</SimpleData>
		<SimpleData name="Nombre_Com">Samu'u</SimpleData>
		<SimpleData name="X">437397</SimpleData>
		<SimpleData name="Y">7203637</SimpleData>
	</SchemaData></ExtendedData>
      <Point><coordinates>-57.6218072745119,-25.2823984053787</coordinates></Point>
  </Placemark>
  <Placemark id="censo_infona_2022.752">
	<ExtendedData><SchemaData schemaUrl="#censo_infona_2022">
		<SimpleData name="Nº">752</SimpleData>
		<SimpleData name="Nombre_Com">Yvyra ju</SimpleData>
		<SimpleData name="X">437404</SimpleData>
		<SimpleData name="Y">7203637</SimpleData>
	</SchemaData></ExtendedData>
      <Point><coordinates>-57.6217377499182,-25.2823986983544</coordinates></Point>
  </Placemark>
  <Placemark id="censo_infona_2022.753">
	<ExtendedData><SchemaData schemaUrl="#censo_infona_2022">
		<SimpleData name="Nº">753</SimpleData>
		<SimpleData name="Nombre_Com">Samu'u</SimpleData>
		<SimpleData name="X">437405</SimpleData>
		<SimpleData name="Y">7203637</SimpleData>
	</SchemaData></ExtendedData>
      <Point><coordinates>-57.6217278178334,-25.2823987402054</coordinates></Point>
  </Placemark>
  <Placemark id="censo_infona_2022.754">
	<ExtendedData><SchemaData schemaUrl="#censo_infona_2022">
		<SimpleData name="Nº">754</SimpleData>
		<SimpleData name="Nombre_Com">Tajy hu</SimpleData>
		<SimpleData name="X">437408</SimpleData>
		<SimpleData name="Y">7203648</SimpleData>
	</SchemaData></ExtendedData>
      <Point><coordinates>-57.6216975152698,-25.2822995333989</coordinates></Point>
  </Placemark>
  <Placemark id="censo_infona_2022.755">
	<ExtendedData><SchemaData schemaUrl="#censo_infona_2022">
		<SimpleData name="Nº">755</SimpleData>
		<SimpleData name="Nombre_Com">Yvyra ju</SimpleData>
		<SimpleData name="X">437411</SimpleData>
		<SimpleData name="Y">7203649</SimpleData>
	</SchemaData></ExtendedData>
      <Point><coordinates>-57.6216676730133,-25.2822906287271</coordinates></Point>
  </Placemark>
  <Placemark id="censo_infona_2022.756">
	<ExtendedData><SchemaData schemaUrl="#censo_infona_2022">
		<SimpleData name="Nº">756</SimpleData>
		<SimpleData name="Nombre_Com">Tajy hu</SimpleData>
		<SimpleData name="X">437410</SimpleData>
		<SimpleData name="Y">7203649</SimpleData>
	</SchemaData></ExtendedData>
      <Point><coordinates>-57.6216776050895,-25.2822905868803</coordinates></Point>
  </Placemark>
  <Placemark id="censo_infona_2022.757">
	<ExtendedData><SchemaData schemaUrl="#censo_infona_2022">
		<SimpleData name="Nº">757</SimpleData>
		<SimpleData name="Nombre_Com">Yvyra ju</SimpleData>
		<SimpleData name="X">437411</SimpleData>
		<SimpleData name="Y">7203637</SimpleData>
	</SchemaData></ExtendedData>
      <Point><coordinates>-57.6216682253236,-25.2823989912974</coordinates></Point>
  </Placemark>
  <Placemark id="censo_infona_2022.758">
	<ExtendedData><SchemaData schemaUrl="#censo_infona_2022">
		<SimpleData name="Nº">758</SimpleData>
		<SimpleData name="Nombre_Com">Yvyra ju</SimpleData>
		<SimpleData name="X">437410</SimpleData>
		<SimpleData name="Y">7203639</SimpleData>
	</SchemaData></ExtendedData>
      <Point><coordinates>-57.6216780653552,-25.2823808890221</coordinates></Point>
  </Placemark>
  <Placemark id="censo_infona_2022.759">
	<ExtendedData><SchemaData schemaUrl="#censo_infona_2022">
		<SimpleData name="Nº">759</SimpleData>
		<SimpleData name="Nombre_Com">Yvyra ro</SimpleData>
		<SimpleData name="X">437416</SimpleData>
		<SimpleData name="Y">7203638</SimpleData>
	</SchemaData></ExtendedData>
      <Point><coordinates>-57.6216185188758,-25.2823901703081</coordinates></Point>
  </Placemark>
  <Placemark id="censo_infona_2022.760">
	<ExtendedData><SchemaData schemaUrl="#censo_infona_2022">
		<SimpleData name="Nº">760</SimpleData>
		<SimpleData name="Nombre_Com">Tipa</SimpleData>
		<SimpleData name="X">437418</SimpleData>
		<SimpleData name="Y">7203630</SimpleData>
	</SchemaData></ExtendedData>
      <Point><coordinates>-57.6215990228742,-25.282462495707</coordinates></Point>
  </Placemark>
  <Placemark id="censo_infona_2022.761">
	<ExtendedData><SchemaData schemaUrl="#censo_infona_2022">
		<SimpleData name="Nº">761</SimpleData>
		<SimpleData name="Nombre_Com">Tajy hu</SimpleData>
		<SimpleData name="X">437397</SimpleData>
		<SimpleData name="Y">7203619</SimpleData>
	</SchemaData></ExtendedData>
      <Point><coordinates>-57.6218081031685,-25.2825609492269</coordinates></Point>
  </Placemark>
  <Placemark id="censo_infona_2022.762">
	<ExtendedData><SchemaData schemaUrl="#censo_infona_2022">
		<SimpleData name="Nº">762</SimpleData>
		<SimpleData name="Nombre_Com">Aguai</SimpleData>
		<SimpleData name="X">437393</SimpleData>
		<SimpleData name="Y">7203618</SimpleData>
	</SchemaData></ExtendedData>
      <Point><coordinates>-57.6218478775997,-25.2825698120099</coordinates></Point>
  </Placemark>
  <Placemark id="censo_infona_2022.763">
	<ExtendedData><SchemaData schemaUrl="#censo_infona_2022">
		<SimpleData name="Nº">763</SimpleData>
		<SimpleData name="Nombre_Com">Aguai</SimpleData>
		<SimpleData name="X">437393</SimpleData>
		<SimpleData name="Y">7203620</SimpleData>
	</SchemaData></ExtendedData>
      <Point><coordinates>-57.6218477855205,-25.2825517515826</coordinates></Point>
  </Placemark>
  <Placemark id="censo_infona_2022.764">
	<ExtendedData><SchemaData schemaUrl="#censo_infona_2022">
		<SimpleData name="Nº">764</SimpleData>
		<SimpleData name="Nombre_Com">Ñangapiry</SimpleData>
		<SimpleData name="X">437395</SimpleData>
		<SimpleData name="Y">7203619</SimpleData>
	</SchemaData></ExtendedData>
      <Point><coordinates>-57.6218279673643,-25.2825608655129</coordinates></Point>
  </Placemark>
  <Placemark id="censo_infona_2022.765">
	<ExtendedData><SchemaData schemaUrl="#censo_infona_2022">
		<SimpleData name="Nº">765</SimpleData>
		<SimpleData name="Nombre_Com">Samu'u</SimpleData>
		<SimpleData name="X">437397</SimpleData>
		<SimpleData name="Y">7203619</SimpleData>
	</SchemaData></ExtendedData>
      <Point><coordinates>-57.6218081031685,-25.2825609492269</coordinates></Point>
  </Placemark>
  <Placemark id="censo_infona_2022.766">
	<ExtendedData><SchemaData schemaUrl="#censo_infona_2022">
		<SimpleData name="Nº">766</SimpleData>
		<SimpleData name="Nombre_Com">Lapachillo</SimpleData>
		<SimpleData name="X">437397</SimpleData>
		<SimpleData name="Y">7203620</SimpleData>
	</SchemaData></ExtendedData>
      <Point><coordinates>-57.6218080571318,-25.2825519190132</coordinates></Point>
  </Placemark>
  <Placemark id="censo_infona_2022.767">
	<ExtendedData><SchemaData schemaUrl="#censo_infona_2022">
		<SimpleData name="Nº">767</SimpleData>
		<SimpleData name="Nombre_Com">Pindó</SimpleData>
		<SimpleData name="X">437397</SimpleData>
		<SimpleData name="Y">7203612</SimpleData>
	</SchemaData></ExtendedData>
      <Point><coordinates>-57.6218084254257,-25.2826241607224</coordinates></Point>
  </Placemark>
  <Placemark id="censo_infona_2022.768">
	<ExtendedData><SchemaData schemaUrl="#censo_infona_2022">
		<SimpleData name="Nº">768</SimpleData>
		<SimpleData name="Nombre_Com">Tajy hu</SimpleData>
		<SimpleData name="X">437406</SimpleData>
		<SimpleData name="Y">7203603</SimpleData>
	</SchemaData></ExtendedData>
      <Point><coordinates>-57.6217194507697,-25.2827058093266</coordinates></Point>
  </Placemark>
  <Placemark id="censo_infona_2022.769">
	<ExtendedData><SchemaData schemaUrl="#censo_infona_2022">
		<SimpleData name="Nº">769</SimpleData>
		<SimpleData name="Nombre_Com">Yvyra ju</SimpleData>
		<SimpleData name="X">437407</SimpleData>
		<SimpleData name="Y">7203604</SimpleData>
	</SchemaData></ExtendedData>
      <Point><coordinates>-57.6217094726301,-25.2826968209632</coordinates></Point>
  </Placemark>
  <Placemark id="censo_infona_2022.770">
	<ExtendedData><SchemaData schemaUrl="#censo_infona_2022">
		<SimpleData name="Nº">770</SimpleData>
		<SimpleData name="Nombre_Com">Tarumá</SimpleData>
		<SimpleData name="X">437403</SimpleData>
		<SimpleData name="Y">7203614</SimpleData>
	</SchemaData></ExtendedData>
      <Point><coordinates>-57.6217487407419,-25.2826063514215</coordinates></Point>
  </Placemark>
  <Placemark id="censo_infona_2022.771">
	<ExtendedData><SchemaData schemaUrl="#censo_infona_2022">
		<SimpleData name="Nº">771</SimpleData>
		<SimpleData name="Nombre_Com">Eucalipto</SimpleData>
		<SimpleData name="X">437413</SimpleData>
		<SimpleData name="Y">7203616</SimpleData>
	</SchemaData></ExtendedData>
      <Point><coordinates>-57.6216493276731,-25.2825887094842</coordinates></Point>
  </Placemark>
  <Placemark id="censo_infona_2022.772">
	<ExtendedData><SchemaData schemaUrl="#censo_infona_2022">
		<SimpleData name="Nº">772</SimpleData>
		<SimpleData name="Nombre_Com">Eucalipto</SimpleData>
		<SimpleData name="X">437421</SimpleData>
		<SimpleData name="Y">7203630</SimpleData>
	</SchemaData></ExtendedData>
      <Point><coordinates>-57.6215692266031,-25.2824626212302</coordinates></Point>
  </Placemark>
  <Placemark id="censo_infona_2022.773">
	<ExtendedData><SchemaData schemaUrl="#censo_infona_2022">
		<SimpleData name="Nº">773</SimpleData>
		<SimpleData name="Nombre_Com">Eucalipto</SimpleData>
		<SimpleData name="X">437417</SimpleData>
		<SimpleData name="Y">7203633</SimpleData>
	</SchemaData></ExtendedData>
      <Point><coordinates>-57.6216088168994,-25.282435363222</coordinates></Point>
  </Placemark>
  <Placemark id="censo_infona_2022.774">
	<ExtendedData><SchemaData schemaUrl="#censo_infona_2022">
		<SimpleData name="Nº">774</SimpleData>
		<SimpleData name="Nombre_Com">Eucalipto</SimpleData>
		<SimpleData name="X">437423</SimpleData>
		<SimpleData name="Y">7203640</SimpleData>
	</SchemaData></ExtendedData>
      <Point><coordinates>-57.6215489022502,-25.282372402766</coordinates></Point>
  </Placemark>
  <Placemark id="censo_infona_2022.775">
	<ExtendedData><SchemaData schemaUrl="#censo_infona_2022">
		<SimpleData name="Nº">775</SimpleData>
		<SimpleData name="Nombre_Com">Eucalipto</SimpleData>
		<SimpleData name="X">437416</SimpleData>
		<SimpleData name="Y">7203644</SimpleData>
	</SchemaData></ExtendedData>
      <Point><coordinates>-57.6216182427425,-25.2823359890225</coordinates></Point>
  </Placemark>
  <Placemark id="censo_infona_2022.776">
	<ExtendedData><SchemaData schemaUrl="#censo_infona_2022">
		<SimpleData name="Nº">776</SimpleData>
		<SimpleData name="Nombre_Com">Tajy hu</SimpleData>
		<SimpleData name="X">437417</SimpleData>
		<SimpleData name="Y">7203648</SimpleData>
	</SchemaData></ExtendedData>
      <Point><coordinates>-57.621608126577,-25.2822999100081</coordinates></Point>
  </Placemark>
  <Placemark id="censo_infona_2022.777">
	<ExtendedData><SchemaData schemaUrl="#censo_infona_2022">
		<SimpleData name="Nº">777</SimpleData>
		<SimpleData name="Nombre_Com">Yvyra ju</SimpleData>
		<SimpleData name="X">437416</SimpleData>
		<SimpleData name="Y">7203652</SimpleData>
	</SchemaData></ExtendedData>
      <Point><coordinates>-57.621617874566,-25.2822637473079</coordinates></Point>
  </Placemark>
  <Placemark id="censo_infona_2022.778">
	<ExtendedData><SchemaData schemaUrl="#censo_infona_2022">
		<SimpleData name="Nº">778</SimpleData>
		<SimpleData name="Nombre_Com">Eucalipto</SimpleData>
		<SimpleData name="X">437420</SimpleData>
		<SimpleData name="Y">7203651</SimpleData>
	</SchemaData></ExtendedData>
      <Point><coordinates>-57.6215781922884,-25.2822729448892</coordinates></Point>
  </Placemark>
  <Placemark id="censo_infona_2022.779">
	<ExtendedData><SchemaData schemaUrl="#censo_infona_2022">
		<SimpleData name="Nº">779</SimpleData>
		<SimpleData name="Nombre_Com">Yvyra ju</SimpleData>
		<SimpleData name="X">437414</SimpleData>
		<SimpleData name="Y">7203658</SimpleData>
	</SchemaData></ExtendedData>
      <Point><coordinates>-57.6216374625739,-25.2822094823342</coordinates></Point>
  </Placemark>
  <Placemark id="censo_infona_2022.780">
	<ExtendedData><SchemaData schemaUrl="#censo_infona_2022">
		<SimpleData name="Nº">780</SimpleData>
		<SimpleData name="Nombre_Com">Yvyra ro</SimpleData>
		<SimpleData name="X">437418</SimpleData>
		<SimpleData name="Y">7203661</SimpleData>
	</SchemaData></ExtendedData>
      <Point><coordinates>-57.621597596234,-25.2821825590625</coordinates></Point>
  </Placemark>
  <Placemark id="censo_infona_2022.781">
	<ExtendedData><SchemaData schemaUrl="#censo_infona_2022">
		<SimpleData name="Nº">781</SimpleData>
		<SimpleData name="Nombre_Com">Yvyra ju</SimpleData>
		<SimpleData name="X">437417</SimpleData>
		<SimpleData name="Y">7203660</SimpleData>
	</SchemaData></ExtendedData>
      <Point><coordinates>-57.6216075743226,-25.2821915474351</coordinates></Point>
  </Placemark>
  <Placemark id="censo_infona_2022.782">
	<ExtendedData><SchemaData schemaUrl="#censo_infona_2022">
		<SimpleData name="Nº">782</SimpleData>
		<SimpleData name="Nombre_Com">Tajy hu</SimpleData>
		<SimpleData name="X">437417</SimpleData>
		<SimpleData name="Y">7203666</SimpleData>
	</SchemaData></ExtendedData>
      <Point><coordinates>-57.6216072981966,-25.282137366148</coordinates></Point>
  </Placemark>
  <Placemark id="censo_infona_2022.783">
	<ExtendedData><SchemaData schemaUrl="#censo_infona_2022">
		<SimpleData name="Nº">783</SimpleData>
		<SimpleData name="Nombre_Com">Tajy hu</SimpleData>
		<SimpleData name="X">437432</SimpleData>
		<SimpleData name="Y">7203677</SimpleData>
	</SchemaData></ExtendedData>
      <Point><coordinates>-57.6214578111289,-25.2820386613415</coordinates></Point>
  </Placemark>
  <Placemark id="censo_infona_2022.784">
	<ExtendedData><SchemaData schemaUrl="#censo_infona_2022">
		<SimpleData name="Nº">784</SimpleData>
		<SimpleData name="Nombre_Com">Yvyra pyta</SimpleData>
		<SimpleData name="X">437433</SimpleData>
		<SimpleData name="Y">7203680</SimpleData>
	</SchemaData></ExtendedData>
      <Point><coordinates>-57.6214477410461,-25.2820116125282</coordinates></Point>
  </Placemark>
  <Placemark id="censo_infona_2022.785">
	<ExtendedData><SchemaData schemaUrl="#censo_infona_2022">
		<SimpleData name="Nº">785</SimpleData>
		<SimpleData name="Nombre_Com">Mango</SimpleData>
		<SimpleData name="X">437432</SimpleData>
		<SimpleData name="Y">7203680</SimpleData>
	</SchemaData></ExtendedData>
      <Point><coordinates>-57.6214576731,-25.2820115706967</coordinates></Point>
  </Placemark>
  <Placemark id="censo_infona_2022.786">
	<ExtendedData><SchemaData schemaUrl="#censo_infona_2022">
		<SimpleData name="Nº">786</SimpleData>
		<SimpleData name="Nombre_Com">Mango</SimpleData>
		<SimpleData name="X">437418</SimpleData>
		<SimpleData name="Y">7203683</SimpleData>
	</SchemaData></ExtendedData>
      <Point><coordinates>-57.6215965837927,-25.2819838943406</coordinates></Point>
  </Placemark>
  <Placemark id="censo_infona_2022.787">
	<ExtendedData><SchemaData schemaUrl="#censo_infona_2022">
		<SimpleData name="Nº">787</SimpleData>
		<SimpleData name="Nombre_Com">Pindó</SimpleData>
		<SimpleData name="X">437411</SimpleData>
		<SimpleData name="Y">7203687</SimpleData>
	</SchemaData></ExtendedData>
      <Point><coordinates>-57.621665924052,-25.2819474805773</coordinates></Point>
  </Placemark>
  <Placemark id="censo_infona_2022.788">
	<ExtendedData><SchemaData schemaUrl="#censo_infona_2022">
		<SimpleData name="Nº">788</SimpleData>
		<SimpleData name="Nombre_Com">Plumeria obtusa</SimpleData>
		<SimpleData name="X">437426</SimpleData>
		<SimpleData name="Y">7203687</SimpleData>
	</SchemaData></ExtendedData>
      <Point><coordinates>-57.6215169433254,-25.2819481081891</coordinates></Point>
  </Placemark>
  <Placemark id="censo_infona_2022.789">
	<ExtendedData><SchemaData schemaUrl="#censo_infona_2022">
		<SimpleData name="Nº">789</SimpleData>
		<SimpleData name="Nombre_Com">Yvyra ju</SimpleData>
		<SimpleData name="X">437435</SimpleData>
		<SimpleData name="Y">7203692</SimpleData>
	</SchemaData></ExtendedData>
      <Point><coordinates>-57.6214273248512,-25.2819033336084</coordinates></Point>
  </Placemark>
  <Placemark id="censo_infona_2022.790">
	<ExtendedData><SchemaData schemaUrl="#censo_infona_2022">
		<SimpleData name="Nº">790</SimpleData>
		<SimpleData name="Nombre_Com">Eucalipto</SimpleData>
		<SimpleData name="X">437437</SimpleData>
		<SimpleData name="Y">7203690</SimpleData>
	</SchemaData></ExtendedData>
      <Point><coordinates>-57.6214075527722,-25.2819214776968</coordinates></Point>
  </Placemark>
  <Placemark id="censo_infona_2022.791">
	<ExtendedData><SchemaData schemaUrl="#censo_infona_2022">
		<SimpleData name="Nº">791</SimpleData>
		<SimpleData name="Nombre_Com">Eucalipto</SimpleData>
		<SimpleData name="X">437439</SimpleData>
		<SimpleData name="Y">7203693</SimpleData>
	</SchemaData></ExtendedData>
      <Point><coordinates>-57.6213875506663,-25.2818944707065</coordinates></Point>
  </Placemark>
  <Placemark id="censo_infona_2022.792">
	<ExtendedData><SchemaData schemaUrl="#censo_infona_2022">
		<SimpleData name="Nº">792</SimpleData>
		<SimpleData name="Nombre_Com">Tajy rosado</SimpleData>
		<SimpleData name="X">437437</SimpleData>
		<SimpleData name="Y">7203696</SimpleData>
	</SchemaData></ExtendedData>
      <Point><coordinates>-57.6214072767385,-25.2818672964056</coordinates></Point>
  </Placemark>
  <Placemark id="censo_infona_2022.793">
	<ExtendedData><SchemaData schemaUrl="#censo_infona_2022">
		<SimpleData name="Nº">793</SimpleData>
		<SimpleData name="Nombre_Com">Palma</SimpleData>
		<SimpleData name="X">437437</SimpleData>
		<SimpleData name="Y">7203711</SimpleData>
	</SchemaData></ExtendedData>
      <Point><coordinates>-57.6214065866575,-25.2817318431761</coordinates></Point>
  </Placemark>
  <Placemark id="censo_infona_2022.794">
	<ExtendedData><SchemaData schemaUrl="#censo_infona_2022">
		<SimpleData name="Nº">794</SimpleData>
		<SimpleData name="Nombre_Com">Yvyra ju</SimpleData>
		<SimpleData name="X">437442</SimpleData>
		<SimpleData name="Y">7203705</SimpleData>
	</SchemaData></ExtendedData>
      <Point><coordinates>-57.621357202511,-25.2817862336004</coordinates></Point>
  </Placemark>
  <Placemark id="censo_infona_2022.795">
	<ExtendedData><SchemaData schemaUrl="#censo_infona_2022">
		<SimpleData name="Nº">795</SimpleData>
		<SimpleData name="Nombre_Com">Tajy hu</SimpleData>
		<SimpleData name="X">437441</SimpleData>
		<SimpleData name="Y">7203705</SimpleData>
	</SchemaData></ExtendedData>
      <Point><coordinates>-57.6213671345467,-25.2817861917753</coordinates></Point>
  </Placemark>
  <Placemark id="censo_infona_2022.796">
	<ExtendedData><SchemaData schemaUrl="#censo_infona_2022">
		<SimpleData name="Nº">796</SimpleData>
		<SimpleData name="Nombre_Com">Palma</SimpleData>
		<SimpleData name="X">437435</SimpleData>
		<SimpleData name="Y">7203714</SimpleData>
	</SchemaData></ExtendedData>
      <Point><coordinates>-57.6214263126999,-25.2817046688726</coordinates></Point>
  </Placemark>
  <Placemark id="censo_infona_2022.797">
	<ExtendedData><SchemaData schemaUrl="#censo_infona_2022">
		<SimpleData name="Nº">797</SimpleData>
		<SimpleData name="Nombre_Com">Lapachillo</SimpleData>
		<SimpleData name="X">437433</SimpleData>
		<SimpleData name="Y">7203717</SimpleData>
	</SchemaData></ExtendedData>
      <Point><coordinates>-57.6214460387336,-25.2816774945665</coordinates></Point>
  </Placemark>
  <Placemark id="censo_infona_2022.798">
	<ExtendedData><SchemaData schemaUrl="#censo_infona_2022">
		<SimpleData name="Nº">798</SimpleData>
		<SimpleData name="Nombre_Com">Eucalipto</SimpleData>
		<SimpleData name="X">437433</SimpleData>
		<SimpleData name="Y">7203724</SimpleData>
	</SchemaData></ExtendedData>
      <Point><coordinates>-57.6214457166778,-25.2816142830585</coordinates></Point>
  </Placemark>
  <Placemark id="censo_infona_2022.799">
	<ExtendedData><SchemaData schemaUrl="#censo_infona_2022">
		<SimpleData name="Nº">799</SimpleData>
		<SimpleData name="Nombre_Com">Eucalipto</SimpleData>
		<SimpleData name="X">437433</SimpleData>
		<SimpleData name="Y">7203727</SimpleData>
	</SchemaData></ExtendedData>
      <Point><coordinates>-57.6214455786543,-25.2815871924121</coordinates></Point>
  </Placemark>
  <Placemark id="censo_infona_2022.800">
	<ExtendedData><SchemaData schemaUrl="#censo_infona_2022">
		<SimpleData name="Nº">800</SimpleData>
		<SimpleData name="Nombre_Com">Yvyra ro</SimpleData>
		<SimpleData name="X">437426</SimpleData>
		<SimpleData name="Y">7203724</SimpleData>
	</SchemaData></ExtendedData>
      <Point><coordinates>-57.6215152408282,-25.2816139902289</coordinates></Point>
  </Placemark>
  <Placemark id="censo_infona_2022.801">
	<ExtendedData><SchemaData schemaUrl="#censo_infona_2022">
		<SimpleData name="Nº">801</SimpleData>
		<SimpleData name="Nombre_Com">Eucalipto</SimpleData>
		<SimpleData name="X">437427</SimpleData>
		<SimpleData name="Y">7203724</SimpleData>
	</SchemaData></ExtendedData>
      <Point><coordinates>-57.6215053088068,-25.2816140320637</coordinates></Point>
  </Placemark>
  <Placemark id="censo_infona_2022.802">
	<ExtendedData><SchemaData schemaUrl="#censo_infona_2022">
		<SimpleData name="Nº">802</SimpleData>
		<SimpleData name="Nombre_Com">Eucalipto</SimpleData>
		<SimpleData name="X">437413</SimpleData>
		<SimpleData name="Y">7203731</SimpleData>
	</SchemaData></ExtendedData>
      <Point><coordinates>-57.621644034947,-25.2815502348094</coordinates></Point>
  </Placemark>
  <Placemark id="censo_infona_2022.803">
	<ExtendedData><SchemaData schemaUrl="#censo_infona_2022">
		<SimpleData name="Nº">803</SimpleData>
		<SimpleData name="Nombre_Com">Magnolia umbelada</SimpleData>
		<SimpleData name="X">437416</SimpleData>
		<SimpleData name="Y">7203736</SimpleData>
	</SchemaData></ExtendedData>
      <Point><coordinates>-57.6216140087982,-25.2815052092611</coordinates></Point>
  </Placemark>
  <Placemark id="censo_infona_2022.804">
	<ExtendedData><SchemaData schemaUrl="#censo_infona_2022">
		<SimpleData name="Nº">804</SimpleData>
		<SimpleData name="Nombre_Com">Yvapovo</SimpleData>
		<SimpleData name="X">437413</SimpleData>
		<SimpleData name="Y">7203736</SimpleData>
	</SchemaData></ExtendedData>
      <Point><coordinates>-57.6216438048352,-25.2815050837332</coordinates></Point>
  </Placemark>
  <Placemark id="censo_infona_2022.805">
	<ExtendedData><SchemaData schemaUrl="#censo_infona_2022">
		<SimpleData name="Nº">805</SimpleData>
		<SimpleData name="Nombre_Com">Yvyra ju</SimpleData>
		<SimpleData name="X">437410</SimpleData>
		<SimpleData name="Y">7203737</SimpleData>
	</SchemaData></ExtendedData>
      <Point><coordinates>-57.6216735548474,-25.2814959279841</coordinates></Point>
  </Placemark>
  <Placemark id="censo_infona_2022.806">
	<ExtendedData><SchemaData schemaUrl="#censo_infona_2022">
		<SimpleData name="Nº">806</SimpleData>
		<SimpleData name="Nombre_Com">Eucalipto</SimpleData>
		<SimpleData name="X">437409</SimpleData>
		<SimpleData name="Y">7203736</SimpleData>
	</SchemaData></ExtendedData>
      <Point><coordinates>-57.6216835328842,-25.2815049163534</coordinates></Point>
  </Placemark>
  <Placemark id="censo_infona_2022.807">
	<ExtendedData><SchemaData schemaUrl="#censo_infona_2022">
		<SimpleData name="Nº">807</SimpleData>
		<SimpleData name="Nombre_Com">Eucalipto</SimpleData>
		<SimpleData name="X">437394</SimpleData>
		<SimpleData name="Y">7203743</SimpleData>
	</SchemaData></ExtendedData>
      <Point><coordinates>-57.6218321908113,-25.2814410770788</coordinates></Point>
  </Placemark>
  <Placemark id="censo_infona_2022.808">
	<ExtendedData><SchemaData schemaUrl="#censo_infona_2022">
		<SimpleData name="Nº">808</SimpleData>
		<SimpleData name="Nombre_Com">Tajy hu</SimpleData>
		<SimpleData name="X">437384</SimpleData>
		<SimpleData name="Y">7203746</SimpleData>
	</SchemaData></ExtendedData>
      <Point><coordinates>-57.6219313727471,-25.2814135678387</coordinates></Point>
  </Placemark>
  <Placemark id="censo_infona_2022.809">
	<ExtendedData><SchemaData schemaUrl="#censo_infona_2022">
		<SimpleData name="Nº">809</SimpleData>
		<SimpleData name="Nombre_Com">Tajy hu</SimpleData>
		<SimpleData name="X">437383</SimpleData>
		<SimpleData name="Y">7203746</SimpleData>
	</SchemaData></ExtendedData>
      <Point><coordinates>-57.6219413047514,-25.2814135259755</coordinates></Point>
  </Placemark>
  <Placemark id="censo_infona_2022.810">
	<ExtendedData><SchemaData schemaUrl="#censo_infona_2022">
		<SimpleData name="Nº">810</SimpleData>
		<SimpleData name="Nombre_Com">Eucalipto</SimpleData>
		<SimpleData name="X">437382</SimpleData>
		<SimpleData name="Y">7203746</SimpleData>
	</SchemaData></ExtendedData>
      <Point><coordinates>-57.6219512367556,-25.2814134841116</coordinates></Point>
  </Placemark>
  <Placemark id="censo_infona_2022.811">
	<ExtendedData><SchemaData schemaUrl="#censo_infona_2022">
		<SimpleData name="Nº">811</SimpleData>
		<SimpleData name="Nombre_Com">Eucalipto</SimpleData>
		<SimpleData name="X">437397</SimpleData>
		<SimpleData name="Y">7203735</SimpleData>
	</SchemaData></ExtendedData>
      <Point><coordinates>-57.6218027630631,-25.2815134443646</coordinates></Point>
  </Placemark>
  <Placemark id="censo_infona_2022.812">
	<ExtendedData><SchemaData schemaUrl="#censo_infona_2022">
		<SimpleData name="Nº">812</SimpleData>
		<SimpleData name="Nombre_Com">Magnolia umbelada</SimpleData>
		<SimpleData name="X">437393</SimpleData>
		<SimpleData name="Y">7203721</SimpleData>
	</SchemaData></ExtendedData>
      <Point><coordinates>-57.6218431356344,-25.2816396999495</coordinates></Point>
  </Placemark>
  <Placemark id="censo_infona_2022.813">
	<ExtendedData><SchemaData schemaUrl="#censo_infona_2022">
		<SimpleData name="Nº">813</SimpleData>
		<SimpleData name="Nombre_Com">Magnolia umbelada</SimpleData>
		<SimpleData name="X">437398</SimpleData>
		<SimpleData name="Y">7203706</SimpleData>
	</SchemaData></ExtendedData>
      <Point><coordinates>-57.6217941660275,-25.2817753624487</coordinates></Point>
  </Placemark>
  <Placemark id="censo_infona_2022.814">
	<ExtendedData><SchemaData schemaUrl="#censo_infona_2022">
		<SimpleData name="Nº">814</SimpleData>
		<SimpleData name="Nombre_Com">Yvyra pyta</SimpleData>
		<SimpleData name="X">437407</SimpleData>
		<SimpleData name="Y">7203707</SimpleData>
	</SchemaData></ExtendedData>
      <Point><coordinates>-57.621704731693,-25.2817667088943</coordinates></Point>
  </Placemark>
  <Placemark id="censo_infona_2022.815">
	<ExtendedData><SchemaData schemaUrl="#censo_infona_2022">
		<SimpleData name="Nº">815</SimpleData>
		<SimpleData name="Nombre_Com">Yvyra pyta</SimpleData>
		<SimpleData name="X">437387</SimpleData>
		<SimpleData name="Y">7203692</SimpleData>
	</SchemaData></ExtendedData>
      <Point><coordinates>-57.6219040629919,-25.2819013250141</coordinates></Point>
  </Placemark>
  <Placemark id="censo_infona_2022.816">
	<ExtendedData><SchemaData schemaUrl="#censo_infona_2022">
		<SimpleData name="Nº">816</SimpleData>
		<SimpleData name="Nombre_Com">Tarumá</SimpleData>
		<SimpleData name="X">437381</SimpleData>
		<SimpleData name="Y">7203708</SimpleData>
	</SchemaData></ExtendedData>
      <Point><coordinates>-57.6219629185096,-25.2817565904025</coordinates></Point>
  </Placemark>
  <Placemark id="censo_infona_2022.817">
	<ExtendedData><SchemaData schemaUrl="#censo_infona_2022">
		<SimpleData name="Nº">817</SimpleData>
		<SimpleData name="Nombre_Com">Yvapovo</SimpleData>
		<SimpleData name="X">437373</SimpleData>
		<SimpleData name="Y">7203723</SimpleData>
	</SchemaData></ExtendedData>
      <Point><coordinates>-57.6220416839835,-25.2816208022418</coordinates></Point>
  </Placemark>
  <Placemark id="censo_infona_2022.818">
	<ExtendedData><SchemaData schemaUrl="#censo_infona_2022">
		<SimpleData name="Nº">818</SimpleData>
		<SimpleData name="Nombre_Com">Tajy hu</SimpleData>
		<SimpleData name="X">437382</SimpleData>
		<SimpleData name="Y">7203751</SimpleData>
	</SchemaData></ExtendedData>
      <Point><coordinates>-57.6219510065315,-25.2813683330373</coordinates></Point>
  </Placemark>
  <Placemark id="censo_infona_2022.819">
	<ExtendedData><SchemaData schemaUrl="#censo_infona_2022">
		<SimpleData name="Nº">819</SimpleData>
		<SimpleData name="Nombre_Com">Eucalipto</SimpleData>
		<SimpleData name="X">437386</SimpleData>
		<SimpleData name="Y">7203766</SimpleData>
	</SchemaData></ExtendedData>
      <Point><coordinates>-57.6219105879039,-25.2812330472626</coordinates></Point>
  </Placemark>
  <Placemark id="censo_infona_2022.820">
	<ExtendedData><SchemaData schemaUrl="#censo_infona_2022">
		<SimpleData name="Nº">820</SimpleData>
		<SimpleData name="Nombre_Com">Tipa</SimpleData>
		<SimpleData name="X">437384</SimpleData>
		<SimpleData name="Y">7203764</SimpleData>
	</SchemaData></ExtendedData>
      <Point><coordinates>-57.6219305439691,-25.2812510239691</coordinates></Point>
  </Placemark>
  <Placemark id="censo_infona_2022.821">
	<ExtendedData><SchemaData schemaUrl="#censo_infona_2022">
		<SimpleData name="Nº">821</SimpleData>
		<SimpleData name="Nombre_Com">Eucalipto</SimpleData>
		<SimpleData name="X">437384</SimpleData>
		<SimpleData name="Y">7203765</SimpleData>
	</SchemaData></ExtendedData>
      <Point><coordinates>-57.6219304979261,-25.281241993754</coordinates></Point>
  </Placemark>
  <Placemark id="censo_infona_2022.822">
	<ExtendedData><SchemaData schemaUrl="#censo_infona_2022">
		<SimpleData name="Nº">822</SimpleData>
		<SimpleData name="Nombre_Com">Eucalipto</SimpleData>
		<SimpleData name="X">437386</SimpleData>
		<SimpleData name="Y">7203760</SimpleData>
	</SchemaData></ExtendedData>
      <Point><coordinates>-57.6219108641533,-25.2812872285532</coordinates></Point>
  </Placemark>
  <Placemark id="censo_infona_2022.823">
	<ExtendedData><SchemaData schemaUrl="#censo_infona_2022">
		<SimpleData name="Nº">823</SimpleData>
		<SimpleData name="Nombre_Com">Eucalipto</SimpleData>
		<SimpleData name="X">437379</SimpleData>
		<SimpleData name="Y">7203776</SimpleData>
	</SchemaData></ExtendedData>
      <Point><coordinates>-57.6219796513655,-25.2811424520673</coordinates></Point>
  </Placemark>
  <Placemark id="censo_infona_2022.824">
	<ExtendedData><SchemaData schemaUrl="#censo_infona_2022">
		<SimpleData name="Nº">824</SimpleData>
		<SimpleData name="Nombre_Com">Tipa</SimpleData>
		<SimpleData name="X">437372</SimpleData>
		<SimpleData name="Y">7203786</SimpleData>
	</SchemaData></ExtendedData>
      <Point><coordinates>-57.6220487147252,-25.2810518568406</coordinates></Point>
  </Placemark>
  <Placemark id="censo_infona_2022.825">
	<ExtendedData><SchemaData schemaUrl="#censo_infona_2022">
		<SimpleData name="Nº">825</SimpleData>
		<SimpleData name="Nombre_Com">Eucalipto</SimpleData>
		<SimpleData name="X">437372</SimpleData>
		<SimpleData name="Y">7203802</SimpleData>
	</SchemaData></ExtendedData>
      <Point><coordinates>-57.6220479779064,-25.2809073733973</coordinates></Point>
  </Placemark>
  <Placemark id="censo_infona_2022.826">
	<ExtendedData><SchemaData schemaUrl="#censo_infona_2022">
		<SimpleData name="Nº">826</SimpleData>
		<SimpleData name="Nombre_Com">Eucalipto</SimpleData>
		<SimpleData name="X">437369</SimpleData>
		<SimpleData name="Y">7203807</SimpleData>
	</SchemaData></ExtendedData>
      <Point><coordinates>-57.6220775435291,-25.2808620967082</coordinates></Point>
  </Placemark>
  <Placemark id="censo_infona_2022.827">
	<ExtendedData><SchemaData schemaUrl="#censo_infona_2022">
		<SimpleData name="Nº">827</SimpleData>
		<SimpleData name="Nombre_Com">Tajy hu</SimpleData>
		<SimpleData name="X">437364</SimpleData>
		<SimpleData name="Y">7203811</SimpleData>
	</SchemaData></ExtendedData>
      <Point><coordinates>-57.6221270190976,-25.2808257664797</coordinates></Point>
  </Placemark>
  <Placemark id="censo_infona_2022.828">
	<ExtendedData><SchemaData schemaUrl="#censo_infona_2022">
		<SimpleData name="Nº">828</SimpleData>
		<SimpleData name="Nombre_Com">Eucalipto</SimpleData>
		<SimpleData name="X">437367</SimpleData>
		<SimpleData name="Y">7203824</SimpleData>
	</SchemaData></ExtendedData>
      <Point><coordinates>-57.622096624523,-25.280708499302</coordinates></Point>
  </Placemark>
  <Placemark id="censo_infona_2022.829">
	<ExtendedData><SchemaData schemaUrl="#censo_infona_2022">
		<SimpleData name="Nº">829</SimpleData>
		<SimpleData name="Nombre_Com">Palma</SimpleData>
		<SimpleData name="X">437355</SimpleData>
		<SimpleData name="Y">7203832</SimpleData>
	</SchemaData></ExtendedData>
      <Point><coordinates>-57.622215439377,-25.280635755057</coordinates></Point>
  </Placemark>
  <Placemark id="censo_infona_2022.830">
	<ExtendedData><SchemaData schemaUrl="#censo_infona_2022">
		<SimpleData name="Nº">830</SimpleData>
		<SimpleData name="Nombre_Com">Leucaena</SimpleData>
		<SimpleData name="X">437354</SimpleData>
		<SimpleData name="Y">7203836</SimpleData>
	</SchemaData></ExtendedData>
      <Point><coordinates>-57.6222251870633,-25.2805995923145</coordinates></Point>
  </Placemark>
  <Placemark id="censo_infona_2022.831">
	<ExtendedData><SchemaData schemaUrl="#censo_infona_2022">
		<SimpleData name="Nº">831</SimpleData>
		<SimpleData name="Nombre_Com">Yvyra pyta</SimpleData>
		<SimpleData name="X">437356</SimpleData>
		<SimpleData name="Y">7203836</SimpleData>
	</SchemaData></ExtendedData>
      <Point><coordinates>-57.6222053231883,-25.2805996760759</coordinates></Point>
  </Placemark>
  <Placemark id="censo_infona_2022.832">
	<ExtendedData><SchemaData schemaUrl="#censo_infona_2022">
		<SimpleData name="Nº">832</SimpleData>
		<SimpleData name="Nombre_Com">Tajy hu</SimpleData>
		<SimpleData name="X">437358</SimpleData>
		<SimpleData name="Y">7203837</SimpleData>
	</SchemaData></ExtendedData>
      <Point><coordinates>-57.6221854132527,-25.2805907296191</coordinates></Point>
  </Placemark>
  <Placemark id="censo_infona_2022.833">
	<ExtendedData><SchemaData schemaUrl="#censo_infona_2022">
		<SimpleData name="Nº">833</SimpleData>
		<SimpleData name="Nombre_Com">Eucalipto</SimpleData>
		<SimpleData name="X">437361</SimpleData>
		<SimpleData name="Y">7203843</SimpleData>
	</SchemaData></ExtendedData>
      <Point><coordinates>-57.6221553410927,-25.280536673959</coordinates></Point>
  </Placemark>
  <Placemark id="censo_infona_2022.834">
	<ExtendedData><SchemaData schemaUrl="#censo_infona_2022">
		<SimpleData name="Nº">834</SimpleData>
		<SimpleData name="Nombre_Com">Tarumá</SimpleData>
		<SimpleData name="X">437361</SimpleData>
		<SimpleData name="Y">7203850</SimpleData>
	</SchemaData></ExtendedData>
      <Point><coordinates>-57.6221550186861,-25.2804734624498</coordinates></Point>
  </Placemark>
  <Placemark id="censo_infona_2022.835">
	<ExtendedData><SchemaData schemaUrl="#censo_infona_2022">
		<SimpleData name="Nº">835</SimpleData>
		<SimpleData name="Nombre_Com">Eucalipto</SimpleData>
		<SimpleData name="X">437367</SimpleData>
		<SimpleData name="Y">7203867</SimpleData>
	</SchemaData></ExtendedData>
      <Point><coordinates>-57.6220946442135,-25.2803202000271</coordinates></Point>
  </Placemark>
  <Placemark id="censo_infona_2022.836">
	<ExtendedData><SchemaData schemaUrl="#censo_infona_2022">
		<SimpleData name="Nº">836</SimpleData>
		<SimpleData name="Nombre_Com">Eucalipto</SimpleData>
		<SimpleData name="X">437369</SimpleData>
		<SimpleData name="Y">7203864</SimpleData>
	</SchemaData></ExtendedData>
      <Point><coordinates>-57.6220749185389,-25.280347374418</coordinates></Point>
  </Placemark>
  <Placemark id="censo_infona_2022.837">
	<ExtendedData><SchemaData schemaUrl="#censo_infona_2022">
		<SimpleData name="Nº">837</SimpleData>
		<SimpleData name="Nombre_Com">Eucalipto</SimpleData>
		<SimpleData name="X">437371</SimpleData>
		<SimpleData name="Y">7203853</SimpleData>
	</SchemaData></ExtendedData>
      <Point><coordinates>-57.6220555612597,-25.2804467905333</coordinates></Point>
  </Placemark>
  <Placemark id="censo_infona_2022.838">
	<ExtendedData><SchemaData schemaUrl="#censo_infona_2022">
		<SimpleData name="Nº">838</SimpleData>
		<SimpleData name="Nombre_Com">Eucalipto</SimpleData>
		<SimpleData name="X">437370</SimpleData>
		<SimpleData name="Y">7203853</SimpleData>
	</SchemaData></ExtendedData>
      <Point><coordinates>-57.6220654931851,-25.2804467486633</coordinates></Point>
  </Placemark>
  <Placemark id="censo_infona_2022.839">
	<ExtendedData><SchemaData schemaUrl="#censo_infona_2022">
		<SimpleData name="Nº">839</SimpleData>
		<SimpleData name="Nombre_Com">Eucalipto</SimpleData>
		<SimpleData name="X">437372</SimpleData>
		<SimpleData name="Y">7203840</SimpleData>
	</SchemaData></ExtendedData>
      <Point><coordinates>-57.6220462279845,-25.280564225208</coordinates></Point>
  </Placemark>
  <Placemark id="censo_infona_2022.840">
	<ExtendedData><SchemaData schemaUrl="#censo_infona_2022">
		<SimpleData name="Nº">840</SimpleData>
		<SimpleData name="Nombre_Com">Eucalipto</SimpleData>
		<SimpleData name="X">437372</SimpleData>
		<SimpleData name="Y">7203842</SimpleData>
	</SchemaData></ExtendedData>
      <Point><coordinates>-57.6220461358842,-25.2805461647765</coordinates></Point>
  </Placemark>
  <Placemark id="censo_infona_2022.841">
	<ExtendedData><SchemaData schemaUrl="#censo_infona_2022">
		<SimpleData name="Nº">841</SimpleData>
		<SimpleData name="Nombre_Com">Eucalipto</SimpleData>
		<SimpleData name="X">437374</SimpleData>
		<SimpleData name="Y">7203836</SimpleData>
	</SchemaData></ExtendedData>
      <Point><coordinates>-57.6220265483095,-25.2806004298081</coordinates></Point>
  </Placemark>
  <Placemark id="censo_infona_2022.842">
	<ExtendedData><SchemaData schemaUrl="#censo_infona_2022">
		<SimpleData name="Nº">842</SimpleData>
		<SimpleData name="Nombre_Com">Eucalipto</SimpleData>
		<SimpleData name="X">437378</SimpleData>
		<SimpleData name="Y">7203824</SimpleData>
	</SchemaData></ExtendedData>
      <Point><coordinates>-57.6219873731093,-25.2807089598633</coordinates></Point>
  </Placemark>
  <Placemark id="censo_infona_2022.843">
	<ExtendedData><SchemaData schemaUrl="#censo_infona_2022">
		<SimpleData name="Nº">843</SimpleData>
		<SimpleData name="Nombre_Com">Eucalipto</SimpleData>
		<SimpleData name="X">437376</SimpleData>
		<SimpleData name="Y">7203814</SimpleData>
	</SchemaData></ExtendedData>
      <Point><coordinates>-57.6220076974797,-25.2807991782864</coordinates></Point>
  </Placemark>
  <Placemark id="censo_infona_2022.844">
	<ExtendedData><SchemaData schemaUrl="#censo_infona_2022">
		<SimpleData name="Nº">844</SimpleData>
		<SimpleData name="Nombre_Com">Eucalipto</SimpleData>
		<SimpleData name="X">437383</SimpleData>
		<SimpleData name="Y">7203806</SimpleData>
	</SchemaData></ExtendedData>
      <Point><coordinates>-57.6219385421421,-25.2808717130639</coordinates></Point>
  </Placemark>
  <Placemark id="censo_infona_2022.845">
	<ExtendedData><SchemaData schemaUrl="#censo_infona_2022">
		<SimpleData name="Nº">845</SimpleData>
		<SimpleData name="Nombre_Com">Eucalipto</SimpleData>
		<SimpleData name="X">437383</SimpleData>
		<SimpleData name="Y">7203803</SimpleData>
	</SchemaData></ExtendedData>
      <Point><coordinates>-57.6219386802707,-25.2808988037104</coordinates></Point>
  </Placemark>
  <Placemark id="censo_infona_2022.846">
	<ExtendedData><SchemaData schemaUrl="#censo_infona_2022">
		<SimpleData name="Nº">846</SimpleData>
		<SimpleData name="Nombre_Com">Eucalipto</SimpleData>
		<SimpleData name="X">437388</SimpleData>
		<SimpleData name="Y">7203797</SimpleData>
	</SchemaData></ExtendedData>
      <Point><coordinates>-57.6218892966942,-25.280953194308</coordinates></Point>
  </Placemark>
  <Placemark id="censo_infona_2022.847">
	<ExtendedData><SchemaData schemaUrl="#censo_infona_2022">
		<SimpleData name="Nº">847</SimpleData>
		<SimpleData name="Nombre_Com">Eucalipto</SimpleData>
		<SimpleData name="X">437389</SimpleData>
		<SimpleData name="Y">7203793</SimpleData>
	</SchemaData></ExtendedData>
      <Point><coordinates>-57.6218795488819,-25.280989357029</coordinates></Point>
  </Placemark>
  <Placemark id="censo_infona_2022.848">
	<ExtendedData><SchemaData schemaUrl="#censo_infona_2022">
		<SimpleData name="Nº">848</SimpleData>
		<SimpleData name="Nombre_Com">Eucalipto</SimpleData>
		<SimpleData name="X">437392</SimpleData>
		<SimpleData name="Y">7203780</SimpleData>
	</SchemaData></ExtendedData>
      <Point><coordinates>-57.6218503514486,-25.2811068754032</coordinates></Point>
  </Placemark>
  <Placemark id="censo_infona_2022.849">
	<ExtendedData><SchemaData schemaUrl="#censo_infona_2022">
		<SimpleData name="Nº">849</SimpleData>
		<SimpleData name="Nombre_Com">Eucalipto</SimpleData>
		<SimpleData name="X">437399</SimpleData>
		<SimpleData name="Y">7203782</SimpleData>
	</SchemaData></ExtendedData>
      <Point><coordinates>-57.6217807355284,-25.2810891079542</coordinates></Point>
  </Placemark>
  <Placemark id="censo_infona_2022.850">
	<ExtendedData><SchemaData schemaUrl="#censo_infona_2022">
		<SimpleData name="Nº">850</SimpleData>
		<SimpleData name="Nombre_Com">Eucalipto</SimpleData>
		<SimpleData name="X">437393</SimpleData>
		<SimpleData name="Y">7203778</SimpleData>
	</SchemaData></ExtendedData>
      <Point><coordinates>-57.6218405115412,-25.2811249776905</coordinates></Point>
  </Placemark>
  <Placemark id="censo_infona_2022.851">
	<ExtendedData><SchemaData schemaUrl="#censo_infona_2022">
		<SimpleData name="Nº">851</SimpleData>
		<SimpleData name="Nombre_Com">Eucalipto</SimpleData>
		<SimpleData name="X">437395</SimpleData>
		<SimpleData name="Y">7203770</SimpleData>
	</SchemaData></ExtendedData>
      <Point><coordinates>-57.6218210158569,-25.2811973031248</coordinates></Point>
  </Placemark>
  <Placemark id="censo_infona_2022.852">
	<ExtendedData><SchemaData schemaUrl="#censo_infona_2022">
		<SimpleData name="Nº">852</SimpleData>
		<SimpleData name="Nombre_Com">Kurupa'y kuru</SimpleData>
		<SimpleData name="X">437399</SimpleData>
		<SimpleData name="Y">7203771</SimpleData>
	</SchemaData></ExtendedData>
      <Point><coordinates>-57.6217812418773,-25.2811884403244</coordinates></Point>
  </Placemark>
  <Placemark id="censo_infona_2022.853">
	<ExtendedData><SchemaData schemaUrl="#censo_infona_2022">
		<SimpleData name="Nº">853</SimpleData>
		<SimpleData name="Nombre_Com">Tajy hu</SimpleData>
		<SimpleData name="X">437413</SimpleData>
		<SimpleData name="Y">7203751</SimpleData>
	</SchemaData></ExtendedData>
      <Point><coordinates>-57.6216431145029,-25.2813696305031</coordinates></Point>
  </Placemark>
  <Placemark id="censo_infona_2022.854">
	<ExtendedData><SchemaData schemaUrl="#censo_infona_2022">
		<SimpleData name="Nº">854</SimpleData>
		<SimpleData name="Nombre_Com">Yvyra ro</SimpleData>
		<SimpleData name="X">437412</SimpleData>
		<SimpleData name="Y">7203752</SimpleData>
	</SchemaData></ExtendedData>
      <Point><coordinates>-57.6216530004814,-25.281360558444</coordinates></Point>
  </Placemark>
  <Placemark id="censo_infona_2022.855">
	<ExtendedData><SchemaData schemaUrl="#censo_infona_2022">
		<SimpleData name="Nº">855</SimpleData>
		<SimpleData name="Nombre_Com">Tajy hu</SimpleData>
		<SimpleData name="X">437421</SimpleData>
		<SimpleData name="Y">7203757</SimpleData>
	</SchemaData></ExtendedData>
      <Point><coordinates>-57.6215633823958,-25.2813157839351</coordinates></Point>
  </Placemark>
  <Placemark id="censo_infona_2022.856">
	<ExtendedData><SchemaData schemaUrl="#censo_infona_2022">
		<SimpleData name="Nº">856</SimpleData>
		<SimpleData name="Nombre_Com">Yvyra ro</SimpleData>
		<SimpleData name="X">437420</SimpleData>
		<SimpleData name="Y">7203753</SimpleData>
	</SchemaData></ExtendedData>
      <Point><coordinates>-57.6215734984598,-25.2813518629592</coordinates></Point>
  </Placemark>
  <Placemark id="censo_infona_2022.857">
	<ExtendedData><SchemaData schemaUrl="#censo_infona_2022">
		<SimpleData name="Nº">857</SimpleData>
		<SimpleData name="Nombre_Com">Tajy hu</SimpleData>
		<SimpleData name="X">437427</SimpleData>
		<SimpleData name="Y">7203757</SimpleData>
	</SchemaData></ExtendedData>
      <Point><coordinates>-57.6215037904132,-25.2813160349507</coordinates></Point>
  </Placemark>
  <Placemark id="censo_infona_2022.858">
	<ExtendedData><SchemaData schemaUrl="#censo_infona_2022">
		<SimpleData name="Nº">858</SimpleData>
		<SimpleData name="Nombre_Com">Aylanthus</SimpleData>
		<SimpleData name="X">437458</SimpleData>
		<SimpleData name="Y">7203778</SimpleData>
	</SchemaData></ExtendedData>
      <Point><coordinates>-57.6211949327311,-25.281127696937</coordinates></Point>
  </Placemark>
  <Placemark id="censo_infona_2022.859">
	<ExtendedData><SchemaData schemaUrl="#censo_infona_2022">
		<SimpleData name="Nº">859</SimpleData>
		<SimpleData name="Nombre_Com">Yvyra ju</SimpleData>
		<SimpleData name="X">437459</SimpleData>
		<SimpleData name="Y">7203772</SimpleData>
	</SchemaData></ExtendedData>
      <Point><coordinates>-57.6211852766745,-25.2811819200483</coordinates></Point>
  </Placemark>
  <Placemark id="censo_infona_2022.860">
	<ExtendedData><SchemaData schemaUrl="#censo_infona_2022">
		<SimpleData name="Nº">860</SimpleData>
		<SimpleData name="Nombre_Com">Yvyra ro</SimpleData>
		<SimpleData name="X">437465</SimpleData>
		<SimpleData name="Y">7203769</SimpleData>
	</SchemaData></ExtendedData>
      <Point><coordinates>-57.621125822703,-25.2812092615595</coordinates></Point>
  </Placemark>
  <Placemark id="censo_infona_2022.861">
	<ExtendedData><SchemaData schemaUrl="#censo_infona_2022">
		<SimpleData name="Nº">861</SimpleData>
		<SimpleData name="Nombre_Com">Yvyra pyta</SimpleData>
		<SimpleData name="X">437469</SimpleData>
		<SimpleData name="Y">7203770</SimpleData>
	</SchemaData></ExtendedData>
      <Point><coordinates>-57.6210860487657,-25.2812003985708</coordinates></Point>
  </Placemark>
  <Placemark id="censo_infona_2022.862">
	<ExtendedData><SchemaData schemaUrl="#censo_infona_2022">
		<SimpleData name="Nº">862</SimpleData>
		<SimpleData name="Nombre_Com">Karanda'y</SimpleData>
		<SimpleData name="X">437470</SimpleData>
		<SimpleData name="Y">7203770</SimpleData>
	</SchemaData></ExtendedData>
      <Point><coordinates>-57.6210761167772,-25.2812004403761</coordinates></Point>
  </Placemark>
  <Placemark id="censo_infona_2022.863">
	<ExtendedData><SchemaData schemaUrl="#censo_infona_2022">
		<SimpleData name="Nº">863</SimpleData>
		<SimpleData name="Nombre_Com">Tajy hu</SimpleData>
		<SimpleData name="X">437469</SimpleData>
		<SimpleData name="Y">7203769</SimpleData>
	</SchemaData></ExtendedData>
      <Point><coordinates>-57.6210860947461,-25.2812094287874</coordinates></Point>
  </Placemark>
  <Placemark id="censo_infona_2022.864">
	<ExtendedData><SchemaData schemaUrl="#censo_infona_2022">
		<SimpleData name="Nº">864</SimpleData>
		<SimpleData name="Nombre_Com">Karanda'y</SimpleData>
		<SimpleData name="X">437462</SimpleData>
		<SimpleData name="Y">7203774</SimpleData>
	</SchemaData></ExtendedData>
      <Point><coordinates>-57.6211553887429,-25.2811639850491</coordinates></Point>
  </Placemark>
  <Placemark id="censo_infona_2022.865">
	<ExtendedData><SchemaData schemaUrl="#censo_infona_2022">
		<SimpleData name="Nº">865</SimpleData>
		<SimpleData name="Nombre_Com">Yvyra ju</SimpleData>
		<SimpleData name="X">437463</SimpleData>
		<SimpleData name="Y">7203775</SimpleData>
	</SchemaData></ExtendedData>
      <Point><coordinates>-57.6211454107728,-25.2811549966425</coordinates></Point>
  </Placemark>
  <Placemark id="censo_infona_2022.866">
	<ExtendedData><SchemaData schemaUrl="#censo_infona_2022">
		<SimpleData name="Nº">866</SimpleData>
		<SimpleData name="Nombre_Com">Yvyra ro</SimpleData>
		<SimpleData name="X">437464</SimpleData>
		<SimpleData name="Y">7203776</SimpleData>
	</SchemaData></ExtendedData>
      <Point><coordinates>-57.6211354328041,-25.2811460082351</coordinates></Point>
  </Placemark>
  <Placemark id="censo_infona_2022.867">
	<ExtendedData><SchemaData schemaUrl="#censo_infona_2022">
		<SimpleData name="Nº">867</SimpleData>
		<SimpleData name="Nombre_Com">Yvyra pyta</SimpleData>
		<SimpleData name="X">437461</SimpleData>
		<SimpleData name="Y">7203776</SimpleData>
	</SchemaData></ExtendedData>
      <Point><coordinates>-57.621165228756,-25.2811458828055</coordinates></Point>
  </Placemark>
  <Placemark id="censo_infona_2022.868">
	<ExtendedData><SchemaData schemaUrl="#censo_infona_2022">
		<SimpleData name="Nº">868</SimpleData>
		<SimpleData name="Nombre_Com">Eucalipto</SimpleData>
		<SimpleData name="X">437393</SimpleData>
		<SimpleData name="Y">7203779</SimpleData>
	</SchemaData></ExtendedData>
      <Point><coordinates>-57.6218404655051,-25.2811159474751</coordinates></Point>
  </Placemark>
  <Placemark id="censo_infona_2022.869">
	<ExtendedData><SchemaData schemaUrl="#censo_infona_2022">
		<SimpleData name="Nº">869</SimpleData>
		<SimpleData name="Nombre_Com">Eucalipto</SimpleData>
		<SimpleData name="X">437402</SimpleData>
		<SimpleData name="Y">7203779</SimpleData>
	</SchemaData></ExtendedData>
      <Point><coordinates>-57.6217510776821,-25.2811163241545</coordinates></Point>
  </Placemark>
  <Placemark id="censo_infona_2022.870">
	<ExtendedData><SchemaData schemaUrl="#censo_infona_2022">
		<SimpleData name="Nº">870</SimpleData>
		<SimpleData name="Nombre_Com">Eucalipto</SimpleData>
		<SimpleData name="X">437412</SimpleData>
		<SimpleData name="Y">7203768</SimpleData>
	</SchemaData></ExtendedData>
      <Point><coordinates>-57.6216522641211,-25.2812160749958</coordinates></Point>
  </Placemark>
  <Placemark id="censo_infona_2022.871">
	<ExtendedData><SchemaData schemaUrl="#censo_infona_2022">
		<SimpleData name="Nº">871</SimpleData>
		<SimpleData name="Nombre_Com">Eucalipto</SimpleData>
		<SimpleData name="X">437414</SimpleData>
		<SimpleData name="Y">7203769</SimpleData>
	</SchemaData></ExtendedData>
      <Point><coordinates>-57.6216323541227,-25.2812071284664</coordinates></Point>
  </Placemark>
  <Placemark id="censo_infona_2022.872">
	<ExtendedData><SchemaData schemaUrl="#censo_infona_2022">
		<SimpleData name="Nº">872</SimpleData>
		<SimpleData name="Nombre_Com">Eucalipto</SimpleData>
		<SimpleData name="X">437415</SimpleData>
		<SimpleData name="Y">7203769</SimpleData>
	</SchemaData></ExtendedData>
      <Point><coordinates>-57.6216224221346,-25.2812071703084</coordinates></Point>
  </Placemark>
  <Placemark id="censo_infona_2022.873">
	<ExtendedData><SchemaData schemaUrl="#censo_infona_2022">
		<SimpleData name="Nº">873</SimpleData>
		<SimpleData name="Nombre_Com">Eucalipto</SimpleData>
		<SimpleData name="X">437420</SimpleData>
		<SimpleData name="Y">7203767</SimpleData>
	</SchemaData></ExtendedData>
      <Point><coordinates>-57.6215728542268,-25.2812254399402</coordinates></Point>
  </Placemark>
  <Placemark id="censo_infona_2022.874">
	<ExtendedData><SchemaData schemaUrl="#censo_infona_2022">
		<SimpleData name="Nº">874</SimpleData>
		<SimpleData name="Nombre_Com">Tajy hu</SimpleData>
		<SimpleData name="X">437421</SimpleData>
		<SimpleData name="Y">7203771</SimpleData>
	</SchemaData></ExtendedData>
      <Point><coordinates>-57.6215627381744,-25.2811893609152</coordinates></Point>
  </Placemark>
  <Placemark id="censo_infona_2022.875">
	<ExtendedData><SchemaData schemaUrl="#censo_infona_2022">
		<SimpleData name="Nº">875</SimpleData>
		<SimpleData name="Nombre_Com">Tajy hu</SimpleData>
		<SimpleData name="X">437424</SimpleData>
		<SimpleData name="Y">7203769</SimpleData>
	</SchemaData></ExtendedData>
      <Point><coordinates>-57.621533034241,-25.2812075468569</coordinates></Point>
  </Placemark>
  <Placemark id="censo_infona_2022.876">
	<ExtendedData><SchemaData schemaUrl="#censo_infona_2022">
		<SimpleData name="Nº">876</SimpleData>
		<SimpleData name="Nombre_Com">Yvyra ju</SimpleData>
		<SimpleData name="X">437432</SimpleData>
		<SimpleData name="Y">7203773</SimpleData>
	</SchemaData></ExtendedData>
      <Point><coordinates>-57.6214533943038,-25.2811717606574</coordinates></Point>
  </Placemark>
  <Placemark id="censo_infona_2022.877">
	<ExtendedData><SchemaData schemaUrl="#censo_infona_2022">
		<SimpleData name="Nº">877</SimpleData>
		<SimpleData name="Nombre_Com">Eucalipto</SimpleData>
		<SimpleData name="X">437441</SimpleData>
		<SimpleData name="Y">7203776</SimpleData>
	</SchemaData></ExtendedData>
      <Point><coordinates>-57.6213638684306,-25.2811450464545</coordinates></Point>
  </Placemark>
  <Placemark id="censo_infona_2022.878">
	<ExtendedData><SchemaData schemaUrl="#censo_infona_2022">
		<SimpleData name="Nº">878</SimpleData>
		<SimpleData name="Nombre_Com">Eucalipto</SimpleData>
		<SimpleData name="X">437445</SimpleData>
		<SimpleData name="Y">7203773</SimpleData>
	</SchemaData></ExtendedData>
      <Point><coordinates>-57.6213242784902,-25.2811723043948</coordinates></Point>
  </Placemark>
  <Placemark id="censo_infona_2022.879">
	<ExtendedData><SchemaData schemaUrl="#censo_infona_2022">
		<SimpleData name="Nº">879</SimpleData>
		<SimpleData name="Nombre_Com">Yvyra ro</SimpleData>
		<SimpleData name="X">437446</SimpleData>
		<SimpleData name="Y">7203772</SimpleData>
	</SchemaData></ExtendedData>
      <Point><coordinates>-57.6213143925017,-25.2811813764323</coordinates></Point>
  </Placemark>
  <Placemark id="censo_infona_2022.880">
	<ExtendedData><SchemaData schemaUrl="#censo_infona_2022">
		<SimpleData name="Nº">880</SimpleData>
		<SimpleData name="Nombre_Com">Eucalipto</SimpleData>
		<SimpleData name="X">437450</SimpleData>
		<SimpleData name="Y">7203781</SimpleData>
	</SchemaData></ExtendedData>
      <Point><coordinates>-57.6212742506073,-25.2811002717638</coordinates></Point>
  </Placemark>
  <Placemark id="censo_infona_2022.881">
	<ExtendedData><SchemaData schemaUrl="#censo_infona_2022">
		<SimpleData name="Nº">881</SimpleData>
		<SimpleData name="Nombre_Com">Eucalipto</SimpleData>
		<SimpleData name="X">437451</SimpleData>
		<SimpleData name="Y">7203799</SimpleData>
	</SchemaData></ExtendedData>
      <Point><coordinates>-57.6212634907499,-25.2809377696845</coordinates></Point>
  </Placemark>
  <Placemark id="censo_infona_2022.882">
	<ExtendedData><SchemaData schemaUrl="#censo_infona_2022">
		<SimpleData name="Nº">882</SimpleData>
		<SimpleData name="Nombre_Com">Eucalipto</SimpleData>
		<SimpleData name="X">437454</SimpleData>
		<SimpleData name="Y">7203804</SimpleData>
	</SchemaData></ExtendedData>
      <Point><coordinates>-57.6212334648957,-25.2808927440495</coordinates></Point>
  </Placemark>
  <Placemark id="censo_infona_2022.883">
	<ExtendedData><SchemaData schemaUrl="#censo_infona_2022">
		<SimpleData name="Nº">883</SimpleData>
		<SimpleData name="Nombre_Com">Eucalipto</SimpleData>
		<SimpleData name="X">437448</SimpleData>
		<SimpleData name="Y">7203810</SimpleData>
	</SchemaData></ExtendedData>
      <Point><coordinates>-57.6212927807045,-25.2808383118472</coordinates></Point>
  </Placemark>
  <Placemark id="censo_infona_2022.884">
	<ExtendedData><SchemaData schemaUrl="#censo_infona_2022">
		<SimpleData name="Nº">884</SimpleData>
		<SimpleData name="Nombre_Com">Eucalipto</SimpleData>
		<SimpleData name="X">437447</SimpleData>
		<SimpleData name="Y">7203816</SimpleData>
	</SchemaData></ExtendedData>
      <Point><coordinates>-57.6213024366894,-25.2807840887277</coordinates></Point>
  </Placemark>
  <Placemark id="censo_infona_2022.885">
	<ExtendedData><SchemaData schemaUrl="#censo_infona_2022">
		<SimpleData name="Nº">885</SimpleData>
		<SimpleData name="Nombre_Com">Tajy hu</SimpleData>
		<SimpleData name="X">437444</SimpleData>
		<SimpleData name="Y">7203821</SimpleData>
	</SchemaData></ExtendedData>
      <Point><coordinates>-57.6213320025635,-25.2807388121826</coordinates></Point>
  </Placemark>
  <Placemark id="censo_infona_2022.886">
	<ExtendedData><SchemaData schemaUrl="#censo_infona_2022">
		<SimpleData name="Nº">886</SimpleData>
		<SimpleData name="Nombre_Com">Eucalipto</SimpleData>
		<SimpleData name="X">437440</SimpleData>
		<SimpleData name="Y">7203832</SimpleData>
	</SchemaData></ExtendedData>
      <Point><coordinates>-57.6213712243602,-25.2806393125074</coordinates></Point>
  </Placemark>
  <Placemark id="censo_infona_2022.887">
	<ExtendedData><SchemaData schemaUrl="#censo_infona_2022">
		<SimpleData name="Nº">887</SimpleData>
		<SimpleData name="Nombre_Com">Eucalipto</SimpleData>
		<SimpleData name="X">437436</SimpleData>
		<SimpleData name="Y">7203832</SimpleData>
	</SchemaData></ExtendedData>
      <Point><coordinates>-57.6214109521293,-25.2806391452062</coordinates></Point>
  </Placemark>
  <Placemark id="censo_infona_2022.888">
	<ExtendedData><SchemaData schemaUrl="#censo_infona_2022">
		<SimpleData name="Nº">888</SimpleData>
		<SimpleData name="Nombre_Com">Eucalipto</SimpleData>
		<SimpleData name="X">437436</SimpleData>
		<SimpleData name="Y">7203847</SimpleData>
	</SchemaData></ExtendedData>
      <Point><coordinates>-57.6214102620826,-25.2805036919542</coordinates></Point>
  </Placemark>
  <Placemark id="censo_infona_2022.889">
	<ExtendedData><SchemaData schemaUrl="#censo_infona_2022">
		<SimpleData name="Nº">889</SimpleData>
		<SimpleData name="Nombre_Com">Eucalipto</SimpleData>
		<SimpleData name="X">437433</SimpleData>
		<SimpleData name="Y">7203847</SimpleData>
	</SchemaData></ExtendedData>
      <Point><coordinates>-57.6214400578761,-25.2805035664721</coordinates></Point>
  </Placemark>
  <Placemark id="censo_infona_2022.890">
	<ExtendedData><SchemaData schemaUrl="#censo_infona_2022">
		<SimpleData name="Nº">890</SimpleData>
		<SimpleData name="Nombre_Com">Eucalipto</SimpleData>
		<SimpleData name="X">437424</SimpleData>
		<SimpleData name="Y">7203870</SimpleData>
	</SchemaData></ExtendedData>
      <Point><coordinates>-57.6215283869905,-25.280295495003</coordinates></Point>
  </Placemark>
  <Placemark id="censo_infona_2022.891">
	<ExtendedData><SchemaData schemaUrl="#censo_infona_2022">
		<SimpleData name="Nº">891</SimpleData>
		<SimpleData name="Nombre_Com">Eucalipto</SimpleData>
		<SimpleData name="X">437413</SimpleData>
		<SimpleData name="Y">7203888</SimpleData>
	</SchemaData></ExtendedData>
      <Point><coordinates>-57.6216368096987,-25.2801324908853</coordinates></Point>
  </Placemark>
  <Placemark id="censo_infona_2022.892">
	<ExtendedData><SchemaData schemaUrl="#censo_infona_2022">
		<SimpleData name="Nº">892</SimpleData>
		<SimpleData name="Nombre_Com">Eucalipto</SimpleData>
		<SimpleData name="X">437411</SimpleData>
		<SimpleData name="Y">7203890</SimpleData>
	</SchemaData></ExtendedData>
      <Point><coordinates>-57.621656581459,-25.280114346768</coordinates></Point>
  </Placemark>
  <Placemark id="censo_infona_2022.893">
	<ExtendedData><SchemaData schemaUrl="#censo_infona_2022">
		<SimpleData name="Nº">893</SimpleData>
		<SimpleData name="Nombre_Com">Eucalipto</SimpleData>
		<SimpleData name="X">437401</SimpleData>
		<SimpleData name="Y">7203890</SimpleData>
	</SchemaData></ExtendedData>
      <Point><coordinates>-57.6217559004482,-25.2801139283111</coordinates></Point>
  </Placemark>
  <Placemark id="censo_infona_2022.894">
	<ExtendedData><SchemaData schemaUrl="#censo_infona_2022">
		<SimpleData name="Nº">894</SimpleData>
		<SimpleData name="Nombre_Com">Eucalipto</SimpleData>
		<SimpleData name="X">437395</SimpleData>
		<SimpleData name="Y">7203891</SimpleData>
	</SchemaData></ExtendedData>
      <Point><coordinates>-57.6218154458086,-25.2801046469882</coordinates></Point>
  </Placemark>
  <Placemark id="censo_infona_2022.895">
	<ExtendedData><SchemaData schemaUrl="#censo_infona_2022">
		<SimpleData name="Nº">895</SimpleData>
		<SimpleData name="Nombre_Com">Eucalipto</SimpleData>
		<SimpleData name="X">437390</SimpleData>
		<SimpleData name="Y">7203892</SimpleData>
	</SchemaData></ExtendedData>
      <Point><coordinates>-57.6218650592623,-25.2800954074982</coordinates></Point>
  </Placemark>
  <Placemark id="censo_infona_2022.896">
	<ExtendedData><SchemaData schemaUrl="#censo_infona_2022">
		<SimpleData name="Nº">896</SimpleData>
		<SimpleData name="Nombre_Com">Yvyra ju</SimpleData>
		<SimpleData name="X">437383</SimpleData>
		<SimpleData name="Y">7203890</SimpleData>
	</SchemaData></ExtendedData>
      <Point><coordinates>-57.6219346746233,-25.2801131749203</coordinates></Point>
  </Placemark>
  <Placemark id="censo_infona_2022.897">
	<ExtendedData><SchemaData schemaUrl="#censo_infona_2022">
		<SimpleData name="Nº">897</SimpleData>
		<SimpleData name="Nombre_Com">Yvyra pyta</SimpleData>
		<SimpleData name="X">437377</SimpleData>
		<SimpleData name="Y">7203888</SimpleData>
	</SchemaData></ExtendedData>
      <Point><coordinates>-57.6219943581042,-25.2801309841746</coordinates></Point>
  </Placemark>
  <Placemark id="censo_infona_2022.898">
	<ExtendedData><SchemaData schemaUrl="#censo_infona_2022">
		<SimpleData name="Nº">898</SimpleData>
		<SimpleData name="Nombre_Com">Yvyra pyta</SimpleData>
		<SimpleData name="X">437371</SimpleData>
		<SimpleData name="Y">7203871</SimpleData>
	</SchemaData></ExtendedData>
      <Point><coordinates>-57.6220547323525,-25.2802842466463</coordinates></Point>
  </Placemark>
  <Placemark id="censo_infona_2022.899">
	<ExtendedData><SchemaData schemaUrl="#censo_infona_2022">
		<SimpleData name="Nº">899</SimpleData>
		<SimpleData name="Nombre_Com">Yvyra pyta</SimpleData>
		<SimpleData name="X">437375</SimpleData>
		<SimpleData name="Y">7203879</SimpleData>
	</SchemaData></ExtendedData>
      <Point><coordinates>-57.6220146363265,-25.2802121723893</coordinates></Point>
  </Placemark>
  <Placemark id="censo_infona_2022.900">
	<ExtendedData><SchemaData schemaUrl="#censo_infona_2022">
		<SimpleData name="Nº">900</SimpleData>
		<SimpleData name="Nombre_Com">Tajy hu</SimpleData>
		<SimpleData name="X">437379</SimpleData>
		<SimpleData name="Y">7203882</SimpleData>
	</SchemaData></ExtendedData>
      <Point><coordinates>-57.6219747705687,-25.2801852492015</coordinates></Point>
  </Placemark>
  <Placemark id="censo_infona_2022.901">
	<ExtendedData><SchemaData schemaUrl="#censo_infona_2022">
		<SimpleData name="Nº">901</SimpleData>
		<SimpleData name="Nombre_Com">Pindó</SimpleData>
		<SimpleData name="X">437389</SimpleData>
		<SimpleData name="Y">7203864</SimpleData>
	</SchemaData></ExtendedData>
      <Point><coordinates>-57.6218762801902,-25.2803482117015</coordinates></Point>
  </Placemark>
  <Placemark id="censo_infona_2022.902">
	<ExtendedData><SchemaData schemaUrl="#censo_infona_2022">
		<SimpleData name="Nº">902</SimpleData>
		<SimpleData name="Nombre_Com">Tajy hu</SimpleData>
		<SimpleData name="X">437387</SimpleData>
		<SimpleData name="Y">7203867</SimpleData>
	</SchemaData></ExtendedData>
      <Point><coordinates>-57.6218960059097,-25.2803210373364</coordinates></Point>
  </Placemark>
  <Placemark id="censo_infona_2022.903">
	<ExtendedData><SchemaData schemaUrl="#censo_infona_2022">
		<SimpleData name="Nº">903</SimpleData>
		<SimpleData name="Nombre_Com">Yvyra pyta</SimpleData>
		<SimpleData name="X">437394</SimpleData>
		<SimpleData name="Y">7203867</SimpleData>
	</SchemaData></ExtendedData>
      <Point><coordinates>-57.6218264825013,-25.2803213303315</coordinates></Point>
  </Placemark>
  <Placemark id="censo_infona_2022.904">
	<ExtendedData><SchemaData schemaUrl="#censo_infona_2022">
		<SimpleData name="Nº">904</SimpleData>
		<SimpleData name="Nombre_Com">Yvyra pyta</SimpleData>
		<SimpleData name="X">437378</SimpleData>
		<SimpleData name="Y">7203864</SimpleData>
	</SchemaData></ExtendedData>
      <Point><coordinates>-57.6219855312831,-25.2803477512286</coordinates></Point>
  </Placemark>
  <Placemark id="censo_infona_2022.905">
	<ExtendedData><SchemaData schemaUrl="#censo_infona_2022">
		<SimpleData name="Nº">905</SimpleData>
		<SimpleData name="Nombre_Com">Yvyra ro</SimpleData>
		<SimpleData name="X">437376</SimpleData>
		<SimpleData name="Y">7203865</SimpleData>
	</SchemaData></ExtendedData>
      <Point><coordinates>-57.6220053490712,-25.2803386372816</coordinates></Point>
  </Placemark>
  <Placemark id="censo_infona_2022.906">
	<ExtendedData><SchemaData schemaUrl="#censo_infona_2022">
		<SimpleData name="Nº">906</SimpleData>
		<SimpleData name="Nombre_Com">Tajy hu</SimpleData>
		<SimpleData name="X">437374</SimpleData>
		<SimpleData name="Y">7203863</SimpleData>
	</SchemaData></ExtendedData>
      <Point><coordinates>-57.6220253050007,-25.2803566139799</coordinates></Point>
  </Placemark>
  <Placemark id="censo_infona_2022.907">
	<ExtendedData><SchemaData schemaUrl="#censo_infona_2022">
		<SimpleData name="Nº">907</SimpleData>
		<SimpleData name="Nombre_Com">Pindó</SimpleData>
		<SimpleData name="X">437376</SimpleData>
		<SimpleData name="Y">7203861</SimpleData>
	</SchemaData></ExtendedData>
      <Point><coordinates>-57.622005533258,-25.2803747581457</coordinates></Point>
  </Placemark>
  <Placemark id="censo_infona_2022.908">
	<ExtendedData><SchemaData schemaUrl="#censo_infona_2022">
		<SimpleData name="Nº">908</SimpleData>
		<SimpleData name="Nombre_Com">Yvyra ro</SimpleData>
		<SimpleData name="X">437375</SimpleData>
		<SimpleData name="Y">7203853</SimpleData>
	</SchemaData></ExtendedData>
      <Point><coordinates>-57.6220158335582,-25.2804469580068</coordinates></Point>
  </Placemark>
  <Placemark id="censo_infona_2022.909">
	<ExtendedData><SchemaData schemaUrl="#censo_infona_2022">
		<SimpleData name="Nº">909</SimpleData>
		<SimpleData name="Nombre_Com">Tajy hu</SimpleData>
		<SimpleData name="X">437387</SimpleData>
		<SimpleData name="Y">7203858</SimpleData>
	</SchemaData></ExtendedData>
      <Point><coordinates>-57.6218964202574,-25.2804023092825</coordinates></Point>
  </Placemark>
  <Placemark id="censo_infona_2022.910">
	<ExtendedData><SchemaData schemaUrl="#censo_infona_2022">
		<SimpleData name="Nº">910</SimpleData>
		<SimpleData name="Nombre_Com">Mbokaja</SimpleData>
		<SimpleData name="X">437392</SimpleData>
		<SimpleData name="Y">7203862</SimpleData>
	</SchemaData></ExtendedData>
      <Point><coordinates>-57.621846576507,-25.2803663977037</coordinates></Point>
  </Placemark>
  <Placemark id="censo_infona_2022.911">
	<ExtendedData><SchemaData schemaUrl="#censo_infona_2022">
		<SimpleData name="Nº">911</SimpleData>
		<SimpleData name="Nombre_Com">Kurupa'y ra</SimpleData>
		<SimpleData name="X">437398</SimpleData>
		<SimpleData name="Y">7203857</SimpleData>
	</SchemaData></ExtendedData>
      <Point><coordinates>-57.6217872151444,-25.2804117999067</coordinates></Point>
  </Placemark>
  <Placemark id="censo_infona_2022.912">
	<ExtendedData><SchemaData schemaUrl="#censo_infona_2022">
		<SimpleData name="Nº">912</SimpleData>
		<SimpleData name="Nombre_Com">Yvyra ro</SimpleData>
		<SimpleData name="X">437396</SimpleData>
		<SimpleData name="Y">7203848</SimpleData>
	</SchemaData></ExtendedData>
      <Point><coordinates>-57.6218074932805,-25.2804929881485</coordinates></Point>
  </Placemark>
  <Placemark id="censo_infona_2022.913">
	<ExtendedData><SchemaData schemaUrl="#censo_infona_2022">
		<SimpleData name="Nº">913</SimpleData>
		<SimpleData name="Nombre_Com">Yvyra ju</SimpleData>
		<SimpleData name="X">437395</SimpleData>
		<SimpleData name="Y">7203837</SimpleData>
	</SchemaData></ExtendedData>
      <Point><coordinates>-57.6218179315752,-25.2805922786726</coordinates></Point>
  </Placemark>
  <Placemark id="censo_infona_2022.914">
	<ExtendedData><SchemaData schemaUrl="#censo_infona_2022">
		<SimpleData name="Nº">914</SimpleData>
		<SimpleData name="Nombre_Com">Kurupa'y ra</SimpleData>
		<SimpleData name="X">437400</SimpleData>
		<SimpleData name="Y">7203830</SimpleData>
	</SchemaData></ExtendedData>
      <Point><coordinates>-57.6217685940947,-25.2806556994468</coordinates></Point>
  </Placemark>
  <Placemark id="censo_infona_2022.915">
	<ExtendedData><SchemaData schemaUrl="#censo_infona_2022">
		<SimpleData name="Nº">915</SimpleData>
		<SimpleData name="Nombre_Com">Yvyra ju</SimpleData>
		<SimpleData name="X">437384</SimpleData>
		<SimpleData name="Y">7203832</SimpleData>
	</SchemaData></ExtendedData>
      <Point><coordinates>-57.6219274130952,-25.2806369693181</coordinates></Point>
  </Placemark>
  <Placemark id="censo_infona_2022.916">
	<ExtendedData><SchemaData schemaUrl="#censo_infona_2022">
		<SimpleData name="Nº">916</SimpleData>
		<SimpleData name="Nombre_Com">Yvyra ju</SimpleData>
		<SimpleData name="X">437394</SimpleData>
		<SimpleData name="Y">7203819</SimpleData>
	</SchemaData></ExtendedData>
      <Point><coordinates>-57.6218286921292,-25.2807547807056</coordinates></Point>
  </Placemark>
  <Placemark id="censo_infona_2022.917">
	<ExtendedData><SchemaData schemaUrl="#censo_infona_2022">
		<SimpleData name="Nº">917</SimpleData>
		<SimpleData name="Nombre_Com">Lluvia de oro</SimpleData>
		<SimpleData name="X">437389</SimpleData>
		<SimpleData name="Y">7203817</SimpleData>
	</SchemaData></ExtendedData>
      <Point><coordinates>-57.6218784439595,-25.2807726318542</coordinates></Point>
  </Placemark>
  <Placemark id="censo_infona_2022.918">
	<ExtendedData><SchemaData schemaUrl="#censo_infona_2022">
		<SimpleData name="Nº">918</SimpleData>
		<SimpleData name="Nombre_Com">Chivato</SimpleData>
		<SimpleData name="X">437392</SimpleData>
		<SimpleData name="Y">7203806</SimpleData>
	</SchemaData></ExtendedData>
      <Point><coordinates>-57.6218491544997,-25.2808720897992</coordinates></Point>
  </Placemark>
  <Placemark id="censo_infona_2022.919">
	<ExtendedData><SchemaData schemaUrl="#censo_infona_2022">
		<SimpleData name="Nº">919</SimpleData>
		<SimpleData name="Nombre_Com">Yvyra pyta</SimpleData>
		<SimpleData name="X">437405</SimpleData>
		<SimpleData name="Y">7203808</SimpleData>
	</SchemaData></ExtendedData>
      <Point><coordinates>-57.6217199469598,-25.2808545734451</coordinates></Point>
  </Placemark>
  <Placemark id="censo_infona_2022.920">
	<ExtendedData><SchemaData schemaUrl="#censo_infona_2022">
		<SimpleData name="Nº">920</SimpleData>
		<SimpleData name="Nombre_Com">Yvyra ju</SimpleData>
		<SimpleData name="X">437411</SimpleData>
		<SimpleData name="Y">7203802</SimpleData>
	</SchemaData></ExtendedData>
      <Point><coordinates>-57.6216606313379,-25.2809090058155</coordinates></Point>
  </Placemark>
  <Placemark id="censo_infona_2022.921">
	<ExtendedData><SchemaData schemaUrl="#censo_infona_2022">
		<SimpleData name="Nº">921</SimpleData>
		<SimpleData name="Nombre_Com">Lluvia de oro</SimpleData>
		<SimpleData name="X">437404</SimpleData>
		<SimpleData name="Y">7203783</SimpleData>
	</SchemaData></ExtendedData>
      <Point><coordinates>-57.6217310296094,-25.2810802869912</coordinates></Point>
  </Placemark>
  <Placemark id="censo_infona_2022.922">
	<ExtendedData><SchemaData schemaUrl="#censo_infona_2022">
		<SimpleData name="Nº">922</SimpleData>
		<SimpleData name="Nombre_Com">Lluvia de oro</SimpleData>
		<SimpleData name="X">437410</SimpleData>
		<SimpleData name="Y">7203778</SimpleData>
	</SchemaData></ExtendedData>
      <Point><coordinates>-57.6216716678615,-25.2811256891508</coordinates></Point>
  </Placemark>
  <Placemark id="censo_infona_2022.923">
	<ExtendedData><SchemaData schemaUrl="#censo_infona_2022">
		<SimpleData name="Nº">923</SimpleData>
		<SimpleData name="Nombre_Com">Kurupa'y kuru</SimpleData>
		<SimpleData name="X">437419</SimpleData>
		<SimpleData name="Y">7203786</SimpleData>
	</SchemaData></ExtendedData>
      <Point><coordinates>-57.6215819118933,-25.281053824001</coordinates></Point>
  </Placemark>
  <Placemark id="censo_infona_2022.924">
	<ExtendedData><SchemaData schemaUrl="#censo_infona_2022">
		<SimpleData name="Nº">924</SimpleData>
		<SimpleData name="Nombre_Com">Pindó</SimpleData>
		<SimpleData name="X">437421</SimpleData>
		<SimpleData name="Y">7203777</SimpleData>
	</SchemaData></ExtendedData>
      <Point><coordinates>-57.6215624620808,-25.2811351796203</coordinates></Point>
  </Placemark>
  <Placemark id="censo_infona_2022.925">
	<ExtendedData><SchemaData schemaUrl="#censo_infona_2022">
		<SimpleData name="Nº">925</SimpleData>
		<SimpleData name="Nombre_Com">Lluvia de oro</SimpleData>
		<SimpleData name="X">437430</SimpleData>
		<SimpleData name="Y">7203775</SimpleData>
	</SchemaData></ExtendedData>
      <Point><coordinates>-57.6214731662568,-25.2811536165635</coordinates></Point>
  </Placemark>
  <Placemark id="censo_infona_2022.926">
	<ExtendedData><SchemaData schemaUrl="#censo_infona_2022">
		<SimpleData name="Nº">926</SimpleData>
		<SimpleData name="Nombre_Com">Yvyra ju</SimpleData>
		<SimpleData name="X">437425</SimpleData>
		<SimpleData name="Y">7203783</SimpleData>
	</SchemaData></ExtendedData>
      <Point><coordinates>-57.6215224580762,-25.2810811656696</coordinates></Point>
  </Placemark>
  <Placemark id="censo_infona_2022.927">
	<ExtendedData><SchemaData schemaUrl="#censo_infona_2022">
		<SimpleData name="Nº">927</SimpleData>
		<SimpleData name="Nombre_Com">Yvyra ro</SimpleData>
		<SimpleData name="X">437429</SimpleData>
		<SimpleData name="Y">7203789</SimpleData>
	</SchemaData></ExtendedData>
      <Point><coordinates>-57.6214824541073,-25.281027151707</coordinates></Point>
  </Placemark>
  <Placemark id="censo_infona_2022.928">
	<ExtendedData><SchemaData schemaUrl="#censo_infona_2022">
		<SimpleData name="Nº">928</SimpleData>
		<SimpleData name="Nombre_Com">Yvyra ju</SimpleData>
		<SimpleData name="X">437432</SimpleData>
		<SimpleData name="Y">7203791</SimpleData>
	</SchemaData></ExtendedData>
      <Point><coordinates>-57.6214525661718,-25.2810092167677</coordinates></Point>
  </Placemark>
  <Placemark id="censo_infona_2022.929">
	<ExtendedData><SchemaData schemaUrl="#censo_infona_2022">
		<SimpleData name="Nº">929</SimpleData>
		<SimpleData name="Nombre_Com">Yvyra ju</SimpleData>
		<SimpleData name="X">437439</SimpleData>
		<SimpleData name="Y">7203794</SimpleData>
	</SchemaData></ExtendedData>
      <Point><coordinates>-57.6213829043595,-25.2809824189123</coordinates></Point>
  </Placemark>
  <Placemark id="censo_infona_2022.930">
	<ExtendedData><SchemaData schemaUrl="#censo_infona_2022">
		<SimpleData name="Nº">930</SimpleData>
		<SimpleData name="Nombre_Com">Tajy hu</SimpleData>
		<SimpleData name="X">437438</SimpleData>
		<SimpleData name="Y">7203793</SimpleData>
	</SchemaData></ExtendedData>
      <Point><coordinates>-57.6213928823323,-25.280991407303</coordinates></Point>
  </Placemark>
  <Placemark id="censo_infona_2022.931">
	<ExtendedData><SchemaData schemaUrl="#censo_infona_2022">
		<SimpleData name="Nº">931</SimpleData>
		<SimpleData name="Nombre_Com">Lluvia de oro</SimpleData>
		<SimpleData name="X">437444</SimpleData>
		<SimpleData name="Y">7203797</SimpleData>
	</SchemaData></ExtendedData>
      <Point><coordinates>-57.6213331065134,-25.2809555373809</coordinates></Point>
  </Placemark>
  <Placemark id="censo_infona_2022.932">
	<ExtendedData><SchemaData schemaUrl="#censo_infona_2022">
		<SimpleData name="Nº">932</SimpleData>
		<SimpleData name="Nombre_Com">Yvyra pyta</SimpleData>
		<SimpleData name="X">437445</SimpleData>
		<SimpleData name="Y">7203797</SimpleData>
	</SchemaData></ExtendedData>
      <Point><coordinates>-57.6213231745452,-25.2809555792025</coordinates></Point>
  </Placemark>
  <Placemark id="censo_infona_2022.933">
	<ExtendedData><SchemaData schemaUrl="#censo_infona_2022">
		<SimpleData name="Nº">933</SimpleData>
		<SimpleData name="Nombre_Com">Yvyra ju</SimpleData>
		<SimpleData name="X">437423</SimpleData>
		<SimpleData name="Y">7203799</SimpleData>
	</SchemaData></ExtendedData>
      <Point><coordinates>-57.6215415858122,-25.280936598542</coordinates></Point>
  </Placemark>
  <Placemark id="censo_infona_2022.934">
	<ExtendedData><SchemaData schemaUrl="#censo_infona_2022">
		<SimpleData name="Nº">934</SimpleData>
		<SimpleData name="Nombre_Com">Yvyra ju</SimpleData>
		<SimpleData name="X">437416</SimpleData>
		<SimpleData name="Y">7203812</SimpleData>
	</SchemaData></ExtendedData>
      <Point><coordinates>-57.6216105113336,-25.2808189128654</coordinates></Point>
  </Placemark>
  <Placemark id="censo_infona_2022.935">
	<ExtendedData><SchemaData schemaUrl="#censo_infona_2022">
		<SimpleData name="Nº">935</SimpleData>
		<SimpleData name="Nombre_Com">Kurupa'y ra</SimpleData>
		<SimpleData name="X">437414</SimpleData>
		<SimpleData name="Y">7203822</SimpleData>
	</SchemaData></ExtendedData>
      <Point><coordinates>-57.6216299150486,-25.2807285270216</coordinates></Point>
  </Placemark>
  <Placemark id="censo_infona_2022.936">
	<ExtendedData><SchemaData schemaUrl="#censo_infona_2022">
		<SimpleData name="Nº">936</SimpleData>
		<SimpleData name="Nombre_Com">Tajy hu</SimpleData>
		<SimpleData name="X">437423</SimpleData>
		<SimpleData name="Y">7203822</SimpleData>
	</SchemaData></ExtendedData>
      <Point><coordinates>-57.6215405275059,-25.2807289035681</coordinates></Point>
  </Placemark>
  <Placemark id="censo_infona_2022.937">
	<ExtendedData><SchemaData schemaUrl="#censo_infona_2022">
		<SimpleData name="Nº">937</SimpleData>
		<SimpleData name="Nombre_Com">Yvyra ju</SimpleData>
		<SimpleData name="X">437427</SimpleData>
		<SimpleData name="Y">7203829</SimpleData>
	</SchemaData></ExtendedData>
      <Point><coordinates>-57.6215004776383,-25.2806658593892</coordinates></Point>
  </Placemark>
  <Placemark id="censo_infona_2022.938">
	<ExtendedData><SchemaData schemaUrl="#censo_infona_2022">
		<SimpleData name="Nº">938</SimpleData>
		<SimpleData name="Nombre_Com">Tajy hu</SimpleData>
		<SimpleData name="X">437424</SimpleData>
		<SimpleData name="Y">7203837</SimpleData>
	</SchemaData></ExtendedData>
      <Point><coordinates>-57.6215299053742,-25.2805934921559</coordinates></Point>
  </Placemark>
  <Placemark id="censo_infona_2022.939">
	<ExtendedData><SchemaData schemaUrl="#censo_infona_2022">
		<SimpleData name="Nº">939</SimpleData>
		<SimpleData name="Nombre_Com">Kurupa'y ra</SimpleData>
		<SimpleData name="X">437413</SimpleData>
		<SimpleData name="Y">7203839</SimpleData>
	</SchemaData></ExtendedData>
      <Point><coordinates>-57.6216390646539,-25.2805749715025</coordinates></Point>
  </Placemark>
  <Placemark id="censo_infona_2022.940">
	<ExtendedData><SchemaData schemaUrl="#censo_infona_2022">
		<SimpleData name="Nº">940</SimpleData>
		<SimpleData name="Nombre_Com">Yvyra pyta</SimpleData>
		<SimpleData name="X">437427</SimpleData>
		<SimpleData name="Y">7203849</SimpleData>
	</SchemaData></ExtendedData>
      <Point><coordinates>-57.6214995574434,-25.2804852550563</coordinates></Point>
  </Placemark>
  <Placemark id="censo_infona_2022.941">
	<ExtendedData><SchemaData schemaUrl="#censo_infona_2022">
		<SimpleData name="Nº">941</SimpleData>
		<SimpleData name="Nombre_Com">Lluvia de oro</SimpleData>
		<SimpleData name="X">437422</SimpleData>
		<SimpleData name="Y">7203854</SimpleData>
	</SchemaData></ExtendedData>
      <Point><coordinates>-57.621548987025,-25.2804398948027</coordinates></Point>
  </Placemark>
  <Placemark id="censo_infona_2022.942">
	<ExtendedData><SchemaData schemaUrl="#censo_infona_2022">
		<SimpleData name="Nº">942</SimpleData>
		<SimpleData name="Nombre_Com">Yvyra pyta</SimpleData>
		<SimpleData name="X">437420</SimpleData>
		<SimpleData name="Y">7203866</SimpleData>
	</SchemaData></ExtendedData>
      <Point><coordinates>-57.6215682987034,-25.2803314485291</coordinates></Point>
  </Placemark>
  <Placemark id="censo_infona_2022.943">
	<ExtendedData><SchemaData schemaUrl="#censo_infona_2022">
		<SimpleData name="Nº">943</SimpleData>
		<SimpleData name="Nombre_Com">Tajy hu</SimpleData>
		<SimpleData name="X">437424</SimpleData>
		<SimpleData name="Y">7203869</SimpleData>
	</SchemaData></ExtendedData>
      <Point><coordinates>-57.6215284330017,-25.28030452522</coordinates></Point>
  </Placemark>
  <Placemark id="censo_infona_2022.944">
	<ExtendedData><SchemaData schemaUrl="#censo_infona_2022">
		<SimpleData name="Nº">944</SimpleData>
		<SimpleData name="Nombre_Com">Palma</SimpleData>
		<SimpleData name="X">437414</SimpleData>
		<SimpleData name="Y">7203848</SimpleData>
	</SchemaData></ExtendedData>
      <Point><coordinates>-57.6216287185445,-25.2804937413958</coordinates></Point>
  </Placemark>
  <Placemark id="censo_infona_2022.945">
	<ExtendedData><SchemaData schemaUrl="#censo_infona_2022">
		<SimpleData name="Nº">945</SimpleData>
		<SimpleData name="Nombre_Com">Kurupa'y ra</SimpleData>
		<SimpleData name="X">437406</SimpleData>
		<SimpleData name="Y">7203852</SimpleData>
	</SchemaData></ExtendedData>
      <Point><coordinates>-57.6217079898838,-25.2804572857803</coordinates></Point>
  </Placemark>
  <Placemark id="censo_infona_2022.946">
	<ExtendedData><SchemaData schemaUrl="#censo_infona_2022">
		<SimpleData name="Nº">946</SimpleData>
		<SimpleData name="Nombre_Com">Yvyra ro</SimpleData>
		<SimpleData name="X">437404</SimpleData>
		<SimpleData name="Y">7203855</SimpleData>
	</SchemaData></ExtendedData>
      <Point><coordinates>-57.6217277156585,-25.2804301114371</coordinates></Point>
  </Placemark>
  <Placemark id="censo_infona_2022.947">
	<ExtendedData><SchemaData schemaUrl="#censo_infona_2022">
		<SimpleData name="Nº">947</SimpleData>
		<SimpleData name="Nombre_Com">Yvyra pyta</SimpleData>
		<SimpleData name="X">437407</SimpleData>
		<SimpleData name="Y">7203859</SimpleData>
	</SchemaData></ExtendedData>
      <Point><coordinates>-57.6216977357884,-25.2803941161109</coordinates></Point>
  </Placemark>
  <Placemark id="censo_infona_2022.948">
	<ExtendedData><SchemaData schemaUrl="#censo_infona_2022">
		<SimpleData name="Nº">948</SimpleData>
		<SimpleData name="Nombre_Com">Yvyra ju</SimpleData>
		<SimpleData name="X">437404</SimpleData>
		<SimpleData name="Y">7203861</SimpleData>
	</SchemaData></ExtendedData>
      <Point><coordinates>-57.6217274395011,-25.2803759301383</coordinates></Point>
  </Placemark>
  <Placemark id="censo_infona_2022.949">
	<ExtendedData><SchemaData schemaUrl="#censo_infona_2022">
		<SimpleData name="Nº">949</SimpleData>
		<SimpleData name="Nombre_Com">Yvyra ju</SimpleData>
		<SimpleData name="X">437407</SimpleData>
		<SimpleData name="Y">7203868</SimpleData>
	</SchemaData></ExtendedData>
      <Point><coordinates>-57.6216973215733,-25.2803128441618</coordinates></Point>
  </Placemark>
  <Placemark id="censo_infona_2022.950">
	<ExtendedData><SchemaData schemaUrl="#censo_infona_2022">
		<SimpleData name="Nº">950</SimpleData>
		<SimpleData name="Nombre_Com">Mbokaja</SimpleData>
		<SimpleData name="X">437410</SimpleData>
		<SimpleData name="Y">7203867</SimpleData>
	</SchemaData></ExtendedData>
      <Point><coordinates>-57.6216675718494,-25.2803219999116</coordinates></Point>
  </Placemark>
  <Placemark id="censo_infona_2022.951">
	<ExtendedData><SchemaData schemaUrl="#censo_infona_2022">
		<SimpleData name="Nº">951</SimpleData>
		<SimpleData name="Nombre_Com">Yvyra ju</SimpleData>
		<SimpleData name="X">437411</SimpleData>
		<SimpleData name="Y">7203871</SimpleData>
	</SchemaData></ExtendedData>
      <Point><coordinates>-57.6216574558501,-25.2802859208879</coordinates></Point>
  </Placemark>
  <Placemark id="censo_infona_2022.952">
	<ExtendedData><SchemaData schemaUrl="#censo_infona_2022">
		<SimpleData name="Nº">952</SimpleData>
		<SimpleData name="Nombre_Com">Mbokaja</SimpleData>
		<SimpleData name="X">437404</SimpleData>
		<SimpleData name="Y">7203873</SimpleData>
	</SchemaData></ExtendedData>
      <Point><coordinates>-57.6217268871888,-25.2802675675395</coordinates></Point>
  </Placemark>
  <Placemark id="censo_infona_2022.953">
	<ExtendedData><SchemaData schemaUrl="#censo_infona_2022">
		<SimpleData name="Nº">953</SimpleData>
		<SimpleData name="Nombre_Com">Yvyra pyta</SimpleData>
		<SimpleData name="X">437404</SimpleData>
		<SimpleData name="Y">7203875</SimpleData>
	</SchemaData></ExtendedData>
      <Point><coordinates>-57.621726795137,-25.2802495071063</coordinates></Point>
  </Placemark>
  <Placemark id="censo_infona_2022.954">
	<ExtendedData><SchemaData schemaUrl="#censo_infona_2022">
		<SimpleData name="Nº">954</SimpleData>
		<SimpleData name="Nombre_Com">Yvyra pyta</SimpleData>
		<SimpleData name="X">437397</SimpleData>
		<SimpleData name="Y">7203881</SimpleData>
	</SchemaData></ExtendedData>
      <Point><coordinates>-57.6217960423202,-25.2801950328595</coordinates></Point>
  </Placemark>
  <Placemark id="censo_infona_2022.955">
	<ExtendedData><SchemaData schemaUrl="#censo_infona_2022">
		<SimpleData name="Nº">955</SimpleData>
		<SimpleData name="Nombre_Com">Eucalipto</SimpleData>
		<SimpleData name="X">437415</SimpleData>
		<SimpleData name="Y">7203901</SimpleData>
	</SchemaData></ExtendedData>
      <Point><coordinates>-57.6216163476722,-25.2800151817443</coordinates></Point>
  </Placemark>
  <Placemark id="censo_infona_2022.956">
	<ExtendedData><SchemaData schemaUrl="#censo_infona_2022">
		<SimpleData name="Nº">956</SimpleData>
		<SimpleData name="Nombre_Com">Leucaena</SimpleData>
		<SimpleData name="X">437419</SimpleData>
		<SimpleData name="Y">7203901</SimpleData>
	</SchemaData></ExtendedData>
      <Point><coordinates>-57.6215766201079,-25.2800153490969</coordinates></Point>
  </Placemark>
  <Placemark id="censo_infona_2022.957">
	<ExtendedData><SchemaData schemaUrl="#censo_infona_2022">
		<SimpleData name="Nº">957</SimpleData>
		<SimpleData name="Nombre_Com">Yvyra ro</SimpleData>
		<SimpleData name="X">437418</SimpleData>
		<SimpleData name="Y">7203902</SimpleData>
	</SchemaData></ExtendedData>
      <Point><coordinates>-57.6215865059841,-25.2800062770426</coordinates></Point>
  </Placemark>
  <Placemark id="censo_infona_2022.958">
	<ExtendedData><SchemaData schemaUrl="#censo_infona_2022">
		<SimpleData name="Nº">958</SimpleData>
		<SimpleData name="Nombre_Com">Aylanthus</SimpleData>
		<SimpleData name="X">437428</SimpleData>
		<SimpleData name="Y">7203895</SimpleData>
	</SchemaData></ExtendedData>
      <Point><coordinates>-57.6214875091331,-25.2800699069051</coordinates></Point>
  </Placemark>
  <Placemark id="censo_infona_2022.959">
	<ExtendedData><SchemaData schemaUrl="#censo_infona_2022">
		<SimpleData name="Nº">959</SimpleData>
		<SimpleData name="Nombre_Com">Tajy hu</SimpleData>
		<SimpleData name="X">437428</SimpleData>
		<SimpleData name="Y">7203892</SimpleData>
	</SchemaData></ExtendedData>
      <Point><coordinates>-57.6214876471565,-25.2800969975569</coordinates></Point>
  </Placemark>
  <Placemark id="censo_infona_2022.960">
	<ExtendedData><SchemaData schemaUrl="#censo_infona_2022">
		<SimpleData name="Nº">960</SimpleData>
		<SimpleData name="Nombre_Com">Yvyra ro</SimpleData>
		<SimpleData name="X">437435</SimpleData>
		<SimpleData name="Y">7203891</SimpleData>
	</SchemaData></ExtendedData>
      <Point><coordinates>-57.6214181698731,-25.2801063205745</coordinates></Point>
  </Placemark>
  <Placemark id="censo_infona_2022.961">
	<ExtendedData><SchemaData schemaUrl="#censo_infona_2022">
		<SimpleData name="Nº">961</SimpleData>
		<SimpleData name="Nombre_Com">Samu'u</SimpleData>
		<SimpleData name="X">437443</SimpleData>
		<SimpleData name="Y">7203895</SimpleData>
	</SchemaData></ExtendedData>
      <Point><coordinates>-57.6213385306945,-25.2800705342934</coordinates></Point>
  </Placemark>
  <Placemark id="censo_infona_2022.962">
	<ExtendedData><SchemaData schemaUrl="#censo_infona_2022">
		<SimpleData name="Nº">962</SimpleData>
		<SimpleData name="Nombre_Com">Aylanthus</SimpleData>
		<SimpleData name="X">437446</SimpleData>
		<SimpleData name="Y">7203882</SimpleData>
	</SchemaData></ExtendedData>
      <Point><coordinates>-57.6213093329371,-25.2801880525807</coordinates></Point>
  </Placemark>
  <Placemark id="censo_infona_2022.963">
	<ExtendedData><SchemaData schemaUrl="#censo_infona_2022">
		<SimpleData name="Nº">963</SimpleData>
		<SimpleData name="Nombre_Com">Yvyra pyta</SimpleData>
		<SimpleData name="X">437452</SimpleData>
		<SimpleData name="Y">7203882</SimpleData>
	</SchemaData></ExtendedData>
      <Point><coordinates>-57.6212497415025,-25.2801883034832</coordinates></Point>
  </Placemark>
  <Placemark id="censo_infona_2022.964">
	<ExtendedData><SchemaData schemaUrl="#censo_infona_2022">
		<SimpleData name="Nº">964</SimpleData>
		<SimpleData name="Nombre_Com">Tajy hu</SimpleData>
		<SimpleData name="X">437459</SimpleData>
		<SimpleData name="Y">7203871</SimpleData>
	</SchemaData></ExtendedData>
      <Point><coordinates>-57.6211807240005,-25.2802879285661</coordinates></Point>
  </Placemark>
  <Placemark id="censo_infona_2022.965">
	<ExtendedData><SchemaData schemaUrl="#censo_infona_2022">
		<SimpleData name="Nº">965</SimpleData>
		<SimpleData name="Nombre_Com">Tajy hu</SimpleData>
		<SimpleData name="X">437470</SimpleData>
		<SimpleData name="Y">7203874</SimpleData>
	</SchemaData></ExtendedData>
      <Point><coordinates>-57.6210713350122,-25.2802612977888</coordinates></Point>
  </Placemark>
  <Placemark id="censo_infona_2022.966">
	<ExtendedData><SchemaData schemaUrl="#censo_infona_2022">
		<SimpleData name="Nº">966</SimpleData>
		<SimpleData name="Nombre_Com">Yvyra ju</SimpleData>
		<SimpleData name="X">437472</SimpleData>
		<SimpleData name="Y">7203870</SimpleData>
	</SchemaData></ExtendedData>
      <Point><coordinates>-57.6210516550917,-25.280297502265</coordinates></Point>
  </Placemark>
  <Placemark id="censo_infona_2022.967">
	<ExtendedData><SchemaData schemaUrl="#censo_infona_2022">
		<SimpleData name="Nº">967</SimpleData>
		<SimpleData name="Nombre_Com">Yvyra ju</SimpleData>
		<SimpleData name="X">437474</SimpleData>
		<SimpleData name="Y">7203883</SimpleData>
	</SchemaData></ExtendedData>
      <Point><coordinates>-57.6210311935948,-25.2801801930353</coordinates></Point>
  </Placemark>
  <Placemark id="censo_infona_2022.968">
	<ExtendedData><SchemaData schemaUrl="#censo_infona_2022">
		<SimpleData name="Nº">968</SimpleData>
		<SimpleData name="Nombre_Com">Tataré</SimpleData>
		<SimpleData name="X">437507</SimpleData>
		<SimpleData name="Y">7203880</SimpleData>
	</SchemaData></ExtendedData>
      <Point><coordinates>-57.6207035785487,-25.2802086627385</coordinates></Point>
  </Placemark>
  <Placemark id="censo_infona_2022.969">
	<ExtendedData><SchemaData schemaUrl="#censo_infona_2022">
		<SimpleData name="Nº">969</SimpleData>
		<SimpleData name="Nombre_Com">Tajy hu</SimpleData>
		<SimpleData name="X">437505</SimpleData>
		<SimpleData name="Y">7203871</SimpleData>
	</SchemaData></ExtendedData>
      <Point><coordinates>-57.62072385593,-25.2802898511459</coordinates></Point>
  </Placemark>
  <Placemark id="censo_infona_2022.970">
	<ExtendedData><SchemaData schemaUrl="#censo_infona_2022">
		<SimpleData name="Nº">970</SimpleData>
		<SimpleData name="Nombre_Com">Tataré</SimpleData>
		<SimpleData name="X">437524</SimpleData>
		<SimpleData name="Y">7203875</SimpleData>
	</SchemaData></ExtendedData>
      <Point><coordinates>-57.6205349657886,-25.2802545239675</coordinates></Point>
  </Placemark>
  <Placemark id="censo_infona_2022.971">
	<ExtendedData><SchemaData schemaUrl="#censo_infona_2022">
		<SimpleData name="Nº">971</SimpleData>
		<SimpleData name="Nombre_Com">Tataré</SimpleData>
		<SimpleData name="X">437526</SimpleData>
		<SimpleData name="Y">7203876</SimpleData>
	</SchemaData></ExtendedData>
      <Point><coordinates>-57.6205150560273,-25.2802455772816</coordinates></Point>
  </Placemark>
  <Placemark id="censo_infona_2022.972">
	<ExtendedData><SchemaData schemaUrl="#censo_infona_2022">
		<SimpleData name="Nº">972</SimpleData>
		<SimpleData name="Nombre_Com">Yvyra pyta</SimpleData>
		<SimpleData name="X">437447</SimpleData>
		<SimpleData name="Y">7203864</SimpleData>
	</SchemaData></ExtendedData>
      <Point><coordinates>-57.6213002289285,-25.280350638312</coordinates></Point>
  </Placemark>
  <Placemark id="censo_infona_2022.973">
	<ExtendedData><SchemaData schemaUrl="#censo_infona_2022">
		<SimpleData name="Nº">973</SimpleData>
		<SimpleData name="Nombre_Com">Eucalipto</SimpleData>
		<SimpleData name="X">437434</SimpleData>
		<SimpleData name="Y">7203873</SimpleData>
	</SchemaData></ExtendedData>
      <Point><coordinates>-57.6214289298375,-25.2802688226582</coordinates></Point>
  </Placemark>
  <Placemark id="censo_infona_2022.974">
	<ExtendedData><SchemaData schemaUrl="#censo_infona_2022">
		<SimpleData name="Nº">974</SimpleData>
		<SimpleData name="Nombre_Com">Eucalipto</SimpleData>
		<SimpleData name="X">437437</SimpleData>
		<SimpleData name="Y">7203859</SimpleData>
	</SchemaData></ExtendedData>
      <Point><coordinates>-57.6213997781264,-25.2803953711766</coordinates></Point>
  </Placemark>
  <Placemark id="censo_infona_2022.975">
	<ExtendedData><SchemaData schemaUrl="#censo_infona_2022">
		<SimpleData name="Nº">975</SimpleData>
		<SimpleData name="Nombre_Com">Eucalipto</SimpleData>
		<SimpleData name="X">437442</SimpleData>
		<SimpleData name="Y">7203852</SimpleData>
	</SchemaData></ExtendedData>
      <Point><coordinates>-57.6213504405025,-25.2804587918153</coordinates></Point>
  </Placemark>
  <Placemark id="censo_infona_2022.976">
	<ExtendedData><SchemaData schemaUrl="#censo_infona_2022">
		<SimpleData name="Nº">976</SimpleData>
		<SimpleData name="Nombre_Com">Eucalipto</SimpleData>
		<SimpleData name="X">437442</SimpleData>
		<SimpleData name="Y">7203850</SimpleData>
	</SchemaData></ExtendedData>
      <Point><coordinates>-57.6213505324994,-25.2804768522494</coordinates></Point>
  </Placemark>
  <Placemark id="censo_infona_2022.977">
	<ExtendedData><SchemaData schemaUrl="#censo_infona_2022">
		<SimpleData name="Nº">977</SimpleData>
		<SimpleData name="Nombre_Com">Eucalipto</SimpleData>
		<SimpleData name="X">437446</SimpleData>
		<SimpleData name="Y">7203845</SimpleData>
	</SchemaData></ExtendedData>
      <Point><coordinates>-57.6213110347607,-25.2805221706186</coordinates></Point>
  </Placemark>
  <Placemark id="censo_infona_2022.978">
	<ExtendedData><SchemaData schemaUrl="#censo_infona_2022">
		<SimpleData name="Nº">978</SimpleData>
		<SimpleData name="Nombre_Com">Tipa</SimpleData>
		<SimpleData name="X">437447</SimpleData>
		<SimpleData name="Y">7203853</SimpleData>
	</SchemaData></ExtendedData>
      <Point><coordinates>-57.6213007348692,-25.2804499707012</coordinates></Point>
  </Placemark>
  <Placemark id="censo_infona_2022.979">
	<ExtendedData><SchemaData schemaUrl="#censo_infona_2022">
		<SimpleData name="Nº">979</SimpleData>
		<SimpleData name="Nombre_Com">Yvyra pyta</SimpleData>
		<SimpleData name="X">437453</SimpleData>
		<SimpleData name="Y">7203855</SimpleData>
	</SchemaData></ExtendedData>
      <Point><coordinates>-57.621241051326,-25.2804321611681</coordinates></Point>
  </Placemark>
  <Placemark id="censo_infona_2022.980">
	<ExtendedData><SchemaData schemaUrl="#censo_infona_2022">
		<SimpleData name="Nº">980</SimpleData>
		<SimpleData name="Nombre_Com">Tajy hu</SimpleData>
		<SimpleData name="X">437459</SimpleData>
		<SimpleData name="Y">7203850</SimpleData>
	</SchemaData></ExtendedData>
      <Point><coordinates>-57.6211816897011,-25.280477563132</coordinates></Point>
  </Placemark>
  <Placemark id="censo_infona_2022.981">
	<ExtendedData><SchemaData schemaUrl="#censo_infona_2022">
		<SimpleData name="Nº">981</SimpleData>
		<SimpleData name="Nombre_Com">Tipa</SimpleData>
		<SimpleData name="X">437451</SimpleData>
		<SimpleData name="Y">7203841</SimpleData>
	</SchemaData></ExtendedData>
      <Point><coordinates>-57.621261559064,-25.2805585005772</coordinates></Point>
  </Placemark>
  <Placemark id="censo_infona_2022.982">
	<ExtendedData><SchemaData schemaUrl="#censo_infona_2022">
		<SimpleData name="Nº">982</SimpleData>
		<SimpleData name="Nombre_Com">Yvyra ju</SimpleData>
		<SimpleData name="X">437455</SimpleData>
		<SimpleData name="Y">7203839</SimpleData>
	</SchemaData></ExtendedData>
      <Point><coordinates>-57.6212219232983,-25.2805767282719</coordinates></Point>
  </Placemark>
  <Placemark id="censo_infona_2022.983">
	<ExtendedData><SchemaData schemaUrl="#censo_infona_2022">
		<SimpleData name="Nº">983</SimpleData>
		<SimpleData name="Nombre_Com">Eucalipto</SimpleData>
		<SimpleData name="X">437451</SimpleData>
		<SimpleData name="Y">7203836</SimpleData>
	</SchemaData></ExtendedData>
      <Point><coordinates>-57.6212617890246,-25.2806036516624</coordinates></Point>
  </Placemark>
  <Placemark id="censo_infona_2022.984">
	<ExtendedData><SchemaData schemaUrl="#censo_infona_2022">
		<SimpleData name="Nº">984</SimpleData>
		<SimpleData name="Nombre_Com">Eucalipto</SimpleData>
		<SimpleData name="X">437456</SimpleData>
		<SimpleData name="Y">7203820</SimpleData>
	</SchemaData></ExtendedData>
      <Point><coordinates>-57.6212128651449,-25.2807483442089</coordinates></Point>
  </Placemark>
  <Placemark id="censo_infona_2022.985">
	<ExtendedData><SchemaData schemaUrl="#censo_infona_2022">
		<SimpleData name="Nº">985</SimpleData>
		<SimpleData name="Nombre_Com">Eucalipto</SimpleData>
		<SimpleData name="X">437460</SimpleData>
		<SimpleData name="Y">7203810</SimpleData>
	</SchemaData></ExtendedData>
      <Point><coordinates>-57.6211735971989,-25.2808388136268</coordinates></Point>
  </Placemark>
  <Placemark id="censo_infona_2022.986">
	<ExtendedData><SchemaData schemaUrl="#censo_infona_2022">
		<SimpleData name="Nº">986</SimpleData>
		<SimpleData name="Nombre_Com">Tajy hu</SimpleData>
		<SimpleData name="X">437465</SimpleData>
		<SimpleData name="Y">7203816</SimpleData>
	</SchemaData></ExtendedData>
      <Point><coordinates>-57.6211236615096,-25.2807848413712</coordinates></Point>
  </Placemark>
  <Placemark id="censo_infona_2022.987">
	<ExtendedData><SchemaData schemaUrl="#censo_infona_2022">
		<SimpleData name="Nº">987</SimpleData>
		<SimpleData name="Nombre_Com">Tajy hu</SimpleData>
		<SimpleData name="X">437463</SimpleData>
		<SimpleData name="Y">7203816</SimpleData>
	</SchemaData></ExtendedData>
      <Point><coordinates>-57.6211435254189,-25.2807847577549</coordinates></Point>
  </Placemark>
  <Placemark id="censo_infona_2022.988">
	<ExtendedData><SchemaData schemaUrl="#censo_infona_2022">
		<SimpleData name="Nº">988</SimpleData>
		<SimpleData name="Nombre_Com">Eucalipto</SimpleData>
		<SimpleData name="X">437470</SimpleData>
		<SimpleData name="Y">7203807</SimpleData>
	</SchemaData></ExtendedData>
      <Point><coordinates>-57.6210744155449,-25.280866322354</coordinates></Point>
  </Placemark>
  <Placemark id="censo_infona_2022.989">
	<ExtendedData><SchemaData schemaUrl="#censo_infona_2022">
		<SimpleData name="Nº">989</SimpleData>
		<SimpleData name="Nombre_Com">Tajy hu</SimpleData>
		<SimpleData name="X">437470</SimpleData>
		<SimpleData name="Y">7203796</SimpleData>
	</SchemaData></ExtendedData>
      <Point><coordinates>-57.6210749213135,-25.2809656547406</coordinates></Point>
  </Placemark>
  <Placemark id="censo_infona_2022.990">
	<ExtendedData><SchemaData schemaUrl="#censo_infona_2022">
		<SimpleData name="Nº">990</SimpleData>
		<SimpleData name="Nombre_Com">Yvyra ro</SimpleData>
		<SimpleData name="X">437473</SimpleData>
		<SimpleData name="Y">7203796</SimpleData>
	</SchemaData></ExtendedData>
      <Point><coordinates>-57.621045125405,-25.2809657801511</coordinates></Point>
  </Placemark>
  <Placemark id="censo_infona_2022.991">
	<ExtendedData><SchemaData schemaUrl="#censo_infona_2022">
		<SimpleData name="Nº">991</SimpleData>
		<SimpleData name="Nombre_Com">Chivato</SimpleData>
		<SimpleData name="X">437472</SimpleData>
		<SimpleData name="Y">7203782</SimpleData>
	</SchemaData></ExtendedData>
      <Point><coordinates>-57.6210557010633,-25.2810921613842</coordinates></Point>
  </Placemark>
  <Placemark id="censo_infona_2022.992">
	<ExtendedData><SchemaData schemaUrl="#censo_infona_2022">
		<SimpleData name="Nº">992</SimpleData>
		<SimpleData name="Nombre_Com">Tajy hu</SimpleData>
		<SimpleData name="X">437480</SimpleData>
		<SimpleData name="Y">7203781</SimpleData>
	</SchemaData></ExtendedData>
      <Point><coordinates>-57.6209762911964,-25.281101526007</coordinates></Point>
  </Placemark>
  <Placemark id="censo_infona_2022.993">
	<ExtendedData><SchemaData schemaUrl="#censo_infona_2022">
		<SimpleData name="Nº">993</SimpleData>
		<SimpleData name="Nombre_Com">Tajy hu</SimpleData>
		<SimpleData name="X">437483</SimpleData>
		<SimpleData name="Y">7203784</SimpleData>
	</SchemaData></ExtendedData>
      <Point><coordinates>-57.6209463573447,-25.2810745607473</coordinates></Point>
  </Placemark>
  <Placemark id="censo_infona_2022.994">
	<ExtendedData><SchemaData schemaUrl="#censo_infona_2022">
		<SimpleData name="Nº">994</SimpleData>
		<SimpleData name="Nombre_Com">Tajy hu</SimpleData>
		<SimpleData name="X">437491</SimpleData>
		<SimpleData name="Y">7203786</SimpleData>
	</SchemaData></ExtendedData>
      <Point><coordinates>-57.6208668095878,-25.2810568346598</coordinates></Point>
  </Placemark>
  <Placemark id="censo_infona_2022.995">
	<ExtendedData><SchemaData schemaUrl="#censo_infona_2022">
		<SimpleData name="Nº">995</SimpleData>
		<SimpleData name="Nombre_Com">Tajy hu</SimpleData>
		<SimpleData name="X">437494</SimpleData>
		<SimpleData name="Y">7203793</SimpleData>
	</SchemaData></ExtendedData>
      <Point><coordinates>-57.6208366919248,-25.2809937485081</coordinates></Point>
  </Placemark>
  <Placemark id="censo_infona_2022.996">
	<ExtendedData><SchemaData schemaUrl="#censo_infona_2022">
		<SimpleData name="Nº">996</SimpleData>
		<SimpleData name="Nombre_Com">Tajy hu</SimpleData>
		<SimpleData name="X">437500</SimpleData>
		<SimpleData name="Y">7203797</SimpleData>
	</SchemaData></ExtendedData>
      <Point><coordinates>-57.6207769162631,-25.2809578783576</coordinates></Point>
  </Placemark>
  <Placemark id="censo_infona_2022.997">
	<ExtendedData><SchemaData schemaUrl="#censo_infona_2022">
		<SimpleData name="Nº">997</SimpleData>
		<SimpleData name="Nombre_Com">Chivato</SimpleData>
		<SimpleData name="X">437480</SimpleData>
		<SimpleData name="Y">7203803</SimpleData>
	</SchemaData></ExtendedData>
      <Point><coordinates>-57.6209752798163,-25.2809028612325</coordinates></Point>
  </Placemark>
  <Placemark id="censo_infona_2022.998">
	<ExtendedData><SchemaData schemaUrl="#censo_infona_2022">
		<SimpleData name="Nº">998</SimpleData>
		<SimpleData name="Nombre_Com">Ñandypa guazu</SimpleData>
		<SimpleData name="X">437489</SimpleData>
		<SimpleData name="Y">7203809</SimpleData>
	</SchemaData></ExtendedData>
      <Point><coordinates>-57.6208856163453,-25.2808490560808</coordinates></Point>
  </Placemark>
  <Placemark id="censo_infona_2022.999">
	<ExtendedData><SchemaData schemaUrl="#censo_infona_2022">
		<SimpleData name="Nº">999</SimpleData>
		<SimpleData name="Nombre_Com">Tajy hu</SimpleData>
		<SimpleData name="X">437506</SimpleData>
		<SimpleData name="Y">7203804</SimpleData>
	</SchemaData></ExtendedData>
      <Point><coordinates>-57.6207170027788,-25.2808949175293</coordinates></Point>
  </Placemark>
  <Placemark id="censo_infona_2022.1000">
	<ExtendedData><SchemaData schemaUrl="#censo_infona_2022">
		<SimpleData name="Nº">1000</SimpleData>
		<SimpleData name="Nombre_Com">Tajy hu</SimpleData>
		<SimpleData name="X">437513</SimpleData>
		<SimpleData name="Y">7203806</SimpleData>
	</SchemaData></ExtendedData>
      <Point><coordinates>-57.6206473871332,-25.2808771495397</coordinates></Point>
  </Placemark>
  <Placemark id="censo_infona_2022.1001">
	<ExtendedData><SchemaData schemaUrl="#censo_infona_2022">
		<SimpleData name="Nº">1001</SimpleData>
		<SimpleData name="Nombre_Com">Tajy hu</SimpleData>
		<SimpleData name="X">437515</SimpleData>
		<SimpleData name="Y">7203811</SimpleData>
	</SchemaData></ExtendedData>
      <Point><coordinates>-57.6206272934784,-25.2808320820005</coordinates></Point>
  </Placemark>
  <Placemark id="censo_infona_2022.1002">
	<ExtendedData><SchemaData schemaUrl="#censo_infona_2022">
		<SimpleData name="Nº">1002</SimpleData>
		<SimpleData name="Nombre_Com">Tajy hu</SimpleData>
		<SimpleData name="X">437520</SimpleData>
		<SimpleData name="Y">7203826</SimpleData>
	</SchemaData></ExtendedData>
      <Point><coordinates>-57.6205769445536,-25.2806968375931</coordinates></Point>
  </Placemark>
  <Placemark id="censo_infona_2022.1003">
	<ExtendedData><SchemaData schemaUrl="#censo_infona_2022">
		<SimpleData name="Nº">1003</SimpleData>
		<SimpleData name="Nombre_Com">Yvapovo</SimpleData>
		<SimpleData name="X">437506</SimpleData>
		<SimpleData name="Y">7203840</SimpleData>
	</SchemaData></ExtendedData>
      <Point><coordinates>-57.6207153485052,-25.2805698296886</coordinates></Point>
  </Placemark>
  <Placemark id="censo_infona_2022.1004">
	<ExtendedData><SchemaData schemaUrl="#censo_infona_2022">
		<SimpleData name="Nº">1004</SimpleData>
		<SimpleData name="Nombre_Com">Laurel</SimpleData>
		<SimpleData name="X">437495</SimpleData>
		<SimpleData name="Y">7203858</SimpleData>
	</SchemaData></ExtendedData>
      <Point><coordinates>-57.6208237725492,-25.2804068261491</coordinates></Point>
  </Placemark>
  <Placemark id="censo_infona_2022.1005">
	<ExtendedData><SchemaData schemaUrl="#censo_infona_2022">
		<SimpleData name="Nº">1005</SimpleData>
		<SimpleData name="Nombre_Com">Ñangapiry</SimpleData>
		<SimpleData name="X">437517</SimpleData>
		<SimpleData name="Y">7203851</SimpleData>
	</SchemaData></ExtendedData>
      <Point><coordinates>-57.6206055918092,-25.2804709568242</coordinates></Point>
  </Placemark>
  <Placemark id="censo_infona_2022.1006">
	<ExtendedData><SchemaData schemaUrl="#censo_infona_2022">
		<SimpleData name="Nº">1006</SimpleData>
		<SimpleData name="Nombre_Com">Tajy hu</SimpleData>
		<SimpleData name="X">437517</SimpleData>
		<SimpleData name="Y">7203821</SimpleData>
	</SchemaData></ExtendedData>
      <Point><coordinates>-57.6206069701186,-25.2807418633684</coordinates></Point>
  </Placemark>
  <Placemark id="censo_infona_2022.1007">
	<ExtendedData><SchemaData schemaUrl="#censo_infona_2022">
		<SimpleData name="Nº">1007</SimpleData>
		<SimpleData name="Nombre_Com">Tajy hu</SimpleData>
		<SimpleData name="X">437530</SimpleData>
		<SimpleData name="Y">7203826</SimpleData>
	</SchemaData></ExtendedData>
      <Point><coordinates>-57.6204776250675,-25.2806972552655</coordinates></Point>
  </Placemark>
  <Placemark id="censo_infona_2022.1008">
	<ExtendedData><SchemaData schemaUrl="#censo_infona_2022">
		<SimpleData name="Nº">1008</SimpleData>
		<SimpleData name="Nombre_Com">Tajy hu</SimpleData>
		<SimpleData name="X">437535</SimpleData>
		<SimpleData name="Y">7203827</SimpleData>
	</SchemaData></ExtendedData>
      <Point><coordinates>-57.620427919393,-25.2806884338583</coordinates></Point>
  </Placemark>
  <Placemark id="censo_infona_2022.1009">
	<ExtendedData><SchemaData schemaUrl="#censo_infona_2022">
		<SimpleData name="Nº">1009</SimpleData>
		<SimpleData name="Nombre_Com">Tajy hu</SimpleData>
		<SimpleData name="X">437539</SimpleData>
		<SimpleData name="Y">7203834</SimpleData>
	</SchemaData></ExtendedData>
      <Point><coordinates>-57.6203878701073,-25.2806253893659</coordinates></Point>
  </Placemark>
  <Placemark id="censo_infona_2022.1010">
	<ExtendedData><SchemaData schemaUrl="#censo_infona_2022">
		<SimpleData name="Nº">1010</SimpleData>
		<SimpleData name="Nombre_Com">Tajy hu</SimpleData>
		<SimpleData name="X">437545</SimpleData>
		<SimpleData name="Y">7203841</SimpleData>
	</SchemaData></ExtendedData>
      <Point><coordinates>-57.6203279569875,-25.2805624283699</coordinates></Point>
  </Placemark>
  <Placemark id="censo_infona_2022.1011">
	<ExtendedData><SchemaData schemaUrl="#censo_infona_2022">
		<SimpleData name="Nº">1011</SimpleData>
		<SimpleData name="Nombre_Com">Lapacho amarillo</SimpleData>
		<SimpleData name="X">437547</SimpleData>
		<SimpleData name="Y">7203842</SimpleData>
	</SchemaData></ExtendedData>
      <Point><coordinates>-57.6203080471899,-25.2805534816571</coordinates></Point>
  </Placemark>
  <Placemark id="censo_infona_2022.1012">
	<ExtendedData><SchemaData schemaUrl="#censo_infona_2022">
		<SimpleData name="Nº">1012</SimpleData>
		<SimpleData name="Nombre_Com">Tajy hu</SimpleData>
		<SimpleData name="X">437535</SimpleData>
		<SimpleData name="Y">7203837</SimpleData>
	</SchemaData></ExtendedData>
      <Point><coordinates>-57.620427460088,-25.2805981316742</coordinates></Point>
  </Placemark>
  <Placemark id="censo_infona_2022.1013">
	<ExtendedData><SchemaData schemaUrl="#censo_infona_2022">
		<SimpleData name="Nº">1013</SimpleData>
		<SimpleData name="Nombre_Com">Tajy hu</SimpleData>
		<SimpleData name="X">437529</SimpleData>
		<SimpleData name="Y">7203841</SimpleData>
	</SchemaData></ExtendedData>
      <Point><coordinates>-57.620486867993,-25.2805617602265</coordinates></Point>
  </Placemark>
  <Placemark id="censo_infona_2022.1014">
	<ExtendedData><SchemaData schemaUrl="#censo_infona_2022">
		<SimpleData name="Nº">1014</SimpleData>
		<SimpleData name="Nombre_Com">Leucaena</SimpleData>
		<SimpleData name="X">437538</SimpleData>
		<SimpleData name="Y">7203841</SimpleData>
	</SchemaData></ExtendedData>
      <Point><coordinates>-57.6203974805531,-25.2805621360782</coordinates></Point>
  </Placemark>
  <Placemark id="censo_infona_2022.1015">
	<ExtendedData><SchemaData schemaUrl="#censo_infona_2022">
		<SimpleData name="Nº">1015</SimpleData>
		<SimpleData name="Nombre_Com">Tajy hu</SimpleData>
		<SimpleData name="X">437534</SimpleData>
		<SimpleData name="Y">7203840</SimpleData>
	</SchemaData></ExtendedData>
      <Point><coordinates>-57.6204372542355,-25.2805709992582</coordinates></Point>
  </Placemark>
  <Placemark id="censo_infona_2022.1016">
	<ExtendedData><SchemaData schemaUrl="#censo_infona_2022">
		<SimpleData name="Nº">1016</SimpleData>
		<SimpleData name="Nombre_Com">Tajy hu</SimpleData>
		<SimpleData name="X">437550</SimpleData>
		<SimpleData name="Y">7203843</SimpleData>
	</SchemaData></ExtendedData>
      <Point><coordinates>-57.6202782054586,-25.2805445766921</coordinates></Point>
  </Placemark>
  <Placemark id="censo_infona_2022.1017">
	<ExtendedData><SchemaData schemaUrl="#censo_infona_2022">
		<SimpleData name="Nº">1017</SimpleData>
		<SimpleData name="Nombre_Com">Lapacho amarillo</SimpleData>
		<SimpleData name="X">437554</SimpleData>
		<SimpleData name="Y">7203851</SimpleData>
	</SchemaData></ExtendedData>
      <Point><coordinates>-57.6202381103821,-25.2804725019366</coordinates></Point>
  </Placemark>
  <Placemark id="censo_infona_2022.1018">
	<ExtendedData><SchemaData schemaUrl="#censo_infona_2022">
		<SimpleData name="Nº">1018</SimpleData>
		<SimpleData name="Nombre_Com">Tajy hu</SimpleData>
		<SimpleData name="X">437556</SimpleData>
		<SimpleData name="Y">7203857</SimpleData>
	</SchemaData></ExtendedData>
      <Point><coordinates>-57.6202179710328,-25.2804184041161</coordinates></Point>
  </Placemark>
  <Placemark id="censo_infona_2022.1019">
	<ExtendedData><SchemaData schemaUrl="#censo_infona_2022">
		<SimpleData name="Nº">1019</SimpleData>
		<SimpleData name="Nombre_Com">Tajy hu</SimpleData>
		<SimpleData name="X">437550</SimpleData>
		<SimpleData name="Y">7203852</SimpleData>
	</SchemaData></ExtendedData>
      <Point><coordinates>-57.6202777921864,-25.2804633047226</coordinates></Point>
  </Placemark>
  <Placemark id="censo_infona_2022.1020">
	<ExtendedData><SchemaData schemaUrl="#censo_infona_2022">
		<SimpleData name="Nº">1020</SimpleData>
		<SimpleData name="Nombre_Com">Tajy hu</SimpleData>
		<SimpleData name="X">437546</SimpleData>
		<SimpleData name="Y">7203852</SimpleData>
	</SchemaData></ExtendedData>
      <Point><coordinates>-57.6203175199064,-25.2804631377169</coordinates></Point>
  </Placemark>
  <Placemark id="censo_infona_2022.1021">
	<ExtendedData><SchemaData schemaUrl="#censo_infona_2022">
		<SimpleData name="Nº">1021</SimpleData>
		<SimpleData name="Nombre_Com">Lapacho amarillo</SimpleData>
		<SimpleData name="X">437553</SimpleData>
		<SimpleData name="Y">7203859</SimpleData>
	</SchemaData></ExtendedData>
      <Point><coordinates>-57.6202476749789,-25.2804002184371</coordinates></Point>
  </Placemark>
  <Placemark id="censo_infona_2022.1022">
	<ExtendedData><SchemaData schemaUrl="#censo_infona_2022">
		<SimpleData name="Nº">1022</SimpleData>
		<SimpleData name="Nombre_Com">Yvyra ro</SimpleData>
		<SimpleData name="X">437551</SimpleData>
		<SimpleData name="Y">7203865</SimpleData>
	</SchemaData></ExtendedData>
      <Point><coordinates>-57.6202672633203,-25.2803459536258</coordinates></Point>
  </Placemark>
  <Placemark id="censo_infona_2022.1023">
	<ExtendedData><SchemaData schemaUrl="#censo_infona_2022">
		<SimpleData name="Nº">1023</SimpleData>
		<SimpleData name="Nombre_Com">Tajy hu</SimpleData>
		<SimpleData name="X">437552</SimpleData>
		<SimpleData name="Y">7203856</SimpleData>
	</SchemaData></ExtendedData>
      <Point><coordinates>-57.6202577446562,-25.2804272673457</coordinates></Point>
  </Placemark>
  <Placemark id="censo_infona_2022.1024">
	<ExtendedData><SchemaData schemaUrl="#censo_infona_2022">
		<SimpleData name="Nº">1024</SimpleData>
		<SimpleData name="Nombre_Com">Tajy hu</SimpleData>
		<SimpleData name="X">437565</SimpleData>
		<SimpleData name="Y">7203871</SimpleData>
	</SchemaData></ExtendedData>
      <Point><coordinates>-57.620127940985,-25.2802923567332</coordinates></Point>
  </Placemark>
  <Placemark id="censo_infona_2022.1025">
	<ExtendedData><SchemaData schemaUrl="#censo_infona_2022">
		<SimpleData name="Nº">1025</SimpleData>
		<SimpleData name="Nombre_Com">Tajy hu</SimpleData>
		<SimpleData name="X">437569</SimpleData>
		<SimpleData name="Y">7203868</SimpleData>
	</SchemaData></ExtendedData>
      <Point><coordinates>-57.6200883510332,-25.280319614345</coordinates></Point>
  </Placemark>
  <Placemark id="censo_infona_2022.1026">
	<ExtendedData><SchemaData schemaUrl="#censo_infona_2022">
		<SimpleData name="Nº">1026</SimpleData>
		<SimpleData name="Nombre_Com">Tajy hu</SimpleData>
		<SimpleData name="X">437570</SimpleData>
		<SimpleData name="Y">7203872</SimpleData>
	</SchemaData></ExtendedData>
      <Point><coordinates>-57.6200782354988,-25.2802835352041</coordinates></Point>
  </Placemark>
  <Placemark id="censo_infona_2022.1027">
	<ExtendedData><SchemaData schemaUrl="#censo_infona_2022">
		<SimpleData name="Nº">1027</SimpleData>
		<SimpleData name="Nombre_Com">Tajy hu</SimpleData>
		<SimpleData name="X">437577</SimpleData>
		<SimpleData name="Y">7203876</SimpleData>
	</SchemaData></ExtendedData>
      <Point><coordinates>-57.6200085284929,-25.280247706464</coordinates></Point>
  </Placemark>
  <Placemark id="censo_infona_2022.1028">
	<ExtendedData><SchemaData schemaUrl="#censo_infona_2022">
		<SimpleData name="Nº">1028</SimpleData>
		<SimpleData name="Nombre_Com">Yvyra ro</SimpleData>
		<SimpleData name="X">437578</SimpleData>
		<SimpleData name="Y">7203870</SimpleData>
	</SchemaData></ExtendedData>
      <Point><coordinates>-57.6199988719678,-25.2803019295128</coordinates></Point>
  </Placemark>
  <Placemark id="censo_infona_2022.1029">
	<ExtendedData><SchemaData schemaUrl="#censo_infona_2022">
		<SimpleData name="Nº">1029</SimpleData>
		<SimpleData name="Nombre_Com">Tajy hu</SimpleData>
		<SimpleData name="X">437577</SimpleData>
		<SimpleData name="Y">7203872</SimpleData>
	</SchemaData></ExtendedData>
      <Point><coordinates>-57.6200087120877,-25.2802838273423</coordinates></Point>
  </Placemark>
  <Placemark id="censo_infona_2022.1030">
	<ExtendedData><SchemaData schemaUrl="#censo_infona_2022">
		<SimpleData name="Nº">1030</SimpleData>
		<SimpleData name="Nombre_Com">Tajy hu</SimpleData>
		<SimpleData name="X">437591</SimpleData>
		<SimpleData name="Y">7203870</SimpleData>
	</SchemaData></ExtendedData>
      <Point><coordinates>-57.6198697570393,-25.2803024719602</coordinates></Point>
  </Placemark>
  <Placemark id="censo_infona_2022.1031">
	<ExtendedData><SchemaData schemaUrl="#censo_infona_2022">
		<SimpleData name="Nº">1031</SimpleData>
		<SimpleData name="Nombre_Com">Jambolana</SimpleData>
		<SimpleData name="X">437598</SimpleData>
		<SimpleData name="Y">7203856</SimpleData>
	</SchemaData></ExtendedData>
      <Point><coordinates>-57.6198008759837,-25.2804291870778</coordinates></Point>
  </Placemark>
  <Placemark id="censo_infona_2022.1032">
	<ExtendedData><SchemaData schemaUrl="#censo_infona_2022">
		<SimpleData name="Nº">1032</SimpleData>
		<SimpleData name="Nombre_Com">Jambolana</SimpleData>
		<SimpleData name="X">437589</SimpleData>
		<SimpleData name="Y">7203856</SimpleData>
	</SchemaData></ExtendedData>
      <Point><coordinates>-57.6198902633364,-25.2804288115893</coordinates></Point>
  </Placemark>
  <Placemark id="censo_infona_2022.1033">
	<ExtendedData><SchemaData schemaUrl="#censo_infona_2022">
		<SimpleData name="Nº">1033</SimpleData>
		<SimpleData name="Nombre_Com">Jambolana</SimpleData>
		<SimpleData name="X">437583</SimpleData>
		<SimpleData name="Y">7203855</SimpleData>
	</SchemaData></ExtendedData>
      <Point><coordinates>-57.6199499007985,-25.2804375914531</coordinates></Point>
  </Placemark>
  <Placemark id="censo_infona_2022.1034">
	<ExtendedData><SchemaData schemaUrl="#censo_infona_2022">
		<SimpleData name="Nº">1034</SimpleData>
		<SimpleData name="Nombre_Com">Nuez de la india</SimpleData>
		<SimpleData name="X">437557</SimpleData>
		<SimpleData name="Y">7203835</SimpleData>
	</SchemaData></ExtendedData>
      <Point><coordinates>-57.6202090492148,-25.2806171106782</coordinates></Point>
  </Placemark>
  <Placemark id="censo_infona_2022.1035">
	<ExtendedData><SchemaData schemaUrl="#censo_infona_2022">
		<SimpleData name="Nº">1035</SimpleData>
		<SimpleData name="Nombre_Com">Yvyra pyta</SimpleData>
		<SimpleData name="X">437548</SimpleData>
		<SimpleData name="Y">7203823</SimpleData>
	</SchemaData></ExtendedData>
      <Point><coordinates>-57.6202989877503,-25.2807250975629</coordinates></Point>
  </Placemark>
  <Placemark id="censo_infona_2022.1036">
	<ExtendedData><SchemaData schemaUrl="#censo_infona_2022">
		<SimpleData name="Nº">1036</SimpleData>
		<SimpleData name="Nombre_Com">Tajy hu</SimpleData>
		<SimpleData name="X">437527</SimpleData>
		<SimpleData name="Y">7203803</SimpleData>
	</SchemaData></ExtendedData>
      <Point><coordinates>-57.6205084774593,-25.2809048249864</coordinates></Point>
  </Placemark>
  <Placemark id="censo_infona_2022.1037">
	<ExtendedData><SchemaData schemaUrl="#censo_infona_2022">
		<SimpleData name="Nº">1037</SimpleData>
		<SimpleData name="Nombre_Com">Tajy hu</SimpleData>
		<SimpleData name="X">437525</SimpleData>
		<SimpleData name="Y">7203802</SimpleData>
	</SchemaData></ExtendedData>
      <Point><coordinates>-57.6205283873289,-25.2809137716704</coordinates></Point>
  </Placemark>
  <Placemark id="censo_infona_2022.1038">
	<ExtendedData><SchemaData schemaUrl="#censo_infona_2022">
		<SimpleData name="Nº">1038</SimpleData>
		<SimpleData name="Nombre_Com">Tajy hu</SimpleData>
		<SimpleData name="X">437514</SimpleData>
		<SimpleData name="Y">7203798</SimpleData>
	</SchemaData></ExtendedData>
      <Point><coordinates>-57.6206378227429,-25.2809494330566</coordinates></Point>
  </Placemark>
  <Placemark id="censo_infona_2022.1039">
	<ExtendedData><SchemaData schemaUrl="#censo_infona_2022">
		<SimpleData name="Nº">1039</SimpleData>
		<SimpleData name="Nombre_Com">Tajy hu</SimpleData>
		<SimpleData name="X">437507</SimpleData>
		<SimpleData name="Y">7203786</SimpleData>
	</SchemaData></ExtendedData>
      <Point><coordinates>-57.6207078979487,-25.2810575032245</coordinates></Point>
  </Placemark>
  <Placemark id="censo_infona_2022.1040">
	<ExtendedData><SchemaData schemaUrl="#censo_infona_2022">
		<SimpleData name="Nº">1040</SimpleData>
		<SimpleData name="Nombre_Com">Tajy hu</SimpleData>
		<SimpleData name="X">437502</SimpleData>
		<SimpleData name="Y">7203784</SimpleData>
	</SchemaData></ExtendedData>
      <Point><coordinates>-57.6207576497481,-25.2810753547511</coordinates></Point>
  </Placemark>
  <Placemark id="censo_infona_2022.1041">
	<ExtendedData><SchemaData schemaUrl="#censo_infona_2022">
		<SimpleData name="Nº">1041</SimpleData>
		<SimpleData name="Nombre_Com">Tajy hu</SimpleData>
		<SimpleData name="X">437503</SimpleData>
		<SimpleData name="Y">7203781</SimpleData>
	</SchemaData></ExtendedData>
      <Point><coordinates>-57.6207478556345,-25.281102487186</coordinates></Point>
  </Placemark>
  <Placemark id="censo_infona_2022.1042">
	<ExtendedData><SchemaData schemaUrl="#censo_infona_2022">
		<SimpleData name="Nº">1042</SimpleData>
		<SimpleData name="Nombre_Com">Tajy hu</SimpleData>
		<SimpleData name="X">437494</SimpleData>
		<SimpleData name="Y">7203779</SimpleData>
	</SchemaData></ExtendedData>
      <Point><coordinates>-57.6208373353881,-25.2811201715488</coordinates></Point>
  </Placemark>
  <Placemark id="censo_infona_2022.1043">
	<ExtendedData><SchemaData schemaUrl="#censo_infona_2022">
		<SimpleData name="Nº">1043</SimpleData>
		<SimpleData name="Nombre_Com">Tajy hu</SimpleData>
		<SimpleData name="X">437489</SimpleData>
		<SimpleData name="Y">7203774</SimpleData>
	</SchemaData></ExtendedData>
      <Point><coordinates>-57.6208872251279,-25.2811651136817</coordinates></Point>
  </Placemark>
  <Placemark id="censo_infona_2022.1044">
	<ExtendedData><SchemaData schemaUrl="#censo_infona_2022">
		<SimpleData name="Nº">1044</SimpleData>
		<SimpleData name="Nombre_Com">Eucalipto</SimpleData>
		<SimpleData name="X">437488</SimpleData>
		<SimpleData name="Y">7203773</SimpleData>
	</SchemaData></ExtendedData>
      <Point><coordinates>-57.6208972030803,-25.2811741021061</coordinates></Point>
  </Placemark>
  <Placemark id="censo_infona_2022.1045">
	<ExtendedData><SchemaData schemaUrl="#censo_infona_2022">
		<SimpleData name="Nº">1045</SimpleData>
		<SimpleData name="Nombre_Com">Pindó</SimpleData>
		<SimpleData name="X">437498</SimpleData>
		<SimpleData name="Y">7203778</SimpleData>
	</SchemaData></ExtendedData>
      <Point><coordinates>-57.6207976534169,-25.2811293689157</coordinates></Point>
  </Placemark>
  <Placemark id="censo_infona_2022.1046">
	<ExtendedData><SchemaData schemaUrl="#censo_infona_2022">
		<SimpleData name="Nº">1046</SimpleData>
		<SimpleData name="Nombre_Com">Pindó</SimpleData>
		<SimpleData name="X">437502</SimpleData>
		<SimpleData name="Y">7203778</SimpleData>
	</SchemaData></ExtendedData>
      <Point><coordinates>-57.6207579254835,-25.2811295360547</coordinates></Point>
  </Placemark>
  <Placemark id="censo_infona_2022.1047">
	<ExtendedData><SchemaData schemaUrl="#censo_infona_2022">
		<SimpleData name="Nº">1047</SimpleData>
		<SimpleData name="Nombre_Com">Pindó</SimpleData>
		<SimpleData name="X">437508</SimpleData>
		<SimpleData name="Y">7203769</SimpleData>
	</SchemaData></ExtendedData>
      <Point><coordinates>-57.6206987471476,-25.2812110586989</coordinates></Point>
  </Placemark>
  <Placemark id="censo_infona_2022.1048">
	<ExtendedData><SchemaData schemaUrl="#censo_infona_2022">
		<SimpleData name="Nº">1048</SimpleData>
		<SimpleData name="Nombre_Com">Pindó</SimpleData>
		<SimpleData name="X">437517</SimpleData>
		<SimpleData name="Y">7203783</SimpleData>
	</SchemaData></ExtendedData>
      <Point><coordinates>-57.6206087160058,-25.2810850116433</coordinates></Point>
  </Placemark>
  <Placemark id="censo_infona_2022.1049">
	<ExtendedData><SchemaData schemaUrl="#censo_infona_2022">
		<SimpleData name="Nº">1049</SimpleData>
		<SimpleData name="Nombre_Com">Pindó</SimpleData>
		<SimpleData name="X">437522</SimpleData>
		<SimpleData name="Y">7203781</SimpleData>
	</SchemaData></ExtendedData>
      <Point><coordinates>-57.6205591479876,-25.2811032809368</coordinates></Point>
  </Placemark>
  <Placemark id="censo_infona_2022.1050">
	<ExtendedData><SchemaData schemaUrl="#censo_infona_2022">
		<SimpleData name="Nº">1050</SimpleData>
		<SimpleData name="Nombre_Com">Jambolana</SimpleData>
		<SimpleData name="X">437522</SimpleData>
		<SimpleData name="Y">7203790</SimpleData>
	</SchemaData></ExtendedData>
      <Point><coordinates>-57.6205587345178,-25.2810220089778</coordinates></Point>
  </Placemark>
  <Placemark id="censo_infona_2022.1051">
	<ExtendedData><SchemaData schemaUrl="#censo_infona_2022">
		<SimpleData name="Nº">1051</SimpleData>
		<SimpleData name="Nombre_Com">Nuez de la india</SimpleData>
		<SimpleData name="X">437526</SimpleData>
		<SimpleData name="Y">7203793</SimpleData>
	</SchemaData></ExtendedData>
      <Point><coordinates>-57.6205188688036,-25.2809950853985</coordinates></Point>
  </Placemark>
  <Placemark id="censo_infona_2022.1052">
	<ExtendedData><SchemaData schemaUrl="#censo_infona_2022">
		<SimpleData name="Nº">1052</SimpleData>
		<SimpleData name="Nombre_Com">Nuez de la india</SimpleData>
		<SimpleData name="X">437526</SimpleData>
		<SimpleData name="Y">7203791</SimpleData>
	</SchemaData></ExtendedData>
      <Point><coordinates>-57.6205189606796,-25.2810131458341</coordinates></Point>
  </Placemark>
  <Placemark id="censo_infona_2022.1053">
	<ExtendedData><SchemaData schemaUrl="#censo_infona_2022">
		<SimpleData name="Nº">1053</SimpleData>
		<SimpleData name="Nombre_Com">Jambolana</SimpleData>
		<SimpleData name="X">437522</SimpleData>
		<SimpleData name="Y">7203794</SimpleData>
	</SchemaData></ExtendedData>
      <Point><coordinates>-57.6205585507541,-25.2809858881069</coordinates></Point>
  </Placemark>
  <Placemark id="censo_infona_2022.1054">
	<ExtendedData><SchemaData schemaUrl="#censo_infona_2022">
		<SimpleData name="Nº">1054</SimpleData>
		<SimpleData name="Nombre_Com">Tajy hu</SimpleData>
		<SimpleData name="X">437534</SimpleData>
		<SimpleData name="Y">7203790</SimpleData>
	</SchemaData></ExtendedData>
      <Point><coordinates>-57.6204395508162,-25.2810225101679</coordinates></Point>
  </Placemark>
  <Placemark id="censo_infona_2022.1055">
	<ExtendedData><SchemaData schemaUrl="#censo_infona_2022">
		<SimpleData name="Nº">1055</SimpleData>
		<SimpleData name="Nombre_Com">Lapacho amarillo</SimpleData>
		<SimpleData name="X">437538</SimpleData>
		<SimpleData name="Y">7203796</SimpleData>
	</SchemaData></ExtendedData>
      <Point><coordinates>-57.6203995473399,-25.2809684959018</coordinates></Point>
  </Placemark>
  <Placemark id="censo_infona_2022.1056">
	<ExtendedData><SchemaData schemaUrl="#censo_infona_2022">
		<SimpleData name="Nº">1056</SimpleData>
		<SimpleData name="Nombre_Com">Lapacho amarillo</SimpleData>
		<SimpleData name="X">437536</SimpleData>
		<SimpleData name="Y">7203791</SimpleData>
	</SchemaData></ExtendedData>
      <Point><coordinates>-57.6204196409349,-25.2810135634723</coordinates></Point>
  </Placemark>
  <Placemark id="censo_infona_2022.1057">
	<ExtendedData><SchemaData schemaUrl="#censo_infona_2022">
		<SimpleData name="Nº">1057</SimpleData>
		<SimpleData name="Nombre_Com">Lapacho amarillo</SimpleData>
		<SimpleData name="X">437540</SimpleData>
		<SimpleData name="Y">7203790</SimpleData>
	</SchemaData></ExtendedData>
      <Point><coordinates>-57.6203799589641,-25.2810227607269</coordinates></Point>
  </Placemark>
  <Placemark id="censo_infona_2022.1058">
	<ExtendedData><SchemaData schemaUrl="#censo_infona_2022">
		<SimpleData name="Nº">1058</SimpleData>
		<SimpleData name="Nombre_Com">Pindó</SimpleData>
		<SimpleData name="X">437535</SimpleData>
		<SimpleData name="Y">7203784</SimpleData>
	</SchemaData></ExtendedData>
      <Point><coordinates>-57.6204298944299,-25.2810767332368</coordinates></Point>
  </Placemark>
  <Placemark id="censo_infona_2022.1059">
	<ExtendedData><SchemaData schemaUrl="#censo_infona_2022">
		<SimpleData name="Nº">1059</SimpleData>
		<SimpleData name="Nombre_Com">Pindó</SimpleData>
		<SimpleData name="X">437534</SimpleData>
		<SimpleData name="Y">7203785</SimpleData>
	</SchemaData></ExtendedData>
      <Point><coordinates>-57.6204397804773,-25.2810676612573</coordinates></Point>
  </Placemark>
  <Placemark id="censo_infona_2022.1060">
	<ExtendedData><SchemaData schemaUrl="#censo_infona_2022">
		<SimpleData name="Nº">1060</SimpleData>
		<SimpleData name="Nombre_Com">Pindó</SimpleData>
		<SimpleData name="X">437534</SimpleData>
		<SimpleData name="Y">7203787</SimpleData>
	</SchemaData></ExtendedData>
      <Point><coordinates>-57.6204396886128,-25.2810496008216</coordinates></Point>
  </Placemark>
  <Placemark id="censo_infona_2022.1061">
	<ExtendedData><SchemaData schemaUrl="#censo_infona_2022">
		<SimpleData name="Nº">1061</SimpleData>
		<SimpleData name="Nombre_Com">Pindó</SimpleData>
		<SimpleData name="X">437557</SimpleData>
		<SimpleData name="Y">7203785</SimpleData>
	</SchemaData></ExtendedData>
      <Point><coordinates>-57.6202113449556,-25.2810686216046</coordinates></Point>
  </Placemark>
  <Placemark id="censo_infona_2022.1062">
	<ExtendedData><SchemaData schemaUrl="#censo_infona_2022">
		<SimpleData name="Nº">1062</SimpleData>
		<SimpleData name="Nombre_Com">Pindó</SimpleData>
		<SimpleData name="X">437566</SimpleData>
		<SimpleData name="Y">7203786</SimpleData>
	</SchemaData></ExtendedData>
      <Point><coordinates>-57.6201219112308,-25.281059967078</coordinates></Point>
  </Placemark>
  <Placemark id="censo_infona_2022.1063">
	<ExtendedData><SchemaData schemaUrl="#censo_infona_2022">
		<SimpleData name="Nº">1063</SimpleData>
		<SimpleData name="Nombre_Com">Pindó</SimpleData>
		<SimpleData name="X">437566</SimpleData>
		<SimpleData name="Y">7203788</SimpleData>
	</SchemaData></ExtendedData>
      <Point><coordinates>-57.6201218194134,-25.2810419066412</coordinates></Point>
  </Placemark>
  <Placemark id="censo_infona_2022.1064">
	<ExtendedData><SchemaData schemaUrl="#censo_infona_2022">
		<SimpleData name="Nº">1064</SimpleData>
		<SimpleData name="Nombre_Com">Pindó</SimpleData>
		<SimpleData name="X">437575</SimpleData>
		<SimpleData name="Y">7203789</SimpleData>
	</SchemaData></ExtendedData>
      <Point><coordinates>-57.6200323857134,-25.2810332520598</coordinates></Point>
  </Placemark>
  <Placemark id="censo_infona_2022.1065">
	<ExtendedData><SchemaData schemaUrl="#censo_infona_2022">
		<SimpleData name="Nº">1065</SimpleData>
		<SimpleData name="Nombre_Com">Yvyra ju</SimpleData>
		<SimpleData name="X">437575</SimpleData>
		<SimpleData name="Y">7203791</SimpleData>
	</SchemaData></ExtendedData>
      <Point><coordinates>-57.6200322939093,-25.2810151916226</coordinates></Point>
  </Placemark>
  <Placemark id="censo_infona_2022.1066">
	<ExtendedData><SchemaData schemaUrl="#censo_infona_2022">
		<SimpleData name="Nº">1066</SimpleData>
		<SimpleData name="Nombre_Com">Jambolana</SimpleData>
		<SimpleData name="X">437575</SimpleData>
		<SimpleData name="Y">7203798</SimpleData>
	</SchemaData></ExtendedData>
      <Point><coordinates>-57.6200319725958,-25.2809519800919</coordinates></Point>
  </Placemark>
  <Placemark id="censo_infona_2022.1067">
	<ExtendedData><SchemaData schemaUrl="#censo_infona_2022">
		<SimpleData name="Nº">1067</SimpleData>
		<SimpleData name="Nombre_Com">Jambolana</SimpleData>
		<SimpleData name="X">437566</SimpleData>
		<SimpleData name="Y">7203789</SimpleData>
	</SchemaData></ExtendedData>
      <Point><coordinates>-57.6201217735047,-25.2810328764227</coordinates></Point>
  </Placemark>
  <Placemark id="censo_infona_2022.1068">
	<ExtendedData><SchemaData schemaUrl="#censo_infona_2022">
		<SimpleData name="Nº">1068</SimpleData>
		<SimpleData name="Nombre_Com">Jambolana</SimpleData>
		<SimpleData name="X">437561</SimpleData>
		<SimpleData name="Y">7203794</SimpleData>
	</SchemaData></ExtendedData>
      <Point><coordinates>-57.6201712038266,-25.2809875166201</coordinates></Point>
  </Placemark>
  <Placemark id="censo_infona_2022.1069">
	<ExtendedData><SchemaData schemaUrl="#censo_infona_2022">
		<SimpleData name="Nº">1069</SimpleData>
		<SimpleData name="Nombre_Com">Jambolana</SimpleData>
		<SimpleData name="X">437553</SimpleData>
		<SimpleData name="Y">7203800</SimpleData>
	</SchemaData></ExtendedData>
      <Point><coordinates>-57.6202503841011,-25.2809330013391</coordinates></Point>
  </Placemark>
  <Placemark id="censo_infona_2022.1070">
	<ExtendedData><SchemaData schemaUrl="#censo_infona_2022">
		<SimpleData name="Nº">1070</SimpleData>
		<SimpleData name="Nombre_Com">Jambolana</SimpleData>
		<SimpleData name="X">437566</SimpleData>
		<SimpleData name="Y">7203802</SimpleData>
	</SchemaData></ExtendedData>
      <Point><coordinates>-57.6201211766939,-25.280915483582</coordinates></Point>
  </Placemark>
  <Placemark id="censo_infona_2022.1071">
	<ExtendedData><SchemaData schemaUrl="#censo_infona_2022">
		<SimpleData name="Nº">1071</SimpleData>
		<SimpleData name="Nombre_Com">Jambolana</SimpleData>
		<SimpleData name="X">437568</SimpleData>
		<SimpleData name="Y">7203799</SimpleData>
	</SchemaData></ExtendedData>
      <Point><coordinates>-57.6201014504804,-25.2809426577169</coordinates></Point>
  </Placemark>
  <Placemark id="censo_infona_2022.1072">
	<ExtendedData><SchemaData schemaUrl="#censo_infona_2022">
		<SimpleData name="Nº">1072</SimpleData>
		<SimpleData name="Nombre_Com">Jambolana</SimpleData>
		<SimpleData name="X">437561</SimpleData>
		<SimpleData name="Y">7203811</SimpleData>
	</SchemaData></ExtendedData>
      <Point><coordinates>-57.6201704233219,-25.2808340029054</coordinates></Point>
  </Placemark>
  <Placemark id="censo_infona_2022.1073">
	<ExtendedData><SchemaData schemaUrl="#censo_infona_2022">
		<SimpleData name="Nº">1073</SimpleData>
		<SimpleData name="Nombre_Com">Jambolana</SimpleData>
		<SimpleData name="X">437557</SimpleData>
		<SimpleData name="Y">7203813</SimpleData>
	</SchemaData></ExtendedData>
      <Point><coordinates>-57.6202100593339,-25.2808157754892</coordinates></Point>
  </Placemark>
  <Placemark id="censo_infona_2022.1074">
	<ExtendedData><SchemaData schemaUrl="#censo_infona_2022">
		<SimpleData name="Nº">1074</SimpleData>
		<SimpleData name="Nombre_Com">Jambolana</SimpleData>
		<SimpleData name="X">437548</SimpleData>
		<SimpleData name="Y">7203813</SimpleData>
	</SchemaData></ExtendedData>
      <Point><coordinates>-57.6202994469629,-25.2808153997476</coordinates></Point>
  </Placemark>
  <Placemark id="censo_infona_2022.1075">
	<ExtendedData><SchemaData schemaUrl="#censo_infona_2022">
		<SimpleData name="Nº">1075</SimpleData>
		<SimpleData name="Nombre_Com">Jambolana</SimpleData>
		<SimpleData name="X">437561</SimpleData>
		<SimpleData name="Y">7203822</SimpleData>
	</SchemaData></ExtendedData>
      <Point><coordinates>-57.6201699182928,-25.2807346705</coordinates></Point>
  </Placemark>
  <Placemark id="censo_infona_2022.1076">
	<ExtendedData><SchemaData schemaUrl="#censo_infona_2022">
		<SimpleData name="Nº">1076</SimpleData>
		<SimpleData name="Nombre_Com">Jambolana</SimpleData>
		<SimpleData name="X">437563</SimpleData>
		<SimpleData name="Y">7203825</SimpleData>
	</SchemaData></ExtendedData>
      <Point><coordinates>-57.6201499166578,-25.2807076633288</coordinates></Point>
  </Placemark>
  <Placemark id="censo_infona_2022.1077">
	<ExtendedData><SchemaData schemaUrl="#censo_infona_2022">
		<SimpleData name="Nº">1077</SimpleData>
		<SimpleData name="Nombre_Com">Jambolana</SimpleData>
		<SimpleData name="X">437566</SimpleData>
		<SimpleData name="Y">7203829</SimpleData>
	</SchemaData></ExtendedData>
      <Point><coordinates>-57.6201199371758,-25.2806716676759</coordinates></Point>
  </Placemark>
  <Placemark id="censo_infona_2022.1078">
	<ExtendedData><SchemaData schemaUrl="#censo_infona_2022">
		<SimpleData name="Nº">1078</SimpleData>
		<SimpleData name="Nombre_Com">Pindó</SimpleData>
		<SimpleData name="X">437585</SimpleData>
		<SimpleData name="Y">7203786</SimpleData>
	</SchemaData></ExtendedData>
      <Point><coordinates>-57.6199332036273,-25.281060760027</coordinates></Point>
  </Placemark>
  <Placemark id="censo_infona_2022.1079">
	<ExtendedData><SchemaData schemaUrl="#censo_infona_2022">
		<SimpleData name="Nº">1079</SimpleData>
		<SimpleData name="Nombre_Com">Pindó</SimpleData>
		<SimpleData name="X">437589</SimpleData>
		<SimpleData name="Y">7203791</SimpleData>
	</SchemaData></ExtendedData>
      <Point><coordinates>-57.6198932462509,-25.2810157758388</coordinates></Point>
  </Placemark>
  <Placemark id="censo_infona_2022.1080">
	<ExtendedData><SchemaData schemaUrl="#censo_infona_2022">
		<SimpleData name="Nº">1080</SimpleData>
		<SimpleData name="Nombre_Com">Pindó</SimpleData>
		<SimpleData name="X">437590</SimpleData>
		<SimpleData name="Y">7203796</SimpleData>
	</SchemaData></ExtendedData>
      <Point><coordinates>-57.6198830848205,-25.280970666469</coordinates></Point>
  </Placemark>
  <Placemark id="censo_infona_2022.1081">
	<ExtendedData><SchemaData schemaUrl="#censo_infona_2022">
		<SimpleData name="Nº">1081</SimpleData>
		<SimpleData name="Nombre_Com">Pindó</SimpleData>
		<SimpleData name="X">437590</SimpleData>
		<SimpleData name="Y">7203802</SimpleData>
	</SchemaData></ExtendedData>
      <Point><coordinates>-57.6198828094757,-25.2809164851552</coordinates></Point>
  </Placemark>
  <Placemark id="censo_infona_2022.1082">
	<ExtendedData><SchemaData schemaUrl="#censo_infona_2022">
		<SimpleData name="Nº">1082</SimpleData>
		<SimpleData name="Nombre_Com">Pindó</SimpleData>
		<SimpleData name="X">437590</SimpleData>
		<SimpleData name="Y">7203801</SimpleData>
	</SchemaData></ExtendedData>
      <Point><coordinates>-57.6198828553665,-25.2809255153742</coordinates></Point>
  </Placemark>
  <Placemark id="censo_infona_2022.1083">
	<ExtendedData><SchemaData schemaUrl="#censo_infona_2022">
		<SimpleData name="Nº">1083</SimpleData>
		<SimpleData name="Nombre_Com">Pindó</SimpleData>
		<SimpleData name="X">437592</SimpleData>
		<SimpleData name="Y">7203806</SimpleData>
	</SchemaData></ExtendedData>
      <Point><coordinates>-57.6198627619834,-25.280880447726</coordinates></Point>
  </Placemark>
  <Placemark id="censo_infona_2022.1084">
	<ExtendedData><SchemaData schemaUrl="#censo_infona_2022">
		<SimpleData name="Nº">1084</SimpleData>
		<SimpleData name="Nombre_Com">Pindó</SimpleData>
		<SimpleData name="X">437594</SimpleData>
		<SimpleData name="Y">7203814</SimpleData>
	</SchemaData></ExtendedData>
      <Point><coordinates>-57.6198425309529,-25.280808289417</coordinates></Point>
  </Placemark>
  <Placemark id="censo_infona_2022.1085">
	<ExtendedData><SchemaData schemaUrl="#censo_infona_2022">
		<SimpleData name="Nº">1085</SimpleData>
		<SimpleData name="Nombre_Com">Pindó</SimpleData>
		<SimpleData name="X">437594</SimpleData>
		<SimpleData name="Y">7203819</SimpleData>
	</SchemaData></ExtendedData>
      <Point><coordinates>-57.6198423015155,-25.2807631383208</coordinates></Point>
  </Placemark>
  <Placemark id="censo_infona_2022.1086">
	<ExtendedData><SchemaData schemaUrl="#censo_infona_2022">
		<SimpleData name="Nº">1086</SimpleData>
		<SimpleData name="Nombre_Com">Pindó</SimpleData>
		<SimpleData name="X">437603</SimpleData>
		<SimpleData name="Y">7203831</SimpleData>
	</SchemaData></ExtendedData>
      <Point><coordinates>-57.6197523633491,-25.2806551511512</coordinates></Point>
  </Placemark>
  <Placemark id="censo_infona_2022.1087">
	<ExtendedData><SchemaData schemaUrl="#censo_infona_2022">
		<SimpleData name="Nº">1087</SimpleData>
		<SimpleData name="Nombre_Com">Pindó</SimpleData>
		<SimpleData name="X">437607</SimpleData>
		<SimpleData name="Y">7203833</SimpleData>
	</SchemaData></ExtendedData>
      <Point><coordinates>-57.6197125438071,-25.2806372575666</coordinates></Point>
  </Placemark>
  <Placemark id="censo_infona_2022.1088">
	<ExtendedData><SchemaData schemaUrl="#censo_infona_2022">
		<SimpleData name="Nº">1088</SimpleData>
		<SimpleData name="Nombre_Com">Pindó</SimpleData>
		<SimpleData name="X">437595</SimpleData>
		<SimpleData name="Y">7203843</SimpleData>
	</SchemaData></ExtendedData>
      <Point><coordinates>-57.6198312682862,-25.280546454776</coordinates></Point>
  </Placemark>
  <Placemark id="censo_infona_2022.1089">
	<ExtendedData><SchemaData schemaUrl="#censo_infona_2022">
		<SimpleData name="Nº">1089</SimpleData>
		<SimpleData name="Nombre_Com">Gomero</SimpleData>
		<SimpleData name="X">437594</SimpleData>
		<SimpleData name="Y">7203837</SimpleData>
	</SchemaData></ExtendedData>
      <Point><coordinates>-57.6198414755456,-25.2806005943724</coordinates></Point>
  </Placemark>
  <Placemark id="censo_infona_2022.1090">
	<ExtendedData><SchemaData schemaUrl="#censo_infona_2022">
		<SimpleData name="Nº">1090</SimpleData>
		<SimpleData name="Nombre_Com">Jambolana</SimpleData>
		<SimpleData name="X">437594</SimpleData>
		<SimpleData name="Y">7203837</SimpleData>
	</SchemaData></ExtendedData>
      <Point><coordinates>-57.6198414755456,-25.2806005943724</coordinates></Point>
  </Placemark>
  <Placemark id="censo_infona_2022.1091">
	<ExtendedData><SchemaData schemaUrl="#censo_infona_2022">
		<SimpleData name="Nº">1091</SimpleData>
		<SimpleData name="Nombre_Com">Jambolana</SimpleData>
		<SimpleData name="X">437593</SimpleData>
		<SimpleData name="Y">7203834</SimpleData>
	</SchemaData></ExtendedData>
      <Point><coordinates>-57.619851545151,-25.2806276433094</coordinates></Point>
  </Placemark>
  <Placemark id="censo_infona_2022.1092">
	<ExtendedData><SchemaData schemaUrl="#censo_infona_2022">
		<SimpleData name="Nº">1092</SimpleData>
		<SimpleData name="Nombre_Com">Jambolana</SimpleData>
		<SimpleData name="X">437590</SimpleData>
		<SimpleData name="Y">7203818</SimpleData>
	</SchemaData></ExtendedData>
      <Point><coordinates>-57.6198820752268,-25.2807720016497</coordinates></Point>
  </Placemark>
  <Placemark id="censo_infona_2022.1093">
	<ExtendedData><SchemaData schemaUrl="#censo_infona_2022">
		<SimpleData name="Nº">1093</SimpleData>
		<SimpleData name="Nombre_Com">Jambolana</SimpleData>
		<SimpleData name="X">437585</SimpleData>
		<SimpleData name="Y">7203813</SimpleData>
	</SchemaData></ExtendedData>
      <Point><coordinates>-57.6199319644767,-25.2808169441171</coordinates></Point>
  </Placemark>
  <Placemark id="censo_infona_2022.1094">
	<ExtendedData><SchemaData schemaUrl="#censo_infona_2022">
		<SimpleData name="Nº">1094</SimpleData>
		<SimpleData name="Nombre_Com">Jambolana</SimpleData>
		<SimpleData name="X">437587</SimpleData>
		<SimpleData name="Y">7203805</SimpleData>
	</SchemaData></ExtendedData>
      <Point><coordinates>-57.6199124677,-25.2808892693227</coordinates></Point>
  </Placemark>
  <Placemark id="censo_infona_2022.1095">
	<ExtendedData><SchemaData schemaUrl="#censo_infona_2022">
		<SimpleData name="Nº">1095</SimpleData>
		<SimpleData name="Nombre_Com">Jambolana</SimpleData>
		<SimpleData name="X">437583</SimpleData>
		<SimpleData name="Y">7203802</SimpleData>
	</SchemaData></ExtendedData>
      <Point><coordinates>-57.619952333249,-25.2809161930694</coordinates></Point>
  </Placemark>
  <Placemark id="censo_infona_2022.1096">
	<ExtendedData><SchemaData schemaUrl="#censo_infona_2022">
		<SimpleData name="Nº">1096</SimpleData>
		<SimpleData name="Nombre_Com">Jambolana</SimpleData>
		<SimpleData name="X">437581</SimpleData>
		<SimpleData name="Y">7203805</SimpleData>
	</SchemaData></ExtendedData>
      <Point><coordinates>-57.6199720594921,-25.2808890189537</coordinates></Point>
  </Placemark>
  <Placemark id="censo_infona_2022.1097">
	<ExtendedData><SchemaData schemaUrl="#censo_infona_2022">
		<SimpleData name="Nº">1097</SimpleData>
		<SimpleData name="Nombre_Com">Jambolana</SimpleData>
		<SimpleData name="X">437584</SimpleData>
		<SimpleData name="Y">7203807</SimpleData>
	</SchemaData></ExtendedData>
      <Point><coordinates>-57.619942171806,-25.2808710837033</coordinates></Point>
  </Placemark>
  <Placemark id="censo_infona_2022.1098">
	<ExtendedData><SchemaData schemaUrl="#censo_infona_2022">
		<SimpleData name="Nº">1098</SimpleData>
		<SimpleData name="Nombre_Com">Jambolana</SimpleData>
		<SimpleData name="X">437579</SimpleData>
		<SimpleData name="Y">7203824</SimpleData>
	</SchemaData></ExtendedData>
      <Point><coordinates>-57.6199910513503,-25.280717361332</coordinates></Point>
  </Placemark>
  <Placemark id="censo_infona_2022.1099">
	<ExtendedData><SchemaData schemaUrl="#censo_infona_2022">
		<SimpleData name="Nº">1099</SimpleData>
		<SimpleData name="Nombre_Com">Jambolana</SimpleData>
		<SimpleData name="X">437573</SimpleData>
		<SimpleData name="Y">7203828</SimpleData>
	</SchemaData></ExtendedData>
      <Point><coordinates>-57.6200504594468,-25.280680990057</coordinates></Point>
  </Placemark>
  <Placemark id="censo_infona_2022.1100">
	<ExtendedData><SchemaData schemaUrl="#censo_infona_2022">
		<SimpleData name="Nº">1100</SimpleData>
		<SimpleData name="Nombre_Com">Jambolana</SimpleData>
		<SimpleData name="X">437582</SimpleData>
		<SimpleData name="Y">7203829</SimpleData>
	</SchemaData></ExtendedData>
      <Point><coordinates>-57.619961026016,-25.2806723354268</coordinates></Point>
  </Placemark>
  <Placemark id="censo_infona_2022.1101">
	<ExtendedData><SchemaData schemaUrl="#censo_infona_2022">
		<SimpleData name="Nº">1101</SimpleData>
		<SimpleData name="Nombre_Com">Jambolana</SimpleData>
		<SimpleData name="X">437585</SimpleData>
		<SimpleData name="Y">7203835</SimpleData>
	</SchemaData></ExtendedData>
      <Point><coordinates>-57.6199309548105,-25.2806182792956</coordinates></Point>
  </Placemark>
  <Placemark id="censo_infona_2022.1102">
	<ExtendedData><SchemaData schemaUrl="#censo_infona_2022">
		<SimpleData name="Nº">1102</SimpleData>
		<SimpleData name="Nombre_Com">Jambolana</SimpleData>
		<SimpleData name="X">437581</SimpleData>
		<SimpleData name="Y">7203833</SimpleData>
	</SchemaData></ExtendedData>
      <Point><coordinates>-57.6199707743768,-25.2806361728207</coordinates></Point>
  </Placemark>
  <Placemark id="censo_infona_2022.1103">
	<ExtendedData><SchemaData schemaUrl="#censo_infona_2022">
		<SimpleData name="Nº">1103</SimpleData>
		<SimpleData name="Nombre_Com">Jambolana</SimpleData>
		<SimpleData name="X">437589</SimpleData>
		<SimpleData name="Y">7203844</SimpleData>
	</SchemaData></ExtendedData>
      <Point><coordinates>-57.6198908140213,-25.2805371742235</coordinates></Point>
  </Placemark>
  <Placemark id="censo_infona_2022.1104">
	<ExtendedData><SchemaData schemaUrl="#censo_infona_2022">
		<SimpleData name="Nº">1104</SimpleData>
		<SimpleData name="Nombre_Com">Laurel de Indias</SimpleData>
		<SimpleData name="X">437577</SimpleData>
		<SimpleData name="Y">7203835</SimpleData>
	</SchemaData></ExtendedData>
      <Point><coordinates>-57.6200104103563,-25.2806179454584</coordinates></Point>
  </Placemark>
</Folder>
</Document></kml>
